{
  "n_eval": 600,
  "elapsed": 313.01397438603453,
  "f1_raw": 0.21043809000001137,
  "acc_raw": 0.255,
  "f1_norm": 0.21043809000001137,
  "acc_norm": 0.255,
  "confusion_matrix_raw": [
    [
      75,
      31,
      41,
      3
    ],
    [
      100,
      27,
      65,
      8
    ],
    [
      73,
      23,
      49,
      5
    ],
    [
      44,
      20,
      34,
      2
    ]
  ],
  "preds_raw": [
    0,
    1,
    0,
    3,
    2,
    0,
    0,
    2,
    3,
    2,
    0,
    2,
    0,
    2,
    0,
    1,
    0,
    0,
    2,
    2,
    0,
    0,
    0,
    2,
    0,
    1,
    2,
    0,
    2,
    0,
    2,
    1,
    0,
    0,
    2,
    0,
    2,
    0,
    0,
    0,
    2,
    1,
    0,
    2,
    2,
    0,
    1,
    2,
    1,
    2,
    2,
    0,
    0,
    2,
    1,
    2,
    2,
    0,
    2,
    0,
    0,
    0,
    2,
    0,
    1,
    1,
    0,
    0,
    0,
    0,
    0,
    2,
    1,
    0,
    0,
    0,
    2,
    2,
    1,
    0,
    0,
    2,
    0,
    1,
    0,
    0,
    1,
    0,
    0,
    3,
    0,
    0,
    0,
    0,
    1,
    1,
    0,
    0,
    0,
    2,
    2,
    2,
    1,
    2,
    1,
    0,
    0,
    1,
    2,
    3,
    0,
    0,
    0,
    0,
    2,
    2,
    0,
    2,
    0,
    1,
    0,
    1,
    0,
    0,
    1,
    0,
    0,
    0,
    2,
    2,
    0,
    0,
    0,
    0,
    0,
    0,
    2,
    2,
    2,
    0,
    2,
    3,
    1,
    0,
    0,
    1,
    0,
    0,
    2,
    0,
    0,
    2,
    0,
    1,
    0,
    1,
    2,
    2,
    1,
    0,
    0,
    0,
    0,
    0,
    1,
    2,
    2,
    1,
    2,
    0,
    0,
    2,
    0,
    0,
    2,
    0,
    2,
    0,
    1,
    3,
    2,
    2,
    0,
    2,
    0,
    0,
    2,
    2,
    2,
    1,
    0,
    0,
    1,
    1,
    2,
    2,
    0,
    2,
    2,
    0,
    2,
    1,
    2,
    0,
    0,
    2,
    0,
    2,
    0,
    3,
    2,
    1,
    1,
    0,
    1,
    0,
    0,
    2,
    0,
    0,
    0,
    0,
    0,
    0,
    0,
    0,
    2,
    1,
    0,
    0,
    3,
    0,
    2,
    2,
    2,
    0,
    0,
    0,
    0,
    2,
    0,
    0,
    0,
    0,
    2,
    0,
    0,
    0,
    2,
    2,
    2,
    1,
    2,
    0,
    2,
    0,
    0,
    0,
    0,
    0,
    0,
    3,
    2,
    3,
    0,
    3,
    2,
    2,
    1,
    2,
    2,
    0,
    1,
    1,
    2,
    0,
    0,
    0,
    0,
    0,
    0,
    2,
    2,
    1,
    0,
    1,
    0,
    2,
    0,
    2,
    1,
    1,
    0,
    0,
    0,
    1,
    0,
    2,
    0,
    2,
    2,
    2,
    0,
    0,
    2,
    2,
    2,
    1,
    2,
    0,
    0,
    0,
    2,
    0,
    0,
    0,
    2,
    2,
    0,
    1,
    0,
    1,
    0,
    2,
    2,
    0,
    2,
    2,
    0,
    3,
    0,
    2,
    0,
    1,
    1,
    2,
    1,
    0,
    0,
    2,
    1,
    0,
    0,
    2,
    3,
    2,
    1,
    2,
    0,
    3,
    0,
    3,
    2,
    2,
    0,
    0,
    2,
    0,
    0,
    1,
    0,
    1,
    2,
    0,
    2,
    1,
    0,
    0,
    1,
    0,
    0,
    0,
    2,
    1,
    1,
    0,
    1,
    2,
    2,
    1,
    1,
    1,
    2,
    0,
    2,
    0,
    2,
    1,
    0,
    0,
    3,
    0,
    2,
    1,
    2,
    0,
    2,
    2,
    0,
    0,
    2,
    3,
    1,
    2,
    0,
    0,
    1,
    2,
    1,
    0,
    2,
    0,
    2,
    0,
    0,
    2,
    2,
    2,
    0,
    2,
    2,
    0,
    2,
    0,
    0,
    1,
    0,
    0,
    0,
    0,
    0,
    3,
    0,
    0,
    2,
    2,
    2,
    0,
    0,
    2,
    0,
    0,
    0,
    1,
    0,
    0,
    0,
    1,
    0,
    0,
    0,
    2,
    0,
    2,
    0,
    0,
    1,
    2,
    0,
    2,
    0,
    0,
    0,
    0,
    0,
    1,
    2,
    1,
    2,
    2,
    0,
    1,
    2,
    2,
    0,
    0,
    2,
    1,
    0,
    0,
    2,
    0,
    2,
    0,
    0,
    1,
    1,
    0,
    2,
    0,
    2,
    0,
    0,
    0,
    2,
    0,
    1,
    0,
    0,
    0,
    2,
    2,
    0,
    1,
    0,
    2,
    1,
    2,
    0,
    2,
    0,
    1,
    0,
    2,
    2,
    2,
    0,
    2,
    0,
    0,
    0,
    0,
    0,
    2,
    0,
    0,
    0,
    0,
    0,
    1,
    2,
    0,
    0,
    0,
    0,
    2,
    2,
    0,
    1,
    1,
    1,
    0,
    1,
    2,
    2,
    0,
    1,
    1,
    2,
    1,
    2,
    2,
    0,
    0,
    2,
    2,
    0,
    0,
    0,
    2,
    2,
    2,
    0,
    2,
    0,
    0,
    0,
    0,
    1,
    0,
    0,
    2,
    1,
    2,
    0,
    2,
    1,
    1,
    0,
    0,
    2,
    0,
    0,
    0,
    2,
    2,
    2,
    1,
    0,
    1,
    1,
    2,
    1,
    0,
    0,
    0,
    1,
    2,
    0,
    2
  ],