{
  "n_eval": 600,
  "elapsed": 198.958222485031,
  "f1_raw": 0.22132618979104923,
  "acc_raw": 0.23,
  "f1_norm": 0.22132618979104923,
  "acc_norm": 0.23,
  "confusion_matrix_raw": [
    [
      59,
      19,
      32,
      40
    ],
    [
      75,
      30,
      44,
      51
    ],
    [
      74,
      15,
      27,
      34
    ],
    [
      39,
      16,
      23,
      22
    ]
  ],
  "preds_raw": [
    0,
    0,
    0,
    0,
    3,
    0,
    2,
    0,
    0,
    3,
    3,
    0,
    0,
    0,
    1,
    3,
    3,
    0,
    2,
    1,
    3,
    1,
    2,
    2,
    0,
    0,
    1,
    3,
    3,
    2,
    3,
    2,
    3,
    2,
    2,
    0,
    1,
    0,
    0,
    3,
    0,
    0,
    3,
    1,
    0,
    0,
    2,
    2,
    3,
    3,
    0,
    2,
    2,
    0,
    0,
    3,
    1,
    0,
    1,
    0,
    3,
    2,
    0,
    1,
    0,
    1,
    0,
    3,
    0,
    0,
    3,
    2,
    0,
    3,
    3,
    0,
    3,
    1,
    3,
    1,
    3,
    2,
    3,
    0,
    0,
    2,
    2,
    2,
    0,
    0,
    0,
    0,
    1,
    2,
    2,
    0,
    3,
    1,
    3,
    0,
    2,
    2,
    3,
    0,
    0,
    2,
    1,
    0,
    2,
    2,
    0,
    0,
    1,
    3,
    1,
    1,
    0,
    0,
    0,
    3,
    1,
    1,
    0,
    2,
    0,
    3,
    2,
    0,
    2,
    2,
    0,
    0,
    0,
    0,
    0,
    3,
    0,
    3,
    2,
    0,
    1,
    0,
    3,
    0,
    2,
    0,
    3,
    1,
    0,
    2,
    0,
    3,
    1,
    3,
    0,
    0,
    1,
    2,
    0,
    1,
    2,
    0,
    3,
    2,
    2,
    2,
    0,
    3,
    2,
    3,
    3,
    1,
    2,
    0,
    1,
    3,
    1,
    0,
    3,
    2,
    3,
    2,
    2,
    3,
    3,
    0,
    0,
    3,
    1,
    0,
    2,
    1,
    0,
    0,
    3,
    2,
    2,
    0,
    2,
    0,
    0,
    2,
    1,
    3,
    0,
    0,
    1,
    3,
    1,
    0,
    1,
    3,
    0,
    3,
    0,
    1,
    0,
    0,
    3,
    0,
    1,
    0,
    1,
    3,
    0,
    0,
    3,
    3,
    3,
    2,
    0,
    0,
    0,
    0,
    3,
    3,
    0,
    2,
    0,
    0,
    3,
    0,
    3,
    0,
    0,
    3,
    3,
    3,
    1,
    1,
    2,
    0,
    3,
    2,
    3,
    0,
    0,
    2,
    2,
    3,
    1,
    2,
    3,
    0,
    0,
    0,
    2,
    2,
    1,
    0,
    2,
    3,
    3,
    0,
    1,
    2,
    0,
    3,
    3,
    2,
    2,
    3,
    0,
    1,
    1,
    0,
    3,
    1,
    0,
    0,
    0,
    0,
    2,
    0,
    0,
    0,
    0,
    2,
    0,
    0,
    3,
    2,
    2,
    2,
    3,
    2,
    2,
    0,
    1,
    0,
    2,
    3,
    3,
    3,
    0,
    2,
    0,
    1,
    2,
    0,
    0,
    2,
    0,
    3,
    2,
    0,
    2,
    2,
    3,
    2,
    0,
    1,
    0,
    2,
    2,
    0,
    0,
    3,
    0,
    0,
    0,
    2,
    0,
    2,
    2,
    0,
    0,
    0,
    0,
    0,
    3,
    2,
    0,
    2,
    0,
    1,
    0,
    0,
    0,
    0,
    3,
    0,
    1,
    2,
    0,
    0,
    3,
    3,
    3,
    3,
    0,
    3,
    3,
    0,
    0,
    1,
    0,
    3,
    3,
    0,
    3,
    3,
    0,
    3,
    3,
    3,
    0,
    2,
    0,
    1,
    0,
    3,
    0,
    0,
    0,
    0,
    2,
    2,
    0,
    0,
    3,
    0,
    0,
    0,
    0,
    0,
    2,
    0,
    0,
    0,
    1,
    0,
    3,
    0,
    0,
    2,
    3,
    3,
    1,
    0,
    1,
    0,
    0,
    0,
    1,
    0,
    0,
    0,
    0,
    3,
    0,
    2,
    3,
    0,
    2,
    1,
    2,
    2,
    0,
    0,
    0,
    3,
    0,
    0,
    2,
    3,
    0,
    0,
    2,
    2,
    1,
    2,
    3,
    1,
    2,
    2,
    0,
    1,
    1,
    0,
    3,
    0,
    0,
    1,
    2,
    3,
    0,
    2,
    2,
    0,
    2,
    2,
    3,
    3,
    0,
    3,
    0,
    2,
    2,
    3,
    2,
    3,
    1,
    3,
    1,
    2,
    3,
    0,
    3,
    0,
    1,
    0,
    1,
    3,
    3,
    3,
    3,
    2,
    0,
    3,
    0,
    0,
    3,
    0,
    3,
    3,
    2,
    3,
    1,
    3,
    2,
    0,
    2,
    3,
    1,
    0,
    0,
    1,
    2,
    3,
    0,
    1,
    0,
    0,
    1,
    2,
    0,
    0,
    0,
    0,
    0,
    3,
    2,
    0,
    2,
    1,
    1,
    3,
    3,
    0,
    1,
    3,
    0,
    0,
    0,
    2,
    3,
    0,
    2,
    3,
    2,
    0,
    3,
    0,
    3,
    2,
    3,
    0,
    3,
    2,
    2,
    0,
    0,
    1,
    2,
    3,
    0,
    0,
    0,
    0,
    0,
    0,
    3,
    3,
    0,
    1,
    1,
    0,
    0,
    0,
    3,
    3,
    0,
    0,
    2,
    0,
    2,
    3,
    3,
    0,
    0,
    1,
    3,
    1,
    1,
    0,
    2,
    0,
    2,
    3
  ],