{
  "n_eval": 600,
  "elapsed": 215.6061400519684,
  "f1_raw": 0.2318099609099721,
  "acc_raw": 0.23666666666666666,
  "f1_norm": 0.2318099609099721,
  "acc_norm": 0.23666666666666666,
  "confusion_matrix_raw": [
    [
      53,
      17,
      25,
      55
    ],
    [
      66,
      26,
      42,
      66
    ],
    [
      60,
      13,
      27,
      50
    ],
    [
      32,
      18,
      14,
      36
    ]
  ],
  "preds_raw": [
    2,
    0,
    0,
    2,
    3,
    1,
    2,
    0,
    1,
    3,
    3,
    2,
    0,
    0,
    1,
    3,
    3,
    3,
    3,
    3,
    2,
    3,
    2,
    2,
    0,
    2,
    1,
    3,
    3,
    2,
    3,
    0,
    3,
    2,
    2,
    2,
    1,
    0,
    0,
    1,
    0,
    0,
    3,
    1,
    0,
    0,
    3,
    0,
    3,
    3,
    0,
    3,
    2,
    0,
    0,
    3,
    1,
    3,
    3,
    0,
    3,
    2,
    0,
    1,
    2,
    3,
    1,
    3,
    0,
    2,
    3,
    3,
    0,
    3,
    3,
    0,
    3,
    0,
    3,
    0,
    3,
    2,
    3,
    1,
    0,
    2,
    2,
    0,
    0,
    0,
    0,
    0,
    1,
    1,
    2,
    0,
    3,
    2,
    3,
    0,
    2,
    1,
    0,
    0,
    3,
    3,
    3,
    0,
    3,
    2,
    0,
    0,
    1,
    0,
    3,
    3,
    3,
    0,
    3,
    3,
    1,
    3,
    0,
    2,
    0,
    3,
    2,
    3,
    3,
    2,
    0,
    1,
    3,
    0,
    0,
    1,
    0,
    3,
    2,
    2,
    1,
    0,
    3,
    0,
    2,
    0,
    0,
    1,
    0,
    2,
    3,
    3,
    3,
    3,
    3,
    0,
    0,
    2,
    2,
    0,
    3,
    0,
    3,
    2,
    2,
    2,
    0,
    2,
    0,
    1,
    3,
    0,
    1,
    3,
    1,
    3,
    1,
    0,
    3,
    2,
    3,
    2,
    2,
    3,
    3,
    0,
    0,
    3,
    1,
    0,
    2,
    1,
    0,
    3,
    3,
    1,
    2,
    1,
    2,
    1,
    0,
    2,
    1,
    3,
    0,
    1,
    1,
    0,
    1,
    3,
    0,
    3,
    1,
    0,
    2,
    3,
    2,
    0,
    0,
    0,
    1,
    0,
    3,
    3,
    2,
    0,
    0,
    3,
    2,
    0,
    0,
    3,
    2,
    0,
    3,
    3,
    0,
    2,
    0,
    0,
    3,
    0,
    3,
    3,
    2,
    3,
    3,
    3,
    0,
    1,
    2,
    2,
    3,
    2,
    3,
    3,
    0,
    0,
    2,
    3,
    1,
    2,
    3,
    0,
    2,
    0,
    0,
    3,
    3,
    0,
    2,
    3,
    3,
    3,
    1,
    2,
    1,
    3,
    3,
    3,
    2,
    3,
    0,
    2,
    0,
    0,
    3,
    0,
    2,
    0,
    3,
    3,
    2,
    3,
    0,
    0,
    0,
    0,
    0,
    3,
    1,
    2,
    2,
    0,
    0,
    0,
    0,
    0,
    3,
    1,
    0,
    3,
    3,
    3,
    2,
    2,
    3,
    0,
    0,
    0,
    0,
    2,
    0,
    1,
    3,
    3,
    0,
    1,
    2,
    0,
    0,
    0,
    0,
    2,
    3,
    1,
    0,
    1,
    1,
    3,
    0,
    0,
    0,
    3,
    0,
    1,
    0,
    3,
    0,
    3,
    3,
    2,
    3,
    2,
    0,
    3,
    0,
    3,
    0,
    0,
    3,
    0,
    1,
    2,
    0,
    0,
    3,
    3,
    0,
    3,
    0,
    3,
    3,
    1,
    2,
    0,
    1,
    0,
    3,
    0,
    1,
    3,
    0,
    1,
    1,
    2,
    0,
    1,
    0,
    3,
    0,
    3,
    3,
    0,
    0,
    3,
    2,
    2,
    0,
    3,
    3,
    0,
    2,
    0,
    0,
    0,
    2,
    3,
    0,
    0,
    1,
    0,
    0,
    0,
    0,
    3,
    3,
    3,
    2,
    3,
    3,
    0,
    3,
    0,
    0,
    0,
    2,
    0,
    0,
    1,
    3,
    2,
    3,
    3,
    2,
    3,
    2,
    0,
    0,
    0,
    0,
    3,
    1,
    1,
    3,
    3,
    3,
    0,
    0,
    0,
    1,
    2,
    3,
    3,
    3,
    2,
    1,
    0,
    3,
    0,
    3,
    0,
    0,
    3,
    2,
    0,
    0,
    3,
    2,
    3,
    0,
    0,
    3,
    3,
    2,
    3,
    1,
    2,
    0,
    0,
    2,
    3,
    2,
    3,
    0,
    0,
    0,
    3,
    3,
    0,
    1,
    0,
    0,
    0,
    1,
    0,
    0,
    3,
    0,
    3,
    0,
    2,
    3,
    0,
    3,
    3,
    2,
    2,
    0,
    3,
    3,
    1,
    2,
    3,
    1,
    2,
    0,
    3,
    0,
    3,
    0,
    1,
    0,
    0,
    1,
    2,
    0,
    0,
    3,
    3,
    1,
    3,
    2,
    0,
    2,
    1,
    3,
    3,
    3,
    0,
    1,
    3,
    1,
    0,
    3,
    2,
    3,
    0,
    1,
    2,
    0,
    0,
    3,
    3,
    3,
    3,
    3,
    2,
    3,
    2,
    3,
    0,
    3,
    0,
    3,
    3,
    0,
    2,
    0,
    0,
    3,
    3,
    3,
    3,
    0,
    1,
    3,
    3,
    3,
    0,
    3,
    3,
    3,
    2,
    2,
    0,
    2,
    0,
    3,
    0,
    0,
    3,
    3,
    1,
    3,
    0,
    2,
    0,
    3,
    3
  ],