{
  "n_eval": 600,
  "elapsed": 466.90793600294273,
  "f1_raw": 0.25270627916162164,
  "acc_raw": 0.28,
  "f1_norm": 0.25270627916162164,
  "acc_norm": 0.28,
  "confusion_matrix_raw": [
    [
      63,
      16,
      52,
      19
    ],
    [
      79,
      37,
      70,
      14
    ],
    [
      54,
      19,
      60,
      17
    ],
    [
      26,
      22,
      44,
      8
    ]
  ],
  "preds_raw": [
    3,
    2,
    2,
    2,
    3,
    1,
    2,
    2,
    1,
    3,
    2,
    2,
    0,
    2,
    0,
    1,
    3,
    0,
    0,
    3,
    2,
    0,
    0,
    2,
    1,
    2,
    0,
    2,
    0,
    2,
    0,
    0,
    2,
    0,
    0,
    0,
    2,
    0,
    0,
    0,
    2,
    1,
    0,
    0,
    0,
    0,
    0,
    2,
    0,
    0,
    3,
    3,
    1,
    0,
    0,
    2,
    0,
    1,
    3,
    1,
    2,
    2,
    0,
    0,
    2,
    2,
    2,
    0,
    0,
    1,
    2,
    0,
    0,
    1,
    3,
    2,
    2,
    0,
    0,
    2,
    2,
    3,
    1,
    3,
    1,
    2,
    1,
    0,
    2,
    1,
    1,
    0,
    3,
    0,
    0,
    0,
    1,
    2,
    1,
    1,
    0,
    0,
    0,
    0,
    3,
    0,
    2,
    2,
    1,
    2,
    0,
    0,
    2,
    0,
    3,
    1,
    2,
    2,
    2,
    1,
    2,
    0,
    0,
    0,
    2,
    0,
    0,
    0,
    2,
    2,
    0,
    0,
    1,
    0,
    0,
    0,
    2,
    1,
    0,
    2,
    0,
    2,
    0,
    2,
    2,
    1,
    2,
    1,
    0,
    0,
    2,
    0,
    0,
    0,
    1,
    0,
    1,
    1,
    0,
    3,
    2,
    2,
    0,
    0,
    0,
    2,
    0,
    2,
    0,
    1,
    2,
    2,
    1,
    0,
    2,
    2,
    2,
    0,
    0,
    0,
    0,
    1,
    2,
    2,
    3,
    3,
    1,
    1,
    2,
    1,
    2,
    2,
    2,
    2,
    2,
    0,
    2,
    2,
    0,
    1,
    1,
    2,
    2,
    0,
    2,
    2,
    2,
    0,
    0,
    3,
    0,
    0,
    1,
    1,
    1,
    3,
    2,
    1,
    0,
    2,
    0,
    2,
    2,
    1,
    3,
    1,
    0,
    2,
    0,
    0,
    2,
    2,
    2,
    2,
    2,
    0,
    2,
    2,
    2,
    2,
    2,
    0,
    0,
    0,
    0,
    1,
    2,
    2,
    1,
    0,
    0,
    0,
    2,
    0,
    0,
    1,
    1,
    2,
    0,
    0,
    2,
    2,
    2,
    1,
    2,
    0,
    0,
    2,
    0,
    1,
    2,
    2,
    2,
    0,
    2,
    2,
    3,
    2,
    2,
    0,
    0,
    0,
    2,
    3,
    0,
    2,
    0,
    2,
    0,
    1,
    0,
    2,
    0,
    0,
    2,
    0,
    2,
    2,
    0,
    0,
    0,
    0,
    2,
    3,
    2,
    2,
    2,
    3,
    1,
    0,
    1,
    2,
    2,
    2,
    3,
    0,
    2,
    2,
    0,
    2,
    2,
    2,
    1,
    3,
    0,
    0,
    1,
    2,
    3,
    1,
    3,
    3,
    0,
    2,
    2,
    0,
    2,
    2,
    0,
    2,
    0,
    1,
    2,
    2,
    0,
    2,
    0,
    2,
    0,
    3,
    2,
    0,
    0,
    2,
    3,
    2,
    0,
    1,
    1,
    2,
    0,
    2,
    2,
    1,
    2,
    2,
    0,
    0,
    3,
    2,
    0,
    2,
    2,
    1,
    1,
    2,
    2,
    2,
    2,
    0,
    2,
    0,
    0,
    2,
    2,
    2,
    0,
    1,
    3,
    2,
    0,
    0,
    2,
    1,
    2,
    2,
    0,
    0,
    0,
    0,
    3,
    1,
    1,
    0,
    2,
    1,
    2,
    2,
    2,
    0,
    2,
    2,
    0,
    2,
    0,
    0,
    3,
    1,
    0,
    2,
    1,
    3,
    0,
    0,
    2,
    0,
    0,
    2,
    1,
    2,
    1,
    2,
    3,
    2,
    2,
    1,
    2,
    2,
    2,
    0,
    0,
    2,
    2,
    2,
    2,
    0,
    0,
    3,
    3,
    0,
    1,
    2,
    0,
    0,
    3,
    0,
    2,
    1,
    3,
    2,
    3,
    0,
    2,
    3,
    2,
    0,
    1,
    0,
    2,
    2,
    0,
    3,
    2,
    2,
    3,
    3,
    2,
    3,
    2,
    0,
    1,
    0,
    0,
    0,
    2,
    0,
    2,
    2,
    0,
    1,
    2,
    2,
    0,
    2,
    0,
    2,
    1,
    0,
    0,
    2,
    0,
    2,
    2,
    2,
    1,
    0,
    0,
    1,
    1,
    0,
    3,
    2,
    2,
    0,
    0,
    2,
    2,
    0,
    0,
    0,
    1,
    2,
    0,
    0,
    1,
    1,
    0,
    2,
    2,
    0,
    0,
    2,
    2,
    3,
    1,
    0,
    2,
    1,
    0,
    2,
    2,
    0,
    0,
    0,
    0,
    2,
    2,
    0,
    1,
    1,
    0,
    0,
    3,
    0,
    0,
    1,
    0,
    0,
    1,
    3,
    2,
    2,
    1,
    0,
    0,
    2,
    3,
    3,
    0,
    3,
    2,
    0,
    0,
    2,
    3,
    2,
    1,
    1,
    0,
    0,
    2,
    2,
    1,
    3,
    2,
    2,
    0,
    2,
    0,
    0,
    0,
    0,
    3,
    0,
    3,
    1,
    2,
    0,
    1,
    2
  ],