{
  "n_eval": 600,
  "elapsed": 174.69238499505445,
  "f1_raw": 0.2448847903969022,
  "acc_raw": 0.2683333333333333,
  "f1_norm": 0.2448847903969022,
  "acc_norm": 0.2683333333333333,
  "confusion_matrix_raw": [
    [
      76,
      14,
      40,
      20
    ],
    [
      88,
      32,
      57,
      23
    ],
    [
      77,
      17,
      41,
      15
    ],
    [
      45,
      18,
      25,
      12
    ]
  ],
  "preds_raw": [
    0,
    0,
    1,
    0,
    2,
    1,
    0,
    0,
    1,
    0,
    1,
    3,
    0,
    0,
    2,
    2,
    0,
    2,
    0,
    0,
    2,
    2,
    0,
    2,
    1,
    0,
    2,
    0,
    2,
    0,
    0,
    0,
    0,
    1,
    0,
    2,
    0,
    2,
    2,
    1,
    0,
    2,
    3,
    0,
    0,
    3,
    0,
    0,
    2,
    1,
    0,
    2,
    3,
    3,
    0,
    0,
    0,
    0,
    2,
    0,
    2,
    2,
    0,
    0,
    2,
    1,
    0,
    2,
    3,
    2,
    3,
    2,
    0,
    3,
    1,
    2,
    0,
    2,
    0,
    1,
    2,
    0,
    0,
    0,
    0,
    0,
    2,
    2,
    2,
    1,
    0,
    0,
    0,
    0,
    3,
    0,
    0,
    0,
    0,
    0,
    3,
    0,
    0,
    2,
    0,
    0,
    0,
    3,
    0,
    2,
    2,
    3,
    3,
    0,
    2,
    0,
    0,
    0,
    0,
    0,
    0,
    1,
    3,
    2,
    0,
    0,
    0,
    0,
    1,
    2,
    2,
    3,
    3,
    0,
    0,
    0,
    0,
    3,
    2,
    0,
    3,
    0,
    1,
    0,
    3,
    2,
    2,
    0,
    2,
    0,
    2,
    0,
    1,
    0,
    0,
    0,
    2,
    3,
    0,
    0,
    2,
    0,
    0,
    0,
    2,
    0,
    0,
    0,
    1,
    2,
    0,
    0,
    3,
    1,
    0,
    0,
    1,
    2,
    0,
    0,
    2,
    2,
    0,
    0,
    2,
    0,
    2,
    0,
    2,
    3,
    1,
    0,
    3,
    1,
    0,
    3,
    0,
    2,
    0,
    2,
    0,
    0,
    2,
    2,
    3,
    0,
    3,
    2,
    0,
    3,
    2,
    2,
    0,
    2,
    2,
    2,
    2,
    0,
    0,
    0,
    0,
    2,
    2,
    0,
    0,
    0,
    0,
    2,
    0,
    0,
    1,
    0,
    2,
    0,
    0,
    0,
    0,
    0,
    0,
    0,
    1,
    2,
    2,
    1,
    3,
    1,
    2,
    2,
    2,
    3,
    0,
    1,
    0,
    1,
    2,
    2,
    0,
    0,
    0,
    2,
    2,
    0,
    2,
    0,
    0,
    1,
    2,
    2,
    3,
    0,
    2,
    0,
    0,
    2,
    0,
    0,
    0,
    0,
    0,
    0,
    0,
    0,
    0,
    0,
    0,
    0,
    2,
    0,
    1,
    1,
    2,
    0,
    0,
    0,
    1,
    3,
    1,
    2,
    3,
    1,
    2,
    0,
    0,
    1,
    3,
    0,
    2,
    0,
    1,
    0,
    0,
    0,
    0,
    0,
    0,
    0,
    2,
    0,
    2,
    2,
    2,
    2,
    0,
    0,
    0,
    0,
    0,
    3,
    3,
    0,
    0,
    2,
    0,
    1,
    2,
    2,
    0,
    2,
    3,
    0,
    0,
    0,
    0,
    0,
    0,
    1,
    3,
    1,
    2,
    2,
    2,
    2,
    2,
    0,
    0,
    2,
    2,
    2,
    0,
    0,
    2,
    0,
    1,
    0,
    2,
    0,
    2,
    2,
    2,
    0,
    0,
    2,
    0,
    2,
    0,
    0,
    0,
    1,
    2,
    0,
    0,
    2,
    3,
    0,
    1,
    0,
    2,
    2,
    0,
    2,
    2,
    3,
    3,
    0,
    0,
    0,
    0,
    0,
    0,
    2,
    3,
    0,
    2,
    3,
    0,
    2,
    3,
    3,
    1,
    0,
    0,
    3,
    0,
    3,
    1,
    2,
    0,
    2,
    0,
    0,
    3,
    0,
    0,
    2,
    1,
    0,
    2,
    2,
    2,
    2,
    1,
    1,
    2,
    3,
    1,
    1,
    3,
    1,
    0,
    0,
    3,
    1,
    3,
    1,
    2,
    2,
    2,
    2,
    2,
    0,
    2,
    0,
    1,
    2,
    3,
    0,
    1,
    0,
    0,
    1,
    2,
    1,
    0,
    2,
    0,
    3,
    1,
    0,
    0,
    1,
    0,
    2,
    2,
    0,
    0,
    0,
    2,
    1,
    3,
    0,
    1,
    0,
    1,
    2,
    3,
    0,
    0,
    2,
    3,
    0,
    3,
    0,
    1,
    0,
    2,
    0,
    0,
    1,
    1,
    1,
    1,
    2,
    0,
    0,
    0,
    0,
    0,
    0,
    2,
    0,
    0,
    2,
    2,
    2,
    2,
    3,
    0,
    3,
    3,
    2,
    0,
    3,
    0,
    0,
    3,
    0,
    1,
    0,
    1,
    1,
    2,
    0,
    0,
    3,
    2,
    3,
    2,
    0,
    0,
    3,
    0,
    2,
    0,
    0,
    0,
    2,
    0,
    2,
    0,
    0,
    1,
    1,
    1,
    2,
    3,
    2,
    0,
    0,
    0,
    0,
    2,
    0,
    0,
    0,
    0,
    2,
    0,
    0,
    2,
    2,
    0,
    1,
    0,
    1,
    0,
    0,
    2,
    1,
    1,
    1,
    2,
    1,
    0,
    0,
    1,
    3,
    0,
    1,
    2,
    3,
    2,
    0,
    0,
    1,
    0,
    0,
    3,
    0,
    3,
    1
  ],