{
  "n_eval": 600,
  "elapsed": 519.2142913459102,
  "f1_raw": 0.21946900734507657,
  "acc_raw": 0.23333333333333334,
  "f1_norm": 0.21946900734507657,
  "acc_norm": 0.23333333333333334,
  "confusion_matrix_raw": [
    [
      41,
      22,
      73,
      14
    ],
    [
      62,
      25,
      96,
      17
    ],
    [
      52,
      14,
      60,
      24
    ],
    [
      23,
      16,
      47,
      14
    ]
  ],
  "preds_raw": [
    3,
    2,
    3,
    2,
    1,
    1,
    1,
    2,
    3,
    1,
    0,
    2,
    0,
    2,
    0,
    0,
    3,
    0,
    1,
    3,
    0,
    0,
    0,
    2,
    2,
    2,
    2,
    0,
    0,
    2,
    2,
    1,
    2,
    0,
    1,
    2,
    2,
    1,
    0,
    2,
    2,
    0,
    1,
    0,
    0,
    2,
    2,
    1,
    2,
    0,
    2,
    0,
    2,
    2,
    2,
    3,
    2,
    2,
    0,
    1,
    2,
    0,
    0,
    0,
    1,
    2,
    2,
    2,
    2,
    0,
    2,
    0,
    1,
    1,
    3,
    1,
    2,
    3,
    2,
    2,
    2,
    3,
    3,
    0,
    0,
    2,
    3,
    0,
    0,
    3,
    0,
    0,
    0,
    2,
    2,
    2,
    1,
    2,
    1,
    2,
    2,
    2,
    0,
    0,
    3,
    2,
    2,
    1,
    3,
    2,
    0,
    1,
    2,
    3,
    0,
    2,
    2,
    2,
    2,
    1,
    2,
    1,
    1,
    2,
    1,
    0,
    0,
    3,
    2,
    2,
    2,
    2,
    3,
    2,
    2,
    0,
    2,
    2,
    0,
    2,
    1,
    1,
    2,
    1,
    2,
    2,
    2,
    0,
    0,
    0,
    2,
    0,
    2,
    2,
    2,
    3,
    0,
    0,
    0,
    0,
    2,
    1,
    0,
    2,
    2,
    2,
    0,
    3,
    2,
    3,
    3,
    2,
    3,
    0,
    2,
    2,
    1,
    2,
    2,
    2,
    2,
    3,
    1,
    3,
    2,
    3,
    3,
    2,
    2,
    2,
    2,
    3,
    2,
    2,
    2,
    0,
    2,
    2,
    0,
    1,
    0,
    1,
    2,
    2,
    2,
    2,
    1,
    0,
    3,
    0,
    2,
    0,
    0,
    2,
    0,
    2,
    2,
    1,
    0,
    2,
    0,
    2,
    2,
    3,
    0,
    0,
    0,
    2,
    2,
    0,
    0,
    2,
    0,
    2,
    2,
    0,
    2,
    2,
    0,
    2,
    2,
    0,
    0,
    0,
    2,
    0,
    0,
    2,
    0,
    2,
    2,
    1,
    2,
    2,
    0,
    0,
    0,
    2,
    2,
    0,
    2,
    2,
    0,
    2,
    2,
    2,
    2,
    0,
    1,
    0,
    2,
    2,
    0,
    3,
    2,
    0,
    2,
    2,
    2,
    0,
    0,
    0,
    2,
    0,
    0,
    1,
    3,
    2,
    2,
    1,
    2,
    0,
    2,
    2,
    1,
    2,
    2,
    1,
    2,
    2,
    0,
    2,
    2,
    0,
    2,
    1,
    2,
    0,
    2,
    1,
    1,
    0,
    2,
    0,
    3,
    2,
    2,
    1,
    2,
    2,
    0,
    2,
    2,
    0,
    3,
    2,
    2,
    1,
    2,
    1,
    3,
    0,
    0,
    2,
    2,
    2,
    2,
    2,
    2,
    2,
    2,
    3,
    1,
    2,
    0,
    1,
    0,
    2,
    0,
    0,
    2,
    3,
    2,
    2,
    0,
    2,
    2,
    0,
    3,
    2,
    2,
    2,
    2,
    0,
    2,
    2,
    3,
    0,
    2,
    2,
    0,
    2,
    2,
    3,
    2,
    2,
    1,
    2,
    2,
    2,
    0,
    0,
    2,
    2,
    2,
    3,
    2,
    0,
    3,
    0,
    2,
    0,
    2,
    1,
    1,
    2,
    0,
    0,
    0,
    1,
    3,
    2,
    2,
    2,
    2,
    3,
    2,
    1,
    2,
    0,
    1,
    0,
    0,
    0,
    0,
    0,
    3,
    0,
    2,
    0,
    2,
    3,
    0,
    0,
    2,
    2,
    1,
    2,
    3,
    2,
    3,
    2,
    0,
    2,
    2,
    1,
    2,
    2,
    0,
    2,
    2,
    2,
    2,
    2,
    2,
    0,
    0,
    0,
    3,
    2,
    2,
    1,
    2,
    0,
    0,
    0,
    2,
    0,
    2,
    2,
    0,
    0,
    1,
    0,
    2,
    0,
    3,
    0,
    1,
    2,
    1,
    1,
    1,
    2,
    3,
    3,
    0,
    3,
    1,
    3,
    3,
    0,
    2,
    0,
    2,
    0,
    0,
    2,
    2,
    2,
    1,
    0,
    0,
    1,
    0,
    3,
    2,
    0,
    0,
    3,
    2,
    2,
    2,
    0,
    1,
    0,
    2,
    0,
    2,
    2,
    2,
    1,
    2,
    0,
    0,
    2,
    3,
    2,
    2,
    0,
    2,
    2,
    0,
    0,
    3,
    3,
    0,
    2,
    2,
    2,
    2,
    3,
    2,
    0,
    1,
    1,
    0,
    2,
    0,
    1,
    1,
    0,
    0,
    0,
    2,
    2,
    1,
    0,
    2,
    1,
    2,
    0,
    3,
    0,
    0,
    0,
    2,
    2,
    3,
    3,
    1,
    0,
    1,
    0,
    2,
    3,
    0,
    2,
    2,
    0,
    3,
    2,
    0,
    2,
    3,
    2,
    3,
    0,
    2,
    2,
    2,
    2,
    0,
    3,
    1,
    2,
    1,
    1,
    2,
    0,
    2,
    0,
    2,
    2,
    3,
    2,
    2,
    0,
    2,
    2
  ],