{
  "n_eval": 600,
  "elapsed": 312.9623735420173,
  "f1_raw": 0.21943041312588618,
  "acc_raw": 0.26166666666666666,
  "f1_norm": 0.21943041312588618,
  "acc_norm": 0.26166666666666666,
  "confusion_matrix_raw": [
    [
      74,
      42,
      28,
      6
    ],
    [
      93,
      44,
      55,
      8
    ],
    [
      76,
      29,
      37,
      8
    ],
    [
      41,
      32,
      25,
      2
    ]
  ],
  "preds_raw": [
    0,
    1,
    0,
    1,
    2,
    0,
    0,
    2,
    3,
    2,
    0,
    3,
    0,
    1,
    0,
    2,
    0,
    0,
    1,
    2,
    0,
    0,
    2,
    2,
    0,
    1,
    1,
    1,
    2,
    0,
    2,
    0,
    0,
    0,
    2,
    0,
    2,
    0,
    0,
    0,
    2,
    1,
    2,
    2,
    2,
    0,
    0,
    2,
    1,
    2,
    0,
    0,
    2,
    2,
    1,
    1,
    2,
    0,
    2,
    0,
    0,
    0,
    3,
    0,
    1,
    1,
    0,
    0,
    0,
    0,
    0,
    1,
    1,
    0,
    0,
    0,
    1,
    2,
    0,
    0,
    0,
    2,
    0,
    1,
    0,
    0,
    0,
    0,
    0,
    3,
    0,
    0,
    0,
    0,
    2,
    1,
    2,
    0,
    1,
    2,
    1,
    1,
    2,
    2,
    1,
    0,
    0,
    1,
    2,
    3,
    0,
    0,
    0,
    0,
    2,
    0,
    0,
    1,
    0,
    1,
    0,
    1,
    1,
    2,
    1,
    1,
    0,
    0,
    2,
    2,
    0,
    0,
    0,
    0,
    0,
    0,
    1,
    1,
    0,
    0,
    1,
    1,
    1,
    0,
    0,
    1,
    0,
    2,
    2,
    0,
    0,
    2,
    0,
    1,
    2,
    1,
    2,
    2,
    2,
    2,
    0,
    0,
    0,
    0,
    1,
    1,
    2,
    2,
    1,
    0,
    2,
    2,
    0,
    0,
    0,
    1,
    2,
    1,
    1,
    3,
    2,
    0,
    0,
    0,
    0,
    0,
    2,
    0,
    2,
    1,
    0,
    1,
    1,
    1,
    2,
    0,
    0,
    2,
    0,
    0,
    2,
    1,
    1,
    0,
    0,
    2,
    2,
    0,
    2,
    2,
    2,
    0,
    1,
    0,
    1,
    0,
    0,
    2,
    0,
    0,
    1,
    0,
    0,
    0,
    0,
    0,
    1,
    1,
    0,
    0,
    3,
    2,
    2,
    1,
    1,
    0,
    0,
    0,
    0,
    1,
    0,
    0,
    0,
    0,
    1,
    0,
    1,
    0,
    2,
    2,
    2,
    1,
    2,
    0,
    2,
    0,
    3,
    0,
    0,
    0,
    0,
    3,
    2,
    3,
    3,
    3,
    0,
    1,
    1,
    2,
    1,
    0,
    0,
    1,
    0,
    0,
    2,
    0,
    0,
    1,
    0,
    2,
    2,
    3,
    0,
    2,
    0,
    2,
    0,
    2,
    1,
    0,
    0,
    0,
    2,
    1,
    1,
    1,
    0,
    1,
    2,
    2,
    0,
    0,
    0,
    2,
    1,
    1,
    1,
    0,
    0,
    0,
    2,
    0,
    0,
    0,
    2,
    1,
    0,
    1,
    0,
    1,
    0,
    1,
    2,
    0,
    2,
    1,
    3,
    3,
    0,
    2,
    0,
    1,
    0,
    2,
    1,
    0,
    0,
    3,
    0,
    0,
    0,
    2,
    3,
    1,
    3,
    1,
    0,
    3,
    0,
    3,
    1,
    2,
    0,
    1,
    2,
    0,
    0,
    1,
    0,
    1,
    1,
    0,
    2,
    1,
    0,
    0,
    1,
    0,
    0,
    0,
    2,
    1,
    1,
    2,
    1,
    1,
    2,
    1,
    1,
    1,
    1,
    0,
    2,
    0,
    2,
    1,
    0,
    0,
    1,
    0,
    1,
    1,
    1,
    0,
    0,
    0,
    1,
    0,
    2,
    3,
    1,
    2,
    0,
    0,
    1,
    2,
    1,
    0,
    1,
    0,
    1,
    2,
    0,
    2,
    2,
    0,
    0,
    2,
    1,
    0,
    2,
    0,
    0,
    1,
    0,
    0,
    0,
    0,
    0,
    3,
    2,
    0,
    0,
    2,
    2,
    0,
    0,
    2,
    1,
    0,
    0,
    1,
    0,
    0,
    0,
    1,
    0,
    1,
    0,
    0,
    0,
    2,
    0,
    0,
    1,
    2,
    0,
    2,
    0,
    0,
    0,
    0,
    0,
    1,
    0,
    1,
    1,
    2,
    0,
    1,
    2,
    2,
    0,
    0,
    2,
    0,
    0,
    0,
    2,
    0,
    1,
    2,
    0,
    1,
    1,
    0,
    0,
    0,
    3,
    0,
    0,
    0,
    2,
    0,
    1,
    0,
    1,
    2,
    1,
    2,
    0,
    1,
    0,
    2,
    0,
    2,
    0,
    2,
    0,
    1,
    2,
    2,
    2,
    2,
    0,
    1,
    0,
    0,
    0,
    3,
    0,
    1,
    0,
    0,
    2,
    0,
    2,
    2,
    1,
    0,
    0,
    0,
    0,
    2,
    2,
    0,
    1,
    1,
    1,
    0,
    1,
    0,
    2,
    0,
    0,
    1,
    2,
    1,
    2,
    2,
    0,
    0,
    2,
    2,
    0,
    0,
    0,
    2,
    2,
    2,
    0,
    2,
    0,
    1,
    0,
    0,
    0,
    0,
    0,
    1,
    1,
    2,
    0,
    1,
    1,
    2,
    0,
    0,
    0,
    0,
    0,
    1,
    1,
    1,
    2,
    1,
    0,
    2,
    1,
    2,
    2,
    0,
    0,
    0,
    1,
    0,
    0,
    2
  ],