{
  "n_eval": 600,
  "elapsed": 312.74491028895136,
  "f1_raw": 0.21026650217336987,
  "acc_raw": 0.24666666666666667,
  "f1_norm": 0.21026650217336987,
  "acc_norm": 0.24666666666666667,
  "confusion_matrix_raw": [
    [
      71,
      26,
      46,
      7
    ],
    [
      99,
      27,
      66,
      8
    ],
    [
      73,
      20,
      46,
      11
    ],
    [
      38,
      19,
      39,
      4
    ]
  ],
  "preds_raw": [
    0,
    2,
    0,
    2,
    2,
    0,
    0,
    0,
    3,
    0,
    0,
    3,
    1,
    2,
    0,
    1,
    0,
    2,
    2,
    2,
    0,
    2,
    2,
    0,
    0,
    1,
    2,
    1,
    2,
    0,
    2,
    3,
    0,
    0,
    0,
    0,
    2,
    0,
    0,
    0,
    2,
    0,
    0,
    2,
    2,
    0,
    0,
    2,
    1,
    3,
    0,
    0,
    0,
    2,
    3,
    2,
    3,
    0,
    0,
    0,
    0,
    0,
    1,
    1,
    1,
    0,
    0,
    0,
    0,
    0,
    0,
    2,
    2,
    0,
    2,
    1,
    0,
    2,
    1,
    0,
    1,
    2,
    1,
    1,
    0,
    0,
    1,
    0,
    0,
    3,
    0,
    0,
    0,
    0,
    2,
    2,
    0,
    0,
    3,
    2,
    2,
    2,
    2,
    2,
    1,
    0,
    1,
    1,
    2,
    3,
    0,
    0,
    0,
    0,
    2,
    2,
    0,
    0,
    0,
    0,
    0,
    2,
    0,
    2,
    2,
    1,
    0,
    0,
    0,
    0,
    0,
    0,
    1,
    0,
    0,
    2,
    2,
    2,
    2,
    0,
    2,
    0,
    2,
    1,
    0,
    1,
    0,
    2,
    2,
    0,
    2,
    2,
    0,
    2,
    0,
    1,
    2,
    2,
    2,
    0,
    0,
    0,
    0,
    0,
    2,
    2,
    2,
    1,
    2,
    0,
    0,
    2,
    0,
    0,
    1,
    3,
    2,
    1,
    2,
    0,
    2,
    3,
    0,
    1,
    0,
    0,
    2,
    0,
    2,
    0,
    0,
    2,
    2,
    1,
    2,
    0,
    0,
    2,
    0,
    1,
    2,
    1,
    2,
    1,
    1,
    2,
    2,
    2,
    0,
    3,
    2,
    1,
    1,
    0,
    1,
    0,
    0,
    2,
    0,
    0,
    1,
    0,
    0,
    0,
    0,
    0,
    2,
    1,
    0,
    0,
    0,
    0,
    2,
    2,
    2,
    0,
    0,
    0,
    3,
    2,
    0,
    0,
    0,
    0,
    1,
    0,
    0,
    0,
    2,
    2,
    2,
    2,
    2,
    0,
    2,
    0,
    0,
    2,
    0,
    0,
    0,
    0,
    0,
    3,
    0,
    2,
    2,
    0,
    2,
    2,
    2,
    2,
    1,
    1,
    1,
    0,
    0,
    0,
    0,
    0,
    0,
    3,
    2,
    1,
    0,
    2,
    0,
    2,
    0,
    2,
    1,
    0,
    0,
    0,
    0,
    2,
    0,
    2,
    0,
    2,
    1,
    2,
    1,
    0,
    0,
    2,
    2,
    1,
    2,
    0,
    0,
    0,
    2,
    0,
    0,
    0,
    2,
    2,
    0,
    2,
    0,
    1,
    0,
    0,
    2,
    2,
    0,
    2,
    0,
    1,
    0,
    0,
    0,
    1,
    0,
    2,
    1,
    2,
    1,
    2,
    1,
    0,
    0,
    2,
    3,
    2,
    1,
    2,
    0,
    3,
    0,
    3,
    0,
    2,
    0,
    1,
    2,
    0,
    0,
    2,
    0,
    2,
    2,
    0,
    2,
    2,
    0,
    0,
    1,
    0,
    0,
    0,
    2,
    1,
    1,
    1,
    3,
    2,
    2,
    2,
    2,
    1,
    2,
    2,
    2,
    0,
    0,
    2,
    0,
    0,
    0,
    0,
    2,
    1,
    3,
    0,
    2,
    0,
    2,
    0,
    2,
    3,
    1,
    2,
    0,
    0,
    2,
    2,
    1,
    0,
    3,
    0,
    0,
    2,
    0,
    1,
    2,
    2,
    0,
    3,
    2,
    0,
    2,
    0,
    0,
    1,
    0,
    0,
    0,
    0,
    0,
    3,
    2,
    0,
    0,
    3,
    1,
    0,
    0,
    2,
    1,
    0,
    1,
    2,
    0,
    0,
    0,
    1,
    0,
    0,
    0,
    0,
    0,
    0,
    0,
    1,
    2,
    2,
    0,
    2,
    0,
    0,
    0,
    0,
    0,
    1,
    2,
    1,
    2,
    2,
    3,
    1,
    2,
    2,
    1,
    0,
    2,
    0,
    0,
    2,
    2,
    0,
    2,
    2,
    0,
    1,
    1,
    0,
    2,
    0,
    2,
    3,
    0,
    0,
    2,
    0,
    1,
    0,
    1,
    3,
    2,
    2,
    3,
    1,
    0,
    2,
    1,
    2,
    0,
    3,
    2,
    1,
    0,
    2,
    2,
    2,
    0,
    2,
    0,
    0,
    0,
    0,
    0,
    2,
    0,
    0,
    2,
    0,
    2,
    2,
    2,
    0,
    0,
    0,
    0,
    0,
    2,
    0,
    1,
    2,
    2,
    0,
    1,
    1,
    2,
    0,
    0,
    1,
    0,
    1,
    2,
    2,
    0,
    0,
    2,
    2,
    0,
    0,
    0,
    0,
    2,
    2,
    0,
    2,
    0,
    0,
    0,
    2,
    0,
    0,
    0,
    2,
    1,
    2,
    0,
    2,
    1,
    2,
    0,
    0,
    1,
    0,
    0,
    1,
    2,
    2,
    2,
    1,
    0,
    0,
    2,
    1,
    1,
    0,
    0,
    0,
    1,
    2,
    0,
    2
  ],