{
  "n_eval": 600,
  "elapsed": 187.57139460195322,
  "f1_raw": 0.2705958307389721,
  "acc_raw": 0.29333333333333333,
  "f1_norm": 0.2705958307389721,
  "acc_norm": 0.29333333333333333,
  "confusion_matrix_raw": [
    [
      48,
      60,
      27,
      15
    ],
    [
      65,
      79,
      31,
      25
    ],
    [
      37,
      52,
      35,
      26
    ],
    [
      23,
      39,
      24,
      14
    ]
  ],
  "preds_raw": [
    0,
    0,
    1,
    0,
    1,
    1,
    0,
    3,
    1,
    0,
    1,
    3,
    2,
    0,
    2,
    1,
    2,
    1,
    0,
    0,
    1,
    2,
    3,
    0,
    0,
    2,
    0,
    0,
    3,
    2,
    0,
    0,
    2,
    1,
    1,
    1,
    3,
    2,
    0,
    1,
    0,
    0,
    1,
    0,
    2,
    1,
    0,
    1,
    2,
    1,
    0,
    2,
    1,
    3,
    0,
    1,
    0,
    0,
    2,
    1,
    1,
    2,
    0,
    1,
    2,
    1,
    3,
    3,
    2,
    2,
    3,
    1,
    1,
    2,
    1,
    2,
    0,
    0,
    3,
    2,
    1,
    0,
    2,
    3,
    1,
    3,
    2,
    1,
    1,
    1,
    2,
    2,
    2,
    2,
    3,
    0,
    2,
    2,
    0,
    1,
    3,
    1,
    2,
    0,
    1,
    2,
    0,
    1,
    0,
    1,
    1,
    2,
    0,
    1,
    3,
    1,
    1,
    3,
    1,
    2,
    0,
    1,
    2,
    1,
    0,
    2,
    1,
    1,
    1,
    0,
    3,
    3,
    1,
    0,
    1,
    1,
    1,
    2,
    0,
    0,
    3,
    0,
    1,
    1,
    1,
    3,
    2,
    0,
    2,
    3,
    2,
    2,
    1,
    1,
    0,
    0,
    2,
    2,
    0,
    1,
    1,
    1,
    0,
    0,
    0,
    2,
    1,
    0,
    0,
    2,
    0,
    2,
    1,
    1,
    0,
    1,
    1,
    0,
    1,
    3,
    1,
    2,
    0,
    0,
    0,
    1,
    1,
    0,
    2,
    1,
    0,
    0,
    1,
    1,
    1,
    0,
    0,
    1,
    3,
    1,
    0,
    0,
    1,
    3,
    1,
    1,
    2,
    2,
    2,
    1,
    0,
    0,
    1,
    1,
    3,
    1,
    2,
    2,
    0,
    0,
    0,
    1,
    2,
    2,
    2,
    1,
    0,
    1,
    1,
    0,
    0,
    1,
    1,
    0,
    0,
    1,
    0,
    0,
    2,
    1,
    1,
    1,
    2,
    1,
    1,
    1,
    1,
    2,
    3,
    1,
    0,
    0,
    2,
    0,
    3,
    2,
    0,
    1,
    2,
    0,
    2,
    0,
    3,
    1,
    3,
    0,
    1,
    1,
    1,
    1,
    2,
    2,
    1,
    3,
    0,
    0,
    1,
    3,
    2,
    0,
    0,
    3,
    0,
    1,
    2,
    2,
    3,
    0,
    1,
    3,
    1,
    2,
    0,
    1,
    0,
    1,
    1,
    0,
    3,
    1,
    2,
    0,
    1,
    1,
    1,
    2,
    1,
    1,
    1,
    0,
    3,
    1,
    0,
    0,
    0,
    1,
    1,
    0,
    2,
    3,
    2,
    2,
    2,
    0,
    1,
    0,
    0,
    3,
    1,
    2,
    2,
    3,
    1,
    0,
    1,
    1,
    0,
    2,
    1,
    3,
    1,
    0,
    0,
    2,
    0,
    1,
    2,
    1,
    1,
    1,
    2,
    1,
    0,
    1,
    1,
    2,
    0,
    3,
    2,
    3,
    1,
    0,
    1,
    1,
    2,
    3,
    1,
    0,
    1,
    0,
    3,
    0,
    1,
    0,
    0,
    0,
    0,
    1,
    1,
    0,
    1,
    0,
    3,
    0,
    0,
    0,
    0,
    1,
    0,
    1,
    1,
    3,
    1,
    1,
    0,
    1,
    1,
    2,
    0,
    1,
    1,
    0,
    1,
    3,
    1,
    1,
    3,
    1,
    0,
    0,
    3,
    1,
    2,
    1,
    1,
    3,
    2,
    2,
    2,
    0,
    1,
    0,
    1,
    1,
    1,
    2,
    2,
    1,
    2,
    1,
    1,
    0,
    1,
    1,
    1,
    0,
    0,
    1,
    3,
    3,
    1,
    1,
    1,
    1,
    1,
    1,
    2,
    3,
    3,
    0,
    3,
    2,
    0,
    1,
    3,
    0,
    1,
    0,
    0,
    1,
    1,
    0,
    0,
    2,
    0,
    0,
    3,
    0,
    3,
    1,
    3,
    3,
    2,
    2,
    1,
    0,
    1,
    0,
    3,
    0,
    1,
    2,
    1,
    3,
    3,
    0,
    2,
    3,
    2,
    0,
    3,
    1,
    1,
    2,
    1,
    2,
    1,
    1,
    0,
    1,
    1,
    1,
    0,
    0,
    0,
    0,
    0,
    0,
    0,
    2,
    1,
    3,
    1,
    1,
    2,
    0,
    1,
    1,
    0,
    3,
    1,
    3,
    1,
    0,
    3,
    2,
    1,
    3,
    1,
    1,
    3,
    0,
    3,
    2,
    0,
    2,
    3,
    0,
    0,
    1,
    0,
    2,
    1,
    0,
    2,
    0,
    2,
    3,
    3,
    0,
    0,
    1,
    1,
    1,
    2,
    1,
    2,
    1,
    1,
    2,
    2,
    2,
    1,
    0,
    1,
    1,
    1,
    1,
    0,
    0,
    1,
    1,
    2,
    2,
    0,
    1,
    2,
    1,
    1,
    1,
    1,
    1,
    1,
    3,
    0,
    3,
    0,
    3,
    1,
    1,
    0,
    1,
    2,
    1,
    1,
    1,
    3,
    1,
    3,
    2
  ],