{
  "n_eval": 600,
  "elapsed": 187.76188989309594,
  "f1_raw": 0.23305805805805804,
  "acc_raw": 0.245,
  "f1_norm": 0.23305805805805804,
  "acc_norm": 0.245,
  "confusion_matrix_raw": [
    [
      42,
      51,
      35,
      22
    ],
    [
      60,
      57,
      49,
      34
    ],
    [
      49,
      39,
      33,
      29
    ],
    [
      23,
      33,
      29,
      15
    ]
  ],
  "preds_raw": [
    0,
    0,
    1,
    0,
    3,
    1,
    0,
    0,
    1,
    3,
    1,
    3,
    2,
    0,
    2,
    2,
    2,
    1,
    0,
    1,
    2,
    2,
    3,
    0,
    0,
    3,
    0,
    0,
    2,
    0,
    0,
    0,
    2,
    0,
    1,
    1,
    3,
    1,
    3,
    1,
    0,
    0,
    1,
    0,
    2,
    1,
    0,
    3,
    1,
    2,
    0,
    2,
    2,
    3,
    0,
    1,
    1,
    1,
    2,
    1,
    3,
    2,
    0,
    1,
    2,
    1,
    3,
    3,
    2,
    2,
    3,
    1,
    1,
    2,
    1,
    3,
    0,
    0,
    1,
    2,
    1,
    0,
    2,
    1,
    2,
    0,
    2,
    3,
    2,
    1,
    1,
    1,
    2,
    3,
    3,
    1,
    2,
    2,
    0,
    1,
    3,
    0,
    2,
    0,
    1,
    2,
    0,
    3,
    0,
    1,
    1,
    2,
    0,
    1,
    3,
    1,
    1,
    3,
    1,
    2,
    1,
    1,
    2,
    1,
    0,
    2,
    1,
    3,
    2,
    1,
    3,
    2,
    3,
    0,
    0,
    1,
    1,
    0,
    0,
    1,
    3,
    0,
    1,
    2,
    0,
    3,
    0,
    0,
    2,
    3,
    2,
    2,
    1,
    0,
    0,
    1,
    2,
    3,
    1,
    3,
    1,
    1,
    3,
    0,
    0,
    2,
    3,
    0,
    0,
    2,
    1,
    2,
    3,
    1,
    0,
    0,
    2,
    0,
    1,
    3,
    0,
    2,
    0,
    1,
    0,
    2,
    1,
    0,
    2,
    1,
    0,
    2,
    1,
    1,
    1,
    0,
    0,
    3,
    0,
    1,
    0,
    0,
    1,
    2,
    1,
    1,
    2,
    2,
    2,
    1,
    0,
    0,
    1,
    3,
    1,
    3,
    2,
    2,
    0,
    1,
    0,
    3,
    2,
    2,
    3,
    3,
    0,
    1,
    3,
    1,
    0,
    1,
    2,
    0,
    0,
    0,
    0,
    0,
    2,
    0,
    1,
    3,
    2,
    0,
    1,
    2,
    3,
    2,
    3,
    1,
    0,
    0,
    0,
    1,
    2,
    2,
    1,
    1,
    3,
    2,
    2,
    2,
    3,
    1,
    0,
    0,
    3,
    3,
    1,
    2,
    2,
    0,
    1,
    2,
    1,
    0,
    1,
    3,
    2,
    0,
    0,
    3,
    0,
    1,
    2,
    2,
    2,
    0,
    2,
    0,
    1,
    2,
    0,
    1,
    0,
    3,
    0,
    0,
    3,
    3,
    2,
    0,
    0,
    1,
    3,
    2,
    1,
    1,
    1,
    0,
    2,
    3,
    0,
    0,
    2,
    1,
    1,
    0,
    2,
    3,
    2,
    2,
    0,
    0,
    1,
    0,
    0,
    1,
    1,
    3,
    2,
    2,
    1,
    0,
    2,
    1,
    2,
    2,
    1,
    3,
    1,
    0,
    0,
    2,
    0,
    1,
    2,
    1,
    2,
    2,
    2,
    1,
    0,
    1,
    1,
    2,
    0,
    3,
    2,
    3,
    1,
    0,
    1,
    2,
    2,
    3,
    3,
    0,
    3,
    0,
    0,
    2,
    1,
    1,
    0,
    1,
    1,
    1,
    2,
    0,
    1,
    0,
    0,
    0,
    0,
    0,
    0,
    1,
    0,
    2,
    1,
    3,
    1,
    1,
    0,
    1,
    1,
    0,
    3,
    0,
    1,
    0,
    1,
    2,
    3,
    3,
    3,
    1,
    0,
    0,
    3,
    1,
    1,
    1,
    1,
    3,
    2,
    2,
    0,
    1,
    1,
    0,
    2,
    3,
    0,
    0,
    2,
    3,
    0,
    3,
    1,
    0,
    2,
    1,
    1,
    0,
    0,
    1,
    3,
    1,
    3,
    2,
    3,
    1,
    2,
    3,
    2,
    3,
    3,
    0,
    2,
    2,
    1,
    2,
    3,
    0,
    1,
    0,
    2,
    1,
    1,
    0,
    2,
    2,
    0,
    0,
    1,
    0,
    3,
    1,
    1,
    3,
    2,
    0,
    3,
    0,
    1,
    0,
    0,
    2,
    1,
    2,
    1,
    2,
    3,
    0,
    2,
    1,
    2,
    0,
    3,
    2,
    1,
    2,
    3,
    2,
    1,
    2,
    0,
    1,
    1,
    0,
    0,
    0,
    0,
    0,
    0,
    0,
    0,
    2,
    1,
    3,
    1,
    1,
    2,
    2,
    1,
    1,
    0,
    2,
    1,
    3,
    1,
    2,
    2,
    2,
    3,
    0,
    1,
    1,
    3,
    0,
    3,
    2,
    0,
    2,
    3,
    0,
    0,
    1,
    0,
    2,
    3,
    1,
    1,
    1,
    2,
    3,
    1,
    0,
    0,
    1,
    1,
    3,
    2,
    0,
    2,
    1,
    1,
    2,
    0,
    0,
    1,
    0,
    3,
    0,
    0,
    0,
    0,
    0,
    2,
    1,
    2,
    2,
    0,
    2,
    2,
    1,
    1,
    1,
    2,
    1,
    1,
    3,
    1,
    3,
    0,
    3,
    1,
    1,
    2,
    1,
    2,
    1,
    1,
    1,
    3,
    1,
    3,
    2
  ],