{
  "n_eval": 600,
  "elapsed": 288.8249145010486,
  "f1_raw": 0.26608433616153027,
  "acc_raw": 0.285,
  "f1_norm": 0.26608433616153027,
  "acc_norm": 0.285,
  "confusion_matrix_raw": [
    [
      66,
      33,
      33,
      18
    ],
    [
      82,
      55,
      47,
      16
    ],
    [
      75,
      26,
      37,
      12
    ],
    [
      38,
      18,
      31,
      13
    ]
  ],
  "preds_raw": [
    0,
    3,
    3,
    1,
    2,
    0,
    0,
    0,
    3,
    0,
    1,
    1,
    0,
    1,
    0,
    2,
    2,
    0,
    1,
    3,
    0,
    0,
    2,
    2,
    0,
    1,
    3,
    0,
    2,
    0,
    3,
    0,
    0,
    0,
    0,
    2,
    2,
    0,
    0,
    0,
    3,
    2,
    1,
    0,
    0,
    0,
    2,
    0,
    1,
    1,
    0,
    0,
    1,
    2,
    0,
    3,
    2,
    0,
    2,
    0,
    0,
    0,
    0,
    0,
    1,
    0,
    0,
    3,
    0,
    0,
    0,
    0,
    1,
    0,
    3,
    1,
    0,
    0,
    0,
    0,
    2,
    2,
    0,
    1,
    2,
    0,
    2,
    0,
    1,
    2,
    2,
    0,
    2,
    2,
    3,
    1,
    2,
    0,
    0,
    2,
    1,
    1,
    3,
    0,
    1,
    0,
    2,
    1,
    2,
    2,
    0,
    2,
    0,
    0,
    2,
    2,
    0,
    0,
    0,
    2,
    0,
    1,
    0,
    1,
    1,
    0,
    0,
    0,
    2,
    0,
    0,
    0,
    1,
    0,
    0,
    2,
    1,
    1,
    1,
    2,
    1,
    2,
    1,
    2,
    0,
    2,
    1,
    0,
    2,
    3,
    0,
    3,
    2,
    1,
    2,
    2,
    2,
    0,
    3,
    2,
    0,
    0,
    0,
    3,
    1,
    3,
    0,
    2,
    2,
    0,
    0,
    2,
    0,
    0,
    1,
    2,
    3,
    3,
    2,
    3,
    1,
    0,
    2,
    2,
    0,
    2,
    2,
    0,
    0,
    1,
    2,
    2,
    1,
    0,
    2,
    0,
    0,
    2,
    0,
    0,
    2,
    1,
    1,
    0,
    2,
    3,
    0,
    0,
    1,
    2,
    1,
    2,
    1,
    0,
    0,
    0,
    2,
    1,
    0,
    0,
    1,
    0,
    2,
    3,
    0,
    0,
    2,
    1,
    1,
    0,
    0,
    1,
    0,
    1,
    1,
    0,
    0,
    0,
    0,
    3,
    0,
    0,
    0,
    0,
    1,
    0,
    1,
    2,
    2,
    1,
    0,
    1,
    0,
    0,
    1,
    3,
    0,
    0,
    0,
    2,
    0,
    3,
    2,
    3,
    0,
    2,
    0,
    0,
    1,
    0,
    3,
    2,
    2,
    0,
    2,
    2,
    0,
    0,
    0,
    0,
    0,
    2,
    3,
    1,
    2,
    3,
    0,
    1,
    0,
    1,
    1,
    2,
    0,
    1,
    2,
    1,
    3,
    2,
    1,
    2,
    0,
    1,
    0,
    0,
    3,
    2,
    1,
    2,
    3,
    0,
    1,
    0,
    2,
    0,
    2,
    1,
    2,
    1,
    0,
    1,
    0,
    2,
    1,
    1,
    2,
    2,
    2,
    1,
    3,
    1,
    2,
    1,
    2,
    0,
    0,
    1,
    0,
    0,
    2,
    2,
    0,
    3,
    0,
    1,
    3,
    1,
    3,
    3,
    0,
    0,
    0,
    3,
    1,
    0,
    0,
    2,
    3,
    1,
    0,
    2,
    0,
    1,
    1,
    0,
    1,
    0,
    0,
    2,
    1,
    0,
    0,
    0,
    1,
    0,
    2,
    1,
    3,
    1,
    2,
    1,
    2,
    1,
    3,
    0,
    3,
    0,
    2,
    3,
    3,
    0,
    1,
    0,
    3,
    0,
    3,
    0,
    0,
    2,
    0,
    0,
    0,
    0,
    0,
    1,
    0,
    0,
    1,
    3,
    2,
    0,
    1,
    2,
    2,
    2,
    0,
    2,
    2,
    2,
    0,
    3,
    3,
    0,
    2,
    2,
    3,
    1,
    0,
    0,
    0,
    1,
    2,
    2,
    2,
    0,
    2,
    0,
    2,
    0,
    0,
    0,
    0,
    0,
    0,
    1,
    0,
    0,
    0,
    0,
    0,
    1,
    2,
    2,
    2,
    2,
    0,
    1,
    3,
    3,
    0,
    1,
    0,
    0,
    0,
    0,
    0,
    0,
    0,
    1,
    1,
    1,
    0,
    2,
    2,
    3,
    0,
    0,
    3,
    0,
    1,
    2,
    1,
    1,
    1,
    0,
    0,
    2,
    0,
    0,
    1,
    0,
    0,
    2,
    0,
    0,
    2,
    0,
    3,
    0,
    1,
    0,
    1,
    2,
    2,
    1,
    2,
    2,
    0,
    2,
    0,
    2,
    0,
    1,
    0,
    0,
    2,
    1,
    0,
    1,
    0,
    0,
    2,
    0,
    0,
    1,
    2,
    2,
    0,
    0,
    0,
    3,
    1,
    0,
    0,
    1,
    0,
    2,
    1,
    0,
    1,
    1,
    1,
    0,
    0,
    3,
    2,
    0,
    2,
    1,
    2,
    1,
    2,
    2,
    0,
    2,
    3,
    0,
    2,
    0,
    0,
    0,
    1,
    1,
    0,
    1,
    0,
    2,
    0,
    1,
    1,
    1,
    0,
    1,
    0,
    0,
    0,
    3,
    0,
    2,
    0,
    0,
    2,
    2,
    0,
    0,
    1,
    1,
    2,
    1,
    0,
    1,
    1,
    2,
    0,
    1,
    0,
    0,
    2,
    0,
    0,
    2
  ],