{
  "n_eval": 600,
  "elapsed": 519.1524883329403,
  "f1_raw": 0.21756366345042671,
  "acc_raw": 0.24,
  "f1_norm": 0.21756366345042671,
  "acc_norm": 0.24,
  "confusion_matrix_raw": [
    [
      34,
      27,
      74,
      15
    ],
    [
      50,
      23,
      96,
      31
    ],
    [
      46,
      9,
      74,
      21
    ],
    [
      26,
      10,
      51,
      13
    ]
  ],
  "preds_raw": [
    3,
    2,
    3,
    2,
    2,
    1,
    1,
    2,
    2,
    3,
    0,
    2,
    0,
    2,
    0,
    0,
    2,
    0,
    2,
    3,
    2,
    0,
    2,
    2,
    2,
    2,
    2,
    0,
    0,
    2,
    2,
    2,
    2,
    0,
    1,
    2,
    2,
    2,
    0,
    2,
    2,
    3,
    2,
    0,
    0,
    2,
    2,
    1,
    2,
    0,
    2,
    3,
    2,
    2,
    0,
    1,
    2,
    2,
    0,
    1,
    2,
    0,
    0,
    0,
    2,
    2,
    2,
    2,
    2,
    0,
    2,
    0,
    1,
    2,
    3,
    1,
    1,
    3,
    2,
    2,
    2,
    0,
    2,
    0,
    0,
    2,
    3,
    0,
    0,
    3,
    0,
    0,
    0,
    2,
    2,
    2,
    1,
    2,
    1,
    2,
    2,
    2,
    0,
    0,
    3,
    2,
    2,
    1,
    3,
    2,
    0,
    2,
    2,
    3,
    3,
    2,
    3,
    2,
    1,
    1,
    2,
    2,
    2,
    2,
    1,
    0,
    0,
    0,
    2,
    2,
    2,
    2,
    2,
    1,
    2,
    0,
    2,
    2,
    0,
    2,
    2,
    2,
    2,
    1,
    2,
    2,
    2,
    0,
    0,
    1,
    2,
    0,
    2,
    2,
    2,
    3,
    0,
    0,
    0,
    0,
    2,
    1,
    0,
    2,
    2,
    2,
    0,
    2,
    2,
    3,
    3,
    2,
    2,
    0,
    2,
    2,
    1,
    2,
    2,
    2,
    2,
    3,
    2,
    1,
    2,
    3,
    3,
    2,
    1,
    2,
    2,
    3,
    2,
    2,
    2,
    0,
    2,
    2,
    3,
    1,
    3,
    2,
    2,
    2,
    2,
    2,
    2,
    0,
    2,
    0,
    2,
    0,
    3,
    3,
    0,
    2,
    2,
    1,
    0,
    2,
    2,
    3,
    3,
    3,
    0,
    3,
    0,
    1,
    2,
    0,
    3,
    2,
    2,
    2,
    1,
    0,
    2,
    3,
    0,
    2,
    2,
    0,
    3,
    1,
    2,
    3,
    0,
    2,
    1,
    1,
    2,
    1,
    1,
    2,
    0,
    2,
    0,
    1,
    2,
    0,
    2,
    3,
    2,
    2,
    2,
    2,
    2,
    0,
    1,
    3,
    2,
    2,
    0,
    0,
    2,
    0,
    2,
    2,
    3,
    0,
    2,
    0,
    2,
    0,
    0,
    1,
    3,
    1,
    2,
    2,
    2,
    0,
    2,
    2,
    1,
    1,
    2,
    2,
    2,
    2,
    0,
    2,
    2,
    0,
    2,
    2,
    2,
    0,
    2,
    0,
    2,
    0,
    2,
    2,
    3,
    2,
    2,
    1,
    2,
    2,
    0,
    0,
    2,
    2,
    0,
    2,
    2,
    1,
    2,
    2,
    3,
    0,
    0,
    2,
    2,
    2,
    2,
    2,
    2,
    2,
    2,
    2,
    2,
    2,
    0,
    2,
    0,
    1,
    0,
    0,
    2,
    3,
    2,
    2,
    0,
    2,
    2,
    0,
    3,
    2,
    0,
    2,
    2,
    3,
    1,
    2,
    3,
    0,
    3,
    2,
    0,
    2,
    2,
    3,
    2,
    0,
    0,
    2,
    2,
    2,
    0,
    0,
    2,
    2,
    2,
    3,
    2,
    2,
    3,
    0,
    2,
    0,
    2,
    1,
    2,
    2,
    0,
    0,
    0,
    2,
    3,
    3,
    2,
    2,
    0,
    2,
    2,
    1,
    2,
    0,
    1,
    0,
    0,
    2,
    0,
    0,
    3,
    0,
    2,
    3,
    2,
    3,
    0,
    0,
    2,
    2,
    1,
    2,
    3,
    2,
    3,
    2,
    3,
    2,
    2,
    1,
    0,
    2,
    3,
    2,
    2,
    2,
    1,
    2,
    2,
    0,
    0,
    3,
    3,
    2,
    2,
    1,
    2,
    0,
    0,
    0,
    2,
    3,
    2,
    2,
    0,
    0,
    1,
    0,
    2,
    0,
    0,
    0,
    2,
    1,
    2,
    1,
    1,
    0,
    3,
    3,
    0,
    3,
    2,
    3,
    3,
    0,
    1,
    0,
    2,
    0,
    2,
    2,
    2,
    2,
    2,
    2,
    0,
    1,
    0,
    3,
    2,
    2,
    0,
    1,
    1,
    2,
    2,
    0,
    2,
    0,
    0,
    2,
    2,
    2,
    2,
    1,
    2,
    0,
    0,
    2,
    3,
    1,
    1,
    2,
    3,
    2,
    0,
    0,
    3,
    2,
    2,
    2,
    2,
    0,
    2,
    3,
    0,
    0,
    1,
    2,
    0,
    2,
    0,
    2,
    1,
    1,
    0,
    0,
    2,
    2,
    1,
    0,
    2,
    1,
    2,
    0,
    3,
    0,
    0,
    0,
    2,
    2,
    3,
    3,
    1,
    0,
    2,
    0,
    2,
    1,
    3,
    2,
    2,
    0,
    2,
    2,
    0,
    2,
    3,
    2,
    1,
    3,
    2,
    1,
    2,
    3,
    0,
    3,
    2,
    1,
    2,
    2,
    0,
    0,
    2,
    0,
    3,
    2,
    3,
    2,
    2,
    0,
    2,
    2
  ],