{
  "n_eval": 600,
  "elapsed": 210.54876190191135,
  "f1_raw": 0.2282146676171805,
  "acc_raw": 0.235,
  "f1_norm": 0.2282146676171805,
  "acc_norm": 0.235,
  "confusion_matrix_raw": [
    [
      54,
      10,
      38,
      48
    ],
    [
      64,
      21,
      54,
      61
    ],
    [
      65,
      4,
      38,
      43
    ],
    [
      29,
      13,
      30,
      28
    ]
  ],
  "preds_raw": [
    0,
    0,
    0,
    0,
    3,
    3,
    2,
    0,
    0,
    3,
    3,
    2,
    0,
    0,
    1,
    3,
    3,
    0,
    2,
    3,
    2,
    3,
    3,
    2,
    0,
    2,
    1,
    3,
    3,
    2,
    1,
    2,
    3,
    2,
    0,
    3,
    0,
    0,
    0,
    2,
    0,
    0,
    3,
    1,
    0,
    3,
    2,
    0,
    3,
    2,
    0,
    3,
    2,
    2,
    0,
    3,
    1,
    2,
    3,
    0,
    3,
    2,
    0,
    2,
    2,
    3,
    0,
    3,
    0,
    2,
    2,
    2,
    0,
    3,
    3,
    0,
    3,
    0,
    3,
    0,
    3,
    2,
    3,
    0,
    3,
    2,
    2,
    2,
    3,
    0,
    0,
    0,
    1,
    2,
    2,
    1,
    3,
    2,
    3,
    0,
    2,
    0,
    3,
    0,
    0,
    2,
    1,
    0,
    2,
    2,
    0,
    0,
    1,
    0,
    3,
    3,
    0,
    2,
    2,
    3,
    3,
    1,
    0,
    2,
    0,
    3,
    2,
    0,
    3,
    2,
    0,
    3,
    1,
    0,
    0,
    1,
    0,
    3,
    2,
    2,
    1,
    0,
    3,
    3,
    0,
    0,
    0,
    1,
    0,
    2,
    2,
    3,
    3,
    3,
    2,
    2,
    1,
    0,
    2,
    0,
    2,
    0,
    3,
    2,
    2,
    2,
    0,
    2,
    0,
    1,
    3,
    0,
    2,
    0,
    1,
    2,
    1,
    0,
    3,
    1,
    3,
    2,
    2,
    3,
    3,
    0,
    2,
    3,
    1,
    0,
    0,
    0,
    0,
    3,
    0,
    2,
    2,
    2,
    2,
    2,
    0,
    2,
    1,
    2,
    2,
    0,
    1,
    3,
    0,
    2,
    0,
    3,
    0,
    3,
    2,
    3,
    2,
    0,
    3,
    0,
    2,
    2,
    1,
    3,
    0,
    2,
    3,
    3,
    3,
    2,
    0,
    0,
    0,
    0,
    3,
    3,
    2,
    2,
    0,
    0,
    3,
    2,
    3,
    3,
    0,
    3,
    3,
    3,
    0,
    0,
    2,
    2,
    3,
    2,
    3,
    3,
    2,
    2,
    0,
    3,
    1,
    2,
    3,
    0,
    2,
    0,
    2,
    2,
    3,
    3,
    2,
    3,
    3,
    3,
    0,
    2,
    1,
    3,
    3,
    2,
    2,
    2,
    0,
    2,
    0,
    0,
    3,
    0,
    0,
    0,
    2,
    3,
    2,
    0,
    2,
    0,
    0,
    2,
    0,
    1,
    1,
    0,
    3,
    3,
    0,
    2,
    0,
    0,
    1,
    1,
    0,
    3,
    2,
    3,
    3,
    2,
    1,
    0,
    2,
    0,
    3,
    2,
    0,
    1,
    2,
    3,
    3,
    0,
    2,
    0,
    0,
    3,
    0,
    2,
    2,
    1,
    0,
    3,
    0,
    3,
    0,
    0,
    0,
    2,
    0,
    0,
    0,
    0,
    0,
    3,
    3,
    3,
    0,
    2,
    2,
    3,
    0,
    3,
    0,
    0,
    3,
    0,
    1,
    2,
    3,
    0,
    3,
    3,
    0,
    3,
    0,
    3,
    3,
    1,
    3,
    0,
    2,
    0,
    3,
    0,
    3,
    3,
    0,
    3,
    0,
    2,
    0,
    2,
    0,
    3,
    0,
    0,
    3,
    0,
    0,
    2,
    2,
    3,
    0,
    0,
    3,
    0,
    2,
    0,
    0,
    0,
    2,
    1,
    0,
    0,
    1,
    0,
    0,
    0,
    0,
    3,
    3,
    3,
    2,
    0,
    1,
    0,
    3,
    0,
    0,
    0,
    2,
    0,
    0,
    1,
    0,
    2,
    2,
    0,
    2,
    1,
    2,
    0,
    0,
    0,
    0,
    3,
    2,
    1,
    3,
    3,
    3,
    0,
    0,
    0,
    3,
    0,
    3,
    3,
    2,
    2,
    0,
    0,
    3,
    0,
    3,
    0,
    2,
    0,
    2,
    3,
    0,
    2,
    2,
    1,
    0,
    2,
    3,
    3,
    2,
    3,
    2,
    2,
    0,
    3,
    3,
    3,
    2,
    3,
    0,
    2,
    3,
    0,
    3,
    0,
    0,
    0,
    2,
    0,
    2,
    3,
    3,
    3,
    0,
    3,
    3,
    0,
    3,
    0,
    0,
    3,
    3,
    2,
    0,
    3,
    3,
    2,
    2,
    3,
    1,
    2,
    0,
    1,
    2,
    3,
    0,
    1,
    0,
    2,
    3,
    2,
    2,
    0,
    0,
    3,
    0,
    3,
    2,
    0,
    2,
    1,
    3,
    3,
    3,
    0,
    0,
    3,
    0,
    0,
    3,
    2,
    3,
    2,
    2,
    0,
    2,
    2,
    3,
    2,
    2,
    3,
    3,
    2,
    3,
    0,
    3,
    0,
    3,
    1,
    3,
    3,
    0,
    2,
    0,
    0,
    2,
    1,
    3,
    3,
    0,
    1,
    3,
    3,
    3,
    3,
    3,
    0,
    0,
    2,
    2,
    0,
    2,
    2,
    2,
    0,
    0,
    3,
    3,
    3,
    2,
    0,
    2,
    0,
    2,
    3
  ],