{
  "n_eval": 600,
  "elapsed": 312.7694836279843,
  "f1_raw": 0.2223251713011213,
  "acc_raw": 0.26,
  "f1_norm": 0.2223251713011213,
  "acc_norm": 0.26,
  "confusion_matrix_raw": [
    [
      71,
      30,
      44,
      5
    ],
    [
      89,
      43,
      59,
      9
    ],
    [
      73,
      26,
      39,
      12
    ],
    [
      40,
      17,
      40,
      3
    ]
  ],
  "preds_raw": [
    0,
    2,
    2,
    2,
    2,
    0,
    0,
    0,
    3,
    0,
    0,
    3,
    0,
    1,
    0,
    1,
    0,
    0,
    2,
    2,
    0,
    0,
    0,
    2,
    0,
    1,
    1,
    2,
    2,
    0,
    2,
    0,
    0,
    0,
    0,
    0,
    2,
    0,
    0,
    0,
    2,
    1,
    0,
    3,
    2,
    0,
    0,
    2,
    1,
    3,
    0,
    0,
    2,
    2,
    3,
    2,
    2,
    0,
    0,
    0,
    0,
    0,
    2,
    0,
    1,
    1,
    2,
    0,
    0,
    0,
    0,
    1,
    2,
    0,
    0,
    1,
    1,
    2,
    1,
    0,
    0,
    2,
    0,
    1,
    0,
    0,
    1,
    1,
    0,
    0,
    0,
    0,
    0,
    0,
    2,
    1,
    0,
    0,
    3,
    2,
    2,
    1,
    1,
    2,
    1,
    0,
    1,
    1,
    2,
    0,
    2,
    0,
    0,
    0,
    2,
    0,
    0,
    2,
    0,
    1,
    0,
    1,
    0,
    0,
    1,
    1,
    2,
    0,
    2,
    0,
    0,
    0,
    1,
    0,
    0,
    2,
    2,
    2,
    0,
    0,
    2,
    1,
    1,
    1,
    0,
    1,
    0,
    0,
    2,
    0,
    2,
    3,
    0,
    2,
    0,
    1,
    2,
    2,
    1,
    0,
    0,
    0,
    0,
    0,
    1,
    2,
    2,
    1,
    0,
    0,
    3,
    2,
    0,
    0,
    1,
    1,
    2,
    1,
    2,
    0,
    2,
    0,
    0,
    1,
    0,
    0,
    2,
    0,
    2,
    0,
    0,
    2,
    2,
    1,
    2,
    0,
    0,
    2,
    0,
    0,
    2,
    3,
    2,
    1,
    1,
    2,
    2,
    2,
    0,
    3,
    2,
    1,
    1,
    0,
    1,
    0,
    0,
    2,
    0,
    0,
    1,
    0,
    0,
    0,
    0,
    0,
    2,
    1,
    2,
    0,
    3,
    0,
    2,
    1,
    2,
    0,
    0,
    0,
    3,
    2,
    0,
    0,
    0,
    0,
    1,
    0,
    1,
    0,
    2,
    2,
    2,
    2,
    2,
    0,
    2,
    0,
    0,
    0,
    0,
    0,
    0,
    3,
    2,
    3,
    0,
    3,
    0,
    0,
    1,
    2,
    2,
    0,
    1,
    1,
    2,
    0,
    0,
    2,
    0,
    0,
    0,
    2,
    2,
    3,
    2,
    2,
    0,
    2,
    0,
    2,
    1,
    0,
    0,
    0,
    0,
    2,
    1,
    2,
    0,
    2,
    2,
    2,
    0,
    0,
    0,
    2,
    2,
    1,
    2,
    0,
    0,
    0,
    2,
    0,
    0,
    0,
    2,
    1,
    1,
    1,
    0,
    1,
    1,
    2,
    2,
    2,
    3,
    2,
    3,
    1,
    0,
    0,
    0,
    1,
    0,
    2,
    1,
    2,
    0,
    0,
    1,
    0,
    0,
    2,
    3,
    2,
    1,
    2,
    0,
    2,
    0,
    3,
    2,
    2,
    0,
    1,
    2,
    0,
    0,
    2,
    0,
    2,
    2,
    0,
    2,
    2,
    0,
    0,
    1,
    0,
    0,
    0,
    2,
    1,
    1,
    1,
    3,
    2,
    2,
    2,
    2,
    1,
    2,
    0,
    2,
    0,
    0,
    1,
    0,
    0,
    1,
    0,
    2,
    1,
    3,
    0,
    2,
    2,
    2,
    0,
    2,
    3,
    1,
    2,
    0,
    0,
    1,
    2,
    1,
    0,
    3,
    0,
    0,
    1,
    0,
    1,
    2,
    2,
    0,
    2,
    2,
    0,
    2,
    0,
    0,
    1,
    0,
    0,
    0,
    0,
    0,
    3,
    2,
    0,
    0,
    3,
    2,
    0,
    0,
    2,
    1,
    0,
    1,
    0,
    0,
    0,
    0,
    1,
    0,
    0,
    0,
    2,
    0,
    1,
    0,
    0,
    2,
    2,
    0,
    2,
    0,
    0,
    2,
    0,
    2,
    1,
    2,
    1,
    2,
    2,
    0,
    2,
    2,
    2,
    1,
    0,
    2,
    1,
    0,
    0,
    2,
    0,
    1,
    2,
    0,
    1,
    1,
    0,
    2,
    0,
    2,
    3,
    0,
    0,
    2,
    0,
    1,
    0,
    1,
    3,
    2,
    2,
    0,
    1,
    0,
    2,
    1,
    2,
    0,
    3,
    0,
    1,
    0,
    2,
    2,
    2,
    0,
    1,
    0,
    0,
    0,
    2,
    0,
    2,
    0,
    0,
    0,
    0,
    0,
    1,
    2,
    0,
    0,
    0,
    0,
    0,
    2,
    0,
    1,
    1,
    2,
    0,
    1,
    1,
    2,
    0,
    0,
    1,
    0,
    1,
    2,
    2,
    0,
    0,
    2,
    2,
    0,
    0,
    0,
    2,
    2,
    2,
    2,
    2,
    0,
    0,
    0,
    0,
    0,
    1,
    0,
    2,
    1,
    2,
    0,
    2,
    1,
    1,
    0,
    1,
    0,
    0,
    0,
    1,
    2,
    2,
    2,
    1,
    0,
    1,
    1,
    1,
    2,
    0,
    0,
    1,
    1,
    2,
    0,
    2
  ],