{
  "n_eval": 600,
  "elapsed": 197.90926973102614,
  "f1_raw": 0.2572048634468162,
  "acc_raw": 0.26666666666666666,
  "f1_norm": 0.2572048634468162,
  "acc_norm": 0.26666666666666666,
  "confusion_matrix_raw": [
    [
      48,
      38,
      20,
      44
    ],
    [
      66,
      59,
      27,
      48
    ],
    [
      35,
      46,
      20,
      49
    ],
    [
      22,
      29,
      16,
      33
    ]
  ],
  "preds_raw": [
    3,
    0,
    3,
    0,
    0,
    3,
    2,
    0,
    1,
    3,
    0,
    1,
    3,
    3,
    3,
    2,
    1,
    3,
    2,
    3,
    1,
    3,
    1,
    1,
    2,
    1,
    0,
    2,
    1,
    3,
    3,
    1,
    1,
    3,
    2,
    1,
    1,
    0,
    2,
    3,
    0,
    1,
    3,
    1,
    2,
    1,
    3,
    1,
    0,
    0,
    0,
    1,
    2,
    0,
    0,
    2,
    1,
    1,
    3,
    3,
    3,
    2,
    0,
    3,
    0,
    3,
    1,
    3,
    0,
    3,
    1,
    3,
    1,
    1,
    0,
    1,
    2,
    3,
    1,
    3,
    3,
    2,
    3,
    1,
    0,
    2,
    3,
    3,
    0,
    0,
    1,
    3,
    1,
    3,
    1,
    3,
    3,
    1,
    3,
    0,
    2,
    3,
    0,
    2,
    3,
    3,
    1,
    0,
    3,
    2,
    3,
    0,
    1,
    1,
    3,
    3,
    1,
    1,
    3,
    1,
    2,
    0,
    0,
    1,
    1,
    1,
    1,
    1,
    1,
    2,
    3,
    3,
    1,
    1,
    0,
    0,
    0,
    2,
    1,
    3,
    1,
    0,
    0,
    0,
    2,
    1,
    0,
    1,
    0,
    2,
    3,
    3,
    3,
    2,
    3,
    3,
    3,
    1,
    3,
    0,
    3,
    0,
    3,
    1,
    2,
    0,
    2,
    1,
    0,
    0,
    2,
    3,
    1,
    3,
    1,
    0,
    1,
    0,
    3,
    1,
    3,
    3,
    0,
    1,
    1,
    0,
    1,
    1,
    1,
    0,
    0,
    0,
    0,
    3,
    3,
    2,
    0,
    1,
    3,
    0,
    2,
    0,
    3,
    0,
    3,
    2,
    0,
    0,
    2,
    3,
    3,
    3,
    1,
    3,
    1,
    1,
    1,
    0,
    0,
    0,
    0,
    3,
    3,
    1,
    1,
    3,
    0,
    3,
    0,
    0,
    0,
    0,
    3,
    1,
    2,
    1,
    0,
    3,
    3,
    0,
    3,
    1,
    2,
    1,
    0,
    1,
    1,
    1,
    0,
    0,
    1,
    2,
    3,
    2,
    1,
    0,
    3,
    2,
    1,
    3,
    0,
    2,
    3,
    3,
    1,
    1,
    2,
    3,
    0,
    0,
    2,
    3,
    0,
    0,
    3,
    1,
    0,
    1,
    1,
    3,
    3,
    0,
    2,
    1,
    3,
    0,
    1,
    3,
    0,
    0,
    3,
    0,
    0,
    1,
    0,
    0,
    0,
    0,
    0,
    1,
    3,
    0,
    1,
    3,
    2,
    2,
    0,
    0,
    2,
    0,
    1,
    0,
    3,
    1,
    0,
    1,
    0,
    1,
    1,
    1,
    0,
    2,
    0,
    3,
    0,
    3,
    2,
    0,
    1,
    0,
    0,
    3,
    1,
    2,
    3,
    0,
    0,
    3,
    1,
    3,
    1,
    2,
    0,
    2,
    0,
    0,
    0,
    2,
    3,
    3,
    0,
    1,
    2,
    2,
    1,
    3,
    0,
    0,
    3,
    2,
    0,
    0,
    1,
    1,
    0,
    0,
    1,
    1,
    3,
    3,
    0,
    2,
    3,
    0,
    1,
    3,
    1,
    0,
    3,
    0,
    1,
    1,
    2,
    0,
    1,
    3,
    3,
    3,
    0,
    3,
    0,
    3,
    0,
    0,
    0,
    3,
    1,
    1,
    2,
    1,
    1,
    0,
    1,
    1,
    1,
    1,
    2,
    0,
    2,
    0,
    1,
    1,
    3,
    1,
    0,
    2,
    2,
    1,
    1,
    0,
    2,
    3,
    1,
    2,
    1,
    0,
    2,
    1,
    2,
    0,
    3,
    0,
    3,
    0,
    0,
    0,
    3,
    0,
    3,
    3,
    0,
    1,
    1,
    0,
    3,
    3,
    3,
    1,
    2,
    0,
    2,
    0,
    3,
    3,
    1,
    2,
    0,
    3,
    3,
    0,
    1,
    0,
    3,
    3,
    1,
    3,
    3,
    3,
    2,
    0,
    2,
    1,
    1,
    1,
    1,
    1,
    1,
    2,
    2,
    1,
    3,
    1,
    0,
    3,
    0,
    1,
    0,
    3,
    3,
    0,
    1,
    1,
    1,
    2,
    3,
    0,
    0,
    1,
    2,
    3,
    0,
    0,
    3,
    0,
    1,
    3,
    1,
    1,
    3,
    2,
    1,
    1,
    1,
    3,
    2,
    0,
    1,
    0,
    0,
    0,
    3,
    3,
    1,
    0,
    3,
    2,
    3,
    0,
    3,
    3,
    0,
    3,
    1,
    0,
    0,
    3,
    1,
    1,
    1,
    1,
    1,
    2,
    1,
    3,
    3,
    1,
    3,
    3,
    1,
    1,
    2,
    3,
    3,
    1,
    3,
    1,
    1,
    3,
    3,
    2,
    1,
    0,
    2,
    0,
    3,
    3,
    0,
    1,
    0,
    0,
    3,
    0,
    1,
    1,
    2,
    3,
    2,
    3,
    3,
    0,
    2,
    3,
    1,
    0,
    0,
    0,
    2,
    1,
    3,
    1,
    0,
    3,
    3,
    3,
    3,
    3,
    0,
    1,
    3,
    2
  ],