{
  "n_eval": 600,
  "elapsed": 288.85969735798426,
  "f1_raw": 0.23645140727333852,
  "acc_raw": 0.255,
  "f1_norm": 0.23645140727333852,
  "acc_norm": 0.255,
  "confusion_matrix_raw": [
    [
      70,
      29,
      35,
      16
    ],
    [
      100,
      39,
      38,
      23
    ],
    [
      85,
      20,
      31,
      14
    ],
    [
      41,
      12,
      34,
      13
    ]
  ],
  "preds_raw": [
    0,
    3,
    3,
    2,
    2,
    0,
    0,
    3,
    1,
    0,
    0,
    3,
    0,
    1,
    0,
    2,
    2,
    0,
    1,
    3,
    0,
    0,
    0,
    0,
    0,
    2,
    3,
    0,
    3,
    0,
    2,
    1,
    0,
    2,
    1,
    3,
    2,
    0,
    0,
    0,
    3,
    0,
    0,
    0,
    0,
    2,
    1,
    0,
    1,
    2,
    0,
    0,
    0,
    2,
    0,
    2,
    2,
    1,
    2,
    0,
    0,
    0,
    0,
    0,
    1,
    1,
    0,
    3,
    0,
    0,
    0,
    0,
    1,
    0,
    0,
    1,
    0,
    0,
    0,
    0,
    0,
    3,
    0,
    1,
    2,
    0,
    2,
    0,
    1,
    2,
    2,
    0,
    2,
    0,
    0,
    1,
    2,
    2,
    2,
    2,
    1,
    1,
    1,
    0,
    0,
    0,
    2,
    1,
    2,
    0,
    2,
    0,
    0,
    0,
    2,
    2,
    0,
    2,
    0,
    0,
    0,
    1,
    3,
    1,
    1,
    0,
    3,
    0,
    0,
    1,
    0,
    0,
    2,
    0,
    0,
    0,
    1,
    1,
    0,
    2,
    3,
    2,
    3,
    2,
    0,
    0,
    0,
    0,
    2,
    2,
    0,
    1,
    0,
    1,
    0,
    0,
    2,
    0,
    3,
    0,
    0,
    0,
    0,
    0,
    1,
    3,
    1,
    2,
    0,
    0,
    3,
    2,
    2,
    0,
    1,
    0,
    2,
    3,
    3,
    3,
    2,
    0,
    0,
    2,
    0,
    2,
    2,
    0,
    0,
    1,
    3,
    1,
    3,
    0,
    0,
    0,
    3,
    2,
    0,
    0,
    2,
    1,
    1,
    0,
    0,
    2,
    1,
    0,
    1,
    2,
    3,
    2,
    1,
    0,
    0,
    0,
    2,
    1,
    0,
    0,
    1,
    0,
    0,
    3,
    0,
    0,
    2,
    0,
    0,
    0,
    1,
    2,
    0,
    1,
    1,
    0,
    3,
    0,
    0,
    1,
    0,
    0,
    0,
    0,
    1,
    0,
    0,
    0,
    0,
    1,
    0,
    1,
    0,
    0,
    2,
    3,
    0,
    2,
    0,
    0,
    0,
    0,
    2,
    3,
    0,
    2,
    0,
    0,
    1,
    0,
    3,
    0,
    0,
    0,
    0,
    0,
    2,
    0,
    0,
    0,
    2,
    2,
    0,
    1,
    2,
    0,
    0,
    2,
    0,
    2,
    1,
    2,
    0,
    3,
    2,
    1,
    3,
    1,
    0,
    2,
    0,
    1,
    0,
    1,
    2,
    2,
    1,
    0,
    2,
    0,
    1,
    0,
    2,
    0,
    2,
    0,
    2,
    1,
    2,
    1,
    0,
    0,
    2,
    1,
    2,
    2,
    2,
    3,
    0,
    0,
    2,
    0,
    0,
    0,
    0,
    1,
    1,
    0,
    2,
    3,
    0,
    0,
    3,
    1,
    3,
    3,
    3,
    3,
    0,
    0,
    0,
    3,
    1,
    0,
    0,
    2,
    3,
    0,
    0,
    2,
    2,
    2,
    1,
    0,
    2,
    1,
    0,
    3,
    1,
    0,
    0,
    3,
    1,
    3,
    2,
    0,
    3,
    1,
    2,
    1,
    2,
    2,
    3,
    0,
    0,
    0,
    0,
    2,
    3,
    0,
    1,
    0,
    3,
    2,
    3,
    0,
    0,
    2,
    0,
    0,
    2,
    0,
    0,
    1,
    0,
    0,
    1,
    2,
    2,
    0,
    3,
    0,
    2,
    2,
    0,
    2,
    2,
    2,
    0,
    3,
    2,
    0,
    2,
    0,
    3,
    0,
    0,
    0,
    0,
    0,
    0,
    2,
    0,
    0,
    2,
    0,
    2,
    0,
    0,
    0,
    2,
    0,
    0,
    2,
    0,
    0,
    3,
    0,
    0,
    1,
    2,
    3,
    2,
    2,
    0,
    0,
    3,
    1,
    0,
    3,
    0,
    0,
    0,
    0,
    0,
    0,
    0,
    1,
    1,
    1,
    0,
    2,
    0,
    1,
    0,
    0,
    2,
    0,
    1,
    0,
    0,
    0,
    1,
    2,
    0,
    2,
    0,
    0,
    0,
    0,
    2,
    0,
    0,
    3,
    2,
    0,
    0,
    0,
    1,
    0,
    1,
    2,
    0,
    2,
    2,
    2,
    2,
    2,
    0,
    2,
    2,
    1,
    0,
    0,
    3,
    1,
    0,
    1,
    0,
    0,
    0,
    0,
    0,
    2,
    0,
    2,
    0,
    0,
    2,
    2,
    1,
    0,
    0,
    1,
    0,
    3,
    1,
    0,
    1,
    1,
    1,
    0,
    0,
    3,
    2,
    3,
    2,
    0,
    0,
    1,
    2,
    2,
    0,
    3,
    0,
    1,
    0,
    0,
    0,
    2,
    1,
    2,
    0,
    0,
    0,
    0,
    0,
    2,
    1,
    0,
    0,
    1,
    0,
    0,
    0,
    3,
    2,
    2,
    0,
    0,
    2,
    0,
    0,
    0,
    3,
    1,
    2,
    1,
    0,
    1,
    1,
    2,
    0,
    1,
    0,
    0,
    3,
    0,
    0,
    3
  ],