{
  "n_eval": 600,
  "elapsed": 467.43364882597234,
  "f1_raw": 0.27593972423240715,
  "acc_raw": 0.2966666666666667,
  "f1_norm": 0.27593972423240715,
  "acc_norm": 0.2966666666666667,
  "confusion_matrix_raw": [
    [
      64,
      13,
      53,
      20
    ],
    [
      65,
      27,
      85,
      23
    ],
    [
      49,
      11,
      70,
      20
    ],
    [
      22,
      9,
      52,
      17
    ]
  ],
  "preds_raw": [
    3,
    2,
    2,
    2,
    0,
    1,
    2,
    2,
    1,
    3,
    2,
    2,
    0,
    2,
    2,
    1,
    3,
    0,
    0,
    3,
    0,
    0,
    0,
    2,
    2,
    2,
    2,
    2,
    0,
    2,
    0,
    0,
    2,
    0,
    2,
    0,
    2,
    0,
    1,
    0,
    2,
    3,
    0,
    0,
    0,
    0,
    0,
    2,
    2,
    0,
    3,
    3,
    2,
    0,
    0,
    2,
    2,
    1,
    3,
    1,
    2,
    2,
    0,
    0,
    2,
    3,
    2,
    0,
    0,
    1,
    2,
    2,
    0,
    1,
    3,
    2,
    2,
    0,
    0,
    3,
    2,
    3,
    3,
    3,
    3,
    2,
    3,
    0,
    2,
    1,
    1,
    0,
    3,
    0,
    2,
    0,
    2,
    2,
    1,
    1,
    0,
    0,
    0,
    0,
    3,
    0,
    2,
    2,
    1,
    2,
    0,
    0,
    2,
    0,
    3,
    1,
    3,
    2,
    2,
    1,
    2,
    0,
    0,
    0,
    2,
    0,
    0,
    0,
    2,
    2,
    2,
    1,
    3,
    0,
    2,
    0,
    2,
    2,
    0,
    3,
    0,
    1,
    2,
    3,
    2,
    2,
    0,
    3,
    0,
    0,
    3,
    2,
    2,
    0,
    2,
    2,
    2,
    3,
    0,
    0,
    2,
    3,
    0,
    0,
    2,
    2,
    0,
    2,
    0,
    2,
    2,
    2,
    1,
    0,
    2,
    2,
    2,
    0,
    0,
    0,
    0,
    1,
    2,
    2,
    2,
    3,
    3,
    0,
    2,
    2,
    2,
    2,
    2,
    2,
    1,
    0,
    2,
    2,
    1,
    0,
    3,
    2,
    2,
    2,
    1,
    0,
    2,
    0,
    0,
    3,
    0,
    0,
    0,
    2,
    3,
    2,
    2,
    2,
    0,
    0,
    3,
    2,
    3,
    3,
    3,
    2,
    0,
    2,
    0,
    0,
    1,
    2,
    3,
    2,
    2,
    0,
    2,
    2,
    0,
    2,
    1,
    1,
    3,
    1,
    0,
    3,
    0,
    3,
    1,
    2,
    0,
    0,
    2,
    0,
    0,
    0,
    1,
    2,
    1,
    0,
    2,
    2,
    2,
    2,
    2,
    2,
    0,
    2,
    0,
    1,
    2,
    2,
    0,
    0,
    2,
    2,
    2,
    2,
    2,
    2,
    2,
    0,
    2,
    3,
    0,
    2,
    0,
    2,
    0,
    1,
    2,
    0,
    0,
    0,
    2,
    0,
    2,
    2,
    0,
    0,
    0,
    2,
    2,
    2,
    2,
    2,
    2,
    3,
    2,
    0,
    2,
    0,
    2,
    2,
    3,
    2,
    2,
    2,
    2,
    2,
    0,
    2,
    1,
    3,
    0,
    0,
    1,
    2,
    2,
    2,
    2,
    3,
    0,
    2,
    2,
    0,
    2,
    2,
    0,
    2,
    2,
    1,
    2,
    2,
    0,
    2,
    2,
    2,
    0,
    0,
    2,
    0,
    0,
    3,
    1,
    2,
    2,
    0,
    3,
    2,
    0,
    2,
    2,
    3,
    2,
    2,
    0,
    0,
    3,
    2,
    0,
    2,
    2,
    3,
    1,
    0,
    3,
    2,
    2,
    0,
    2,
    2,
    2,
    2,
    2,
    1,
    0,
    1,
    2,
    2,
    0,
    0,
    2,
    1,
    2,
    1,
    0,
    3,
    0,
    2,
    0,
    1,
    0,
    2,
    0,
    3,
    2,
    2,
    2,
    0,
    2,
    0,
    1,
    2,
    0,
    0,
    3,
    0,
    0,
    1,
    2,
    3,
    0,
    0,
    2,
    0,
    0,
    2,
    3,
    2,
    1,
    0,
    3,
    2,
    2,
    0,
    2,
    2,
    2,
    2,
    0,
    3,
    2,
    2,
    2,
    0,
    0,
    3,
    3,
    2,
    2,
    3,
    0,
    0,
    3,
    0,
    2,
    1,
    3,
    2,
    2,
    0,
    1,
    2,
    2,
    0,
    2,
    0,
    2,
    2,
    0,
    3,
    2,
    2,
    3,
    3,
    0,
    2,
    2,
    0,
    1,
    0,
    2,
    0,
    2,
    0,
    2,
    2,
    0,
    1,
    2,
    2,
    0,
    2,
    0,
    3,
    2,
    0,
    3,
    2,
    2,
    2,
    2,
    2,
    2,
    0,
    0,
    3,
    1,
    0,
    1,
    2,
    2,
    2,
    0,
    2,
    2,
    0,
    0,
    0,
    1,
    2,
    0,
    0,
    1,
    1,
    2,
    2,
    1,
    0,
    0,
    2,
    2,
    3,
    2,
    2,
    0,
    1,
    0,
    2,
    2,
    0,
    0,
    0,
    0,
    2,
    3,
    0,
    1,
    0,
    0,
    0,
    2,
    0,
    0,
    2,
    0,
    0,
    1,
    3,
    2,
    2,
    1,
    1,
    0,
    2,
    3,
    2,
    0,
    3,
    0,
    2,
    0,
    2,
    3,
    2,
    2,
    3,
    0,
    2,
    2,
    2,
    2,
    0,
    2,
    2,
    0,
    2,
    2,
    0,
    0,
    0,
    3,
    2,
    3,
    1,
    2,
    0,
    3,
    3
  ],