{
  "n_eval": 600,
  "elapsed": 187.70805123995524,
  "f1_raw": 0.250174366407345,
  "acc_raw": 0.25333333333333335,
  "f1_norm": 0.250174366407345,
  "acc_norm": 0.25333333333333335,
  "confusion_matrix_raw": [
    [
      52,
      37,
      31,
      30
    ],
    [
      66,
      40,
      49,
      45
    ],
    [
      47,
      33,
      34,
      36
    ],
    [
      22,
      27,
      25,
      26
    ]
  ],
  "preds_raw": [
    0,
    0,
    2,
    0,
    3,
    1,
    0,
    0,
    1,
    0,
    1,
    3,
    2,
    0,
    2,
    2,
    2,
    3,
    0,
    3,
    2,
    2,
    3,
    0,
    1,
    3,
    0,
    0,
    2,
    3,
    0,
    0,
    2,
    0,
    1,
    2,
    3,
    0,
    0,
    1,
    0,
    0,
    1,
    0,
    2,
    3,
    3,
    1,
    1,
    0,
    0,
    2,
    2,
    2,
    0,
    1,
    3,
    0,
    2,
    1,
    3,
    2,
    0,
    1,
    2,
    1,
    3,
    3,
    2,
    2,
    3,
    3,
    1,
    2,
    1,
    1,
    0,
    0,
    3,
    2,
    3,
    0,
    2,
    3,
    0,
    3,
    2,
    0,
    2,
    1,
    3,
    1,
    2,
    3,
    3,
    0,
    0,
    2,
    0,
    0,
    3,
    0,
    2,
    3,
    1,
    3,
    0,
    3,
    1,
    1,
    3,
    2,
    0,
    1,
    1,
    1,
    3,
    3,
    1,
    2,
    1,
    1,
    2,
    1,
    0,
    2,
    3,
    3,
    0,
    1,
    3,
    2,
    3,
    0,
    3,
    1,
    0,
    3,
    0,
    1,
    3,
    0,
    1,
    0,
    3,
    3,
    0,
    0,
    2,
    3,
    2,
    2,
    1,
    0,
    0,
    1,
    1,
    0,
    0,
    3,
    1,
    1,
    3,
    0,
    0,
    2,
    3,
    0,
    0,
    2,
    1,
    2,
    3,
    1,
    0,
    0,
    2,
    0,
    1,
    0,
    0,
    2,
    0,
    0,
    0,
    0,
    1,
    0,
    2,
    1,
    0,
    2,
    1,
    1,
    1,
    0,
    0,
    3,
    0,
    1,
    0,
    0,
    3,
    2,
    1,
    0,
    2,
    2,
    3,
    3,
    0,
    0,
    1,
    3,
    3,
    3,
    2,
    2,
    0,
    0,
    1,
    3,
    2,
    2,
    2,
    3,
    0,
    1,
    3,
    3,
    0,
    3,
    2,
    0,
    0,
    0,
    0,
    0,
    2,
    1,
    1,
    1,
    2,
    0,
    3,
    2,
    3,
    2,
    3,
    3,
    0,
    0,
    0,
    3,
    2,
    2,
    1,
    1,
    3,
    2,
    2,
    0,
    2,
    1,
    0,
    0,
    3,
    3,
    1,
    2,
    2,
    0,
    3,
    2,
    1,
    0,
    1,
    1,
    2,
    0,
    0,
    3,
    0,
    1,
    2,
    3,
    2,
    0,
    2,
    1,
    1,
    0,
    0,
    3,
    0,
    3,
    2,
    0,
    3,
    3,
    2,
    0,
    0,
    3,
    3,
    3,
    1,
    1,
    1,
    0,
    3,
    3,
    0,
    0,
    0,
    1,
    1,
    0,
    2,
    2,
    2,
    2,
    2,
    0,
    1,
    0,
    0,
    3,
    1,
    0,
    2,
    2,
    1,
    0,
    2,
    1,
    0,
    2,
    3,
    3,
    3,
    0,
    0,
    2,
    0,
    3,
    2,
    1,
    2,
    2,
    2,
    1,
    0,
    1,
    1,
    2,
    0,
    3,
    2,
    3,
    3,
    0,
    1,
    2,
    2,
    3,
    3,
    0,
    3,
    0,
    0,
    2,
    1,
    3,
    0,
    1,
    0,
    1,
    2,
    0,
    1,
    0,
    0,
    0,
    0,
    0,
    0,
    3,
    0,
    2,
    0,
    3,
    3,
    1,
    0,
    1,
    1,
    2,
    3,
    0,
    1,
    0,
    3,
    2,
    3,
    3,
    3,
    1,
    0,
    0,
    0,
    1,
    1,
    1,
    0,
    1,
    2,
    2,
    2,
    0,
    3,
    0,
    2,
    1,
    1,
    2,
    3,
    3,
    0,
    3,
    1,
    0,
    2,
    3,
    0,
    0,
    0,
    1,
    3,
    1,
    3,
    2,
    3,
    1,
    2,
    0,
    2,
    3,
    3,
    0,
    2,
    2,
    3,
    2,
    3,
    0,
    1,
    0,
    0,
    3,
    3,
    0,
    0,
    2,
    2,
    0,
    3,
    1,
    0,
    1,
    1,
    3,
    2,
    0,
    1,
    0,
    3,
    0,
    3,
    0,
    1,
    2,
    1,
    2,
    3,
    0,
    2,
    3,
    2,
    0,
    3,
    2,
    1,
    2,
    3,
    2,
    1,
    2,
    0,
    1,
    1,
    3,
    0,
    0,
    0,
    0,
    0,
    0,
    0,
    2,
    1,
    3,
    1,
    3,
    2,
    2,
    1,
    1,
    0,
    2,
    1,
    3,
    1,
    0,
    2,
    2,
    3,
    0,
    2,
    1,
    3,
    0,
    0,
    2,
    0,
    2,
    3,
    0,
    3,
    1,
    2,
    2,
    3,
    1,
    1,
    0,
    2,
    3,
    1,
    0,
    2,
    1,
    1,
    3,
    2,
    0,
    2,
    1,
    1,
    2,
    0,
    2,
    3,
    0,
    1,
    1,
    1,
    0,
    0,
    0,
    2,
    1,
    2,
    1,
    1,
    3,
    2,
    1,
    1,
    0,
    2,
    1,
    3,
    3,
    0,
    3,
    0,
    3,
    2,
    1,
    0,
    1,
    2,
    1,
    1,
    1,
    3,
    1,
    3,
    2
  ],