{
  "n_eval": 600,
  "elapsed": 187.99532958504278,
  "f1_raw": 0.25963896139296466,
  "acc_raw": 0.275,
  "f1_norm": 0.25963896139296466,
  "acc_norm": 0.275,
  "confusion_matrix_raw": [
    [
      51,
      47,
      9,
      43
    ],
    [
      61,
      68,
      23,
      48
    ],
    [
      39,
      52,
      19,
      40
    ],
    [
      22,
      34,
      17,
      27
    ]
  ],
  "preds_raw": [
    0,
    0,
    1,
    0,
    3,
    1,
    0,
    0,
    1,
    3,
    1,
    3,
    2,
    0,
    1,
    1,
    2,
    1,
    0,
    1,
    1,
    1,
    3,
    0,
    1,
    1,
    0,
    0,
    3,
    0,
    0,
    0,
    3,
    0,
    0,
    3,
    3,
    2,
    3,
    1,
    0,
    0,
    1,
    3,
    2,
    1,
    3,
    3,
    1,
    0,
    0,
    2,
    2,
    2,
    3,
    1,
    1,
    3,
    1,
    3,
    1,
    1,
    0,
    1,
    2,
    1,
    3,
    3,
    3,
    2,
    0,
    3,
    1,
    2,
    1,
    3,
    0,
    0,
    1,
    1,
    3,
    0,
    2,
    1,
    0,
    3,
    3,
    1,
    1,
    1,
    1,
    1,
    0,
    1,
    3,
    1,
    3,
    1,
    0,
    0,
    3,
    0,
    2,
    3,
    3,
    2,
    0,
    3,
    0,
    2,
    3,
    3,
    0,
    1,
    3,
    1,
    3,
    3,
    1,
    2,
    1,
    1,
    2,
    0,
    0,
    3,
    3,
    3,
    1,
    1,
    3,
    1,
    3,
    0,
    3,
    1,
    3,
    0,
    0,
    1,
    3,
    0,
    3,
    0,
    0,
    3,
    2,
    3,
    2,
    3,
    1,
    3,
    1,
    0,
    3,
    1,
    1,
    2,
    1,
    3,
    1,
    0,
    1,
    0,
    0,
    2,
    3,
    0,
    1,
    3,
    1,
    3,
    1,
    1,
    0,
    1,
    1,
    0,
    1,
    0,
    1,
    2,
    0,
    1,
    0,
    0,
    3,
    0,
    2,
    2,
    0,
    0,
    1,
    1,
    1,
    0,
    0,
    3,
    3,
    3,
    0,
    0,
    3,
    2,
    3,
    1,
    2,
    1,
    2,
    3,
    0,
    0,
    1,
    1,
    3,
    3,
    2,
    2,
    0,
    0,
    0,
    3,
    0,
    3,
    0,
    3,
    0,
    1,
    1,
    1,
    0,
    3,
    1,
    0,
    0,
    0,
    0,
    0,
    3,
    1,
    1,
    3,
    2,
    1,
    3,
    1,
    1,
    1,
    2,
    3,
    0,
    0,
    0,
    1,
    3,
    1,
    1,
    2,
    0,
    2,
    1,
    0,
    3,
    3,
    0,
    0,
    3,
    3,
    3,
    1,
    2,
    0,
    1,
    3,
    1,
    0,
    1,
    3,
    3,
    3,
    0,
    1,
    0,
    1,
    3,
    2,
    3,
    0,
    1,
    1,
    3,
    0,
    0,
    1,
    0,
    3,
    3,
    0,
    3,
    3,
    1,
    0,
    1,
    1,
    3,
    2,
    1,
    1,
    1,
    0,
    2,
    3,
    0,
    0,
    0,
    0,
    3,
    0,
    3,
    3,
    2,
    0,
    2,
    0,
    1,
    0,
    0,
    3,
    1,
    2,
    3,
    3,
    1,
    0,
    1,
    1,
    0,
    1,
    3,
    3,
    3,
    0,
    0,
    2,
    0,
    1,
    2,
    1,
    1,
    1,
    1,
    1,
    0,
    1,
    1,
    2,
    0,
    3,
    2,
    3,
    3,
    0,
    1,
    1,
    1,
    3,
    1,
    0,
    1,
    0,
    0,
    2,
    1,
    3,
    0,
    1,
    1,
    1,
    1,
    0,
    1,
    0,
    3,
    0,
    0,
    0,
    2,
    1,
    0,
    1,
    1,
    3,
    3,
    1,
    0,
    1,
    3,
    0,
    3,
    0,
    1,
    0,
    1,
    2,
    3,
    3,
    3,
    1,
    0,
    0,
    3,
    1,
    1,
    1,
    0,
    3,
    3,
    1,
    0,
    0,
    1,
    0,
    1,
    1,
    0,
    0,
    1,
    3,
    0,
    3,
    3,
    0,
    1,
    3,
    0,
    0,
    0,
    1,
    3,
    1,
    3,
    1,
    1,
    3,
    1,
    1,
    2,
    3,
    3,
    0,
    3,
    2,
    1,
    1,
    3,
    0,
    3,
    0,
    0,
    1,
    3,
    0,
    0,
    1,
    3,
    1,
    3,
    0,
    3,
    1,
    1,
    3,
    1,
    0,
    3,
    0,
    1,
    0,
    3,
    0,
    1,
    2,
    1,
    3,
    3,
    0,
    1,
    1,
    1,
    0,
    3,
    1,
    1,
    2,
    3,
    2,
    1,
    1,
    0,
    1,
    1,
    0,
    0,
    0,
    2,
    0,
    0,
    0,
    0,
    2,
    1,
    3,
    2,
    1,
    1,
    2,
    1,
    1,
    3,
    1,
    1,
    3,
    3,
    0,
    1,
    2,
    3,
    3,
    1,
    1,
    3,
    0,
    0,
    2,
    0,
    2,
    3,
    0,
    0,
    1,
    2,
    1,
    3,
    1,
    3,
    0,
    0,
    3,
    3,
    0,
    0,
    1,
    1,
    3,
    2,
    0,
    2,
    1,
    3,
    2,
    0,
    2,
    3,
    0,
    1,
    1,
    0,
    2,
    0,
    0,
    1,
    1,
    3,
    2,
    2,
    1,
    1,
    1,
    1,
    3,
    1,
    1,
    1,
    3,
    1,
    3,
    0,
    3,
    1,
    1,
    0,
    1,
    2,
    1,
    1,
    3,
    2,
    1,
    3,
    1
  ],