{
  "n_eval": 600,
  "elapsed": 312.8146776530193,
  "f1_raw": 0.2122468844425069,
  "acc_raw": 0.25,
  "f1_norm": 0.2122468844425069,
  "acc_norm": 0.25,
  "confusion_matrix_raw": [
    [
      70,
      28,
      47,
      5
    ],
    [
      91,
      31,
      65,
      13
    ],
    [
      73,
      22,
      46,
      9
    ],
    [
      41,
      20,
      36,
      3
    ]
  ],
  "preds_raw": [
    0,
    2,
    0,
    2,
    2,
    0,
    0,
    0,
    3,
    0,
    0,
    3,
    1,
    2,
    0,
    1,
    0,
    0,
    2,
    2,
    0,
    1,
    0,
    2,
    0,
    1,
    2,
    1,
    2,
    0,
    2,
    1,
    0,
    0,
    0,
    0,
    2,
    0,
    0,
    0,
    2,
    0,
    0,
    3,
    2,
    0,
    0,
    2,
    1,
    3,
    0,
    0,
    0,
    2,
    1,
    2,
    3,
    0,
    0,
    0,
    0,
    0,
    3,
    1,
    1,
    0,
    0,
    3,
    0,
    0,
    0,
    2,
    2,
    0,
    0,
    1,
    0,
    2,
    1,
    0,
    1,
    2,
    1,
    1,
    0,
    0,
    1,
    1,
    0,
    3,
    0,
    0,
    0,
    0,
    2,
    2,
    0,
    0,
    2,
    2,
    2,
    2,
    2,
    2,
    1,
    0,
    1,
    1,
    2,
    2,
    0,
    0,
    0,
    0,
    0,
    2,
    0,
    0,
    0,
    1,
    0,
    2,
    0,
    2,
    2,
    1,
    0,
    0,
    2,
    0,
    0,
    0,
    0,
    0,
    0,
    1,
    2,
    2,
    2,
    0,
    2,
    1,
    2,
    0,
    0,
    1,
    0,
    2,
    2,
    0,
    2,
    2,
    0,
    2,
    0,
    1,
    2,
    2,
    2,
    0,
    0,
    0,
    0,
    0,
    1,
    2,
    2,
    1,
    2,
    0,
    0,
    2,
    0,
    0,
    3,
    1,
    2,
    1,
    2,
    0,
    2,
    0,
    0,
    1,
    0,
    0,
    2,
    0,
    2,
    0,
    0,
    2,
    2,
    1,
    2,
    0,
    0,
    2,
    0,
    0,
    2,
    1,
    2,
    1,
    1,
    2,
    2,
    2,
    0,
    3,
    2,
    1,
    1,
    0,
    1,
    0,
    0,
    2,
    0,
    0,
    1,
    0,
    0,
    0,
    0,
    0,
    2,
    1,
    2,
    0,
    1,
    0,
    2,
    2,
    2,
    0,
    0,
    0,
    3,
    2,
    0,
    0,
    0,
    0,
    1,
    0,
    0,
    0,
    2,
    2,
    2,
    2,
    2,
    0,
    2,
    0,
    0,
    0,
    0,
    0,
    0,
    3,
    2,
    3,
    0,
    3,
    2,
    1,
    2,
    2,
    2,
    0,
    1,
    1,
    1,
    0,
    2,
    0,
    0,
    1,
    0,
    3,
    2,
    1,
    0,
    2,
    0,
    2,
    0,
    2,
    1,
    0,
    0,
    0,
    0,
    2,
    0,
    2,
    0,
    2,
    2,
    2,
    1,
    0,
    0,
    2,
    2,
    1,
    2,
    0,
    0,
    0,
    2,
    0,
    0,
    0,
    2,
    2,
    0,
    2,
    0,
    1,
    0,
    2,
    2,
    0,
    0,
    2,
    3,
    0,
    0,
    0,
    0,
    1,
    0,
    2,
    1,
    0,
    0,
    2,
    1,
    1,
    0,
    2,
    3,
    2,
    2,
    2,
    0,
    3,
    0,
    3,
    1,
    2,
    0,
    1,
    0,
    0,
    0,
    1,
    0,
    2,
    2,
    0,
    2,
    2,
    0,
    0,
    1,
    0,
    0,
    0,
    2,
    3,
    1,
    1,
    3,
    2,
    2,
    2,
    1,
    1,
    2,
    2,
    2,
    0,
    0,
    2,
    0,
    0,
    2,
    0,
    2,
    1,
    2,
    0,
    2,
    2,
    0,
    0,
    2,
    3,
    1,
    2,
    0,
    0,
    2,
    2,
    1,
    0,
    3,
    0,
    0,
    2,
    0,
    2,
    1,
    2,
    0,
    2,
    2,
    0,
    2,
    0,
    0,
    1,
    0,
    0,
    0,
    0,
    0,
    3,
    2,
    0,
    0,
    3,
    1,
    0,
    0,
    2,
    1,
    0,
    1,
    2,
    0,
    3,
    0,
    1,
    0,
    1,
    0,
    0,
    0,
    2,
    0,
    1,
    2,
    2,
    0,
    2,
    0,
    0,
    0,
    0,
    0,
    1,
    2,
    1,
    2,
    2,
    3,
    1,
    2,
    2,
    1,
    0,
    2,
    1,
    0,
    0,
    2,
    0,
    2,
    1,
    0,
    1,
    1,
    0,
    2,
    0,
    2,
    3,
    0,
    0,
    2,
    0,
    1,
    0,
    1,
    3,
    2,
    2,
    0,
    0,
    0,
    2,
    2,
    2,
    0,
    3,
    0,
    1,
    0,
    2,
    2,
    2,
    0,
    2,
    0,
    0,
    0,
    0,
    0,
    2,
    0,
    0,
    2,
    0,
    2,
    2,
    2,
    0,
    0,
    0,
    0,
    0,
    2,
    0,
    1,
    2,
    2,
    0,
    1,
    1,
    2,
    0,
    0,
    1,
    2,
    1,
    2,
    2,
    0,
    0,
    2,
    2,
    0,
    0,
    0,
    0,
    2,
    2,
    0,
    2,
    0,
    0,
    0,
    2,
    0,
    0,
    0,
    2,
    1,
    2,
    0,
    2,
    1,
    2,
    0,
    0,
    1,
    0,
    0,
    1,
    2,
    2,
    2,
    1,
    0,
    1,
    2,
    1,
    1,
    1,
    0,
    0,
    1,
    2,
    0,
    2
  ],