{
  "n_eval": 600,
  "elapsed": 203.64626805810258,
  "f1_raw": 0.25685736151697136,
  "acc_raw": 0.26166666666666666,
  "f1_norm": 0.25685736151697136,
  "acc_norm": 0.26166666666666666,
  "confusion_matrix_raw": [
    [
      47,
      16,
      44,
      43
    ],
    [
      54,
      29,
      59,
      58
    ],
    [
      49,
      14,
      53,
      34
    ],
    [
      30,
      13,
      29,
      28
    ]
  ],
  "preds_raw": [
    0,
    0,
    0,
    2,
    0,
    3,
    2,
    0,
    2,
    2,
    0,
    2,
    1,
    0,
    1,
    3,
    3,
    2,
    1,
    3,
    2,
    3,
    0,
    2,
    0,
    2,
    1,
    3,
    3,
    2,
    2,
    0,
    3,
    2,
    0,
    0,
    0,
    0,
    0,
    0,
    0,
    2,
    3,
    1,
    2,
    2,
    2,
    0,
    0,
    3,
    1,
    3,
    2,
    2,
    0,
    3,
    3,
    2,
    3,
    2,
    3,
    2,
    0,
    3,
    2,
    3,
    0,
    3,
    0,
    3,
    0,
    3,
    0,
    3,
    3,
    2,
    3,
    1,
    3,
    3,
    3,
    2,
    3,
    1,
    3,
    2,
    2,
    2,
    3,
    0,
    0,
    2,
    1,
    3,
    2,
    0,
    3,
    2,
    2,
    3,
    2,
    0,
    3,
    0,
    2,
    2,
    1,
    0,
    3,
    2,
    2,
    0,
    1,
    1,
    3,
    2,
    2,
    2,
    2,
    3,
    1,
    1,
    0,
    2,
    0,
    3,
    2,
    2,
    3,
    2,
    0,
    3,
    0,
    0,
    0,
    1,
    0,
    2,
    1,
    3,
    1,
    0,
    3,
    1,
    1,
    2,
    0,
    1,
    1,
    2,
    2,
    3,
    3,
    3,
    2,
    2,
    1,
    2,
    2,
    1,
    2,
    0,
    0,
    2,
    2,
    0,
    1,
    2,
    2,
    1,
    3,
    0,
    2,
    3,
    2,
    2,
    1,
    0,
    3,
    1,
    3,
    2,
    0,
    3,
    3,
    0,
    2,
    3,
    1,
    0,
    0,
    0,
    0,
    0,
    3,
    2,
    2,
    2,
    2,
    0,
    0,
    0,
    0,
    2,
    2,
    0,
    1,
    3,
    1,
    2,
    1,
    3,
    2,
    2,
    2,
    3,
    3,
    0,
    3,
    0,
    2,
    2,
    3,
    3,
    3,
    2,
    3,
    3,
    3,
    0,
    0,
    0,
    2,
    0,
    3,
    3,
    0,
    2,
    2,
    0,
    3,
    3,
    3,
    3,
    0,
    3,
    3,
    3,
    2,
    1,
    2,
    2,
    3,
    2,
    3,
    1,
    2,
    2,
    0,
    3,
    1,
    0,
    3,
    0,
    0,
    0,
    0,
    2,
    3,
    3,
    2,
    3,
    0,
    3,
    3,
    2,
    0,
    3,
    3,
    2,
    2,
    0,
    0,
    2,
    1,
    0,
    3,
    0,
    0,
    0,
    2,
    3,
    2,
    0,
    2,
    0,
    0,
    2,
    0,
    0,
    1,
    2,
    2,
    3,
    2,
    0,
    0,
    0,
    1,
    0,
    0,
    0,
    2,
    3,
    1,
    2,
    1,
    0,
    2,
    0,
    3,
    2,
    1,
    1,
    0,
    3,
    0,
    1,
    2,
    0,
    0,
    3,
    2,
    0,
    0,
    1,
    0,
    1,
    2,
    3,
    0,
    0,
    0,
    2,
    2,
    0,
    0,
    0,
    2,
    3,
    3,
    2,
    0,
    2,
    2,
    3,
    0,
    0,
    0,
    0,
    0,
    0,
    1,
    2,
    2,
    0,
    3,
    3,
    2,
    3,
    0,
    3,
    3,
    0,
    0,
    2,
    2,
    1,
    3,
    0,
    3,
    3,
    0,
    0,
    0,
    2,
    0,
    3,
    0,
    3,
    0,
    2,
    0,
    0,
    0,
    2,
    2,
    2,
    0,
    3,
    3,
    0,
    2,
    1,
    0,
    2,
    2,
    1,
    0,
    0,
    1,
    3,
    3,
    2,
    0,
    2,
    3,
    3,
    2,
    0,
    1,
    0,
    3,
    0,
    0,
    1,
    3,
    3,
    0,
    3,
    2,
    0,
    2,
    0,
    2,
    0,
    0,
    0,
    2,
    2,
    0,
    3,
    2,
    1,
    3,
    3,
    3,
    0,
    0,
    0,
    1,
    0,
    3,
    3,
    2,
    2,
    1,
    3,
    3,
    0,
    3,
    0,
    0,
    0,
    1,
    0,
    2,
    2,
    2,
    1,
    0,
    2,
    3,
    3,
    2,
    3,
    2,
    2,
    0,
    3,
    3,
    3,
    1,
    3,
    0,
    2,
    3,
    0,
    3,
    0,
    0,
    0,
    3,
    2,
    2,
    3,
    3,
    1,
    0,
    3,
    1,
    0,
    3,
    2,
    2,
    3,
    2,
    2,
    1,
    3,
    2,
    2,
    2,
    3,
    1,
    2,
    2,
    1,
    2,
    1,
    2,
    1,
    2,
    2,
    2,
    2,
    2,
    0,
    3,
    3,
    0,
    3,
    2,
    0,
    2,
    1,
    2,
    3,
    3,
    1,
    0,
    3,
    2,
    0,
    3,
    2,
    3,
    2,
    2,
    0,
    2,
    2,
    3,
    2,
    2,
    2,
    3,
    2,
    1,
    0,
    3,
    2,
    2,
    1,
    2,
    3,
    0,
    2,
    0,
    0,
    2,
    1,
    3,
    3,
    1,
    1,
    3,
    3,
    3,
    0,
    3,
    3,
    0,
    0,
    0,
    0,
    0,
    1,
    2,
    2,
    0,
    3,
    3,
    3,
    2,
    2,
    2,
    2,
    2,
    3
  ],