{
  "n_eval": 600,
  "elapsed": 467.4436752080219,
  "f1_raw": 0.24996540981296078,
  "acc_raw": 0.26666666666666666,
  "f1_norm": 0.24996540981296078,
  "acc_norm": 0.26666666666666666,
  "confusion_matrix_raw": [
    [
      62,
      14,
      60,
      14
    ],
    [
      91,
      23,
      75,
      11
    ],
    [
      57,
      18,
      59,
      16
    ],
    [
      27,
      12,
      45,
      16
    ]
  ],
  "preds_raw": [
    3,
    3,
    1,
    2,
    1,
    3,
    2,
    2,
    1,
    2,
    2,
    2,
    0,
    2,
    2,
    2,
    3,
    0,
    0,
    3,
    0,
    0,
    0,
    1,
    1,
    2,
    0,
    0,
    0,
    2,
    0,
    0,
    2,
    0,
    2,
    0,
    2,
    0,
    2,
    0,
    0,
    3,
    0,
    0,
    0,
    0,
    0,
    2,
    0,
    0,
    3,
    3,
    2,
    0,
    0,
    2,
    2,
    1,
    3,
    3,
    0,
    2,
    0,
    0,
    2,
    2,
    3,
    0,
    0,
    3,
    2,
    0,
    0,
    2,
    3,
    2,
    2,
    0,
    0,
    2,
    2,
    3,
    3,
    3,
    1,
    2,
    3,
    0,
    2,
    1,
    1,
    0,
    0,
    0,
    0,
    0,
    1,
    2,
    1,
    1,
    0,
    0,
    0,
    0,
    3,
    0,
    0,
    2,
    2,
    2,
    2,
    0,
    2,
    0,
    1,
    2,
    1,
    2,
    2,
    1,
    2,
    0,
    0,
    0,
    0,
    0,
    0,
    0,
    2,
    2,
    0,
    0,
    3,
    0,
    0,
    0,
    2,
    0,
    0,
    2,
    0,
    2,
    0,
    2,
    2,
    2,
    3,
    1,
    0,
    0,
    2,
    0,
    0,
    0,
    1,
    3,
    1,
    0,
    0,
    0,
    2,
    2,
    0,
    2,
    0,
    0,
    0,
    2,
    0,
    1,
    2,
    2,
    3,
    2,
    0,
    2,
    2,
    0,
    0,
    0,
    0,
    3,
    2,
    2,
    2,
    3,
    1,
    0,
    2,
    3,
    2,
    2,
    2,
    0,
    2,
    2,
    0,
    2,
    0,
    2,
    3,
    2,
    2,
    0,
    1,
    2,
    2,
    0,
    0,
    3,
    0,
    0,
    0,
    3,
    0,
    2,
    2,
    1,
    0,
    0,
    2,
    2,
    2,
    1,
    3,
    1,
    0,
    2,
    0,
    0,
    2,
    2,
    2,
    2,
    2,
    0,
    2,
    2,
    0,
    2,
    2,
    0,
    3,
    1,
    0,
    1,
    2,
    0,
    1,
    0,
    0,
    0,
    2,
    0,
    0,
    0,
    0,
    2,
    1,
    0,
    0,
    0,
    2,
    0,
    1,
    0,
    0,
    3,
    0,
    1,
    2,
    0,
    2,
    0,
    2,
    2,
    2,
    2,
    2,
    1,
    2,
    3,
    2,
    3,
    0,
    2,
    0,
    2,
    0,
    2,
    0,
    2,
    0,
    0,
    2,
    0,
    2,
    2,
    0,
    0,
    0,
    0,
    2,
    2,
    2,
    2,
    2,
    0,
    2,
    0,
    3,
    2,
    0,
    2,
    1,
    0,
    2,
    2,
    0,
    2,
    2,
    2,
    1,
    3,
    0,
    0,
    1,
    2,
    2,
    2,
    1,
    0,
    3,
    2,
    2,
    0,
    2,
    0,
    0,
    2,
    2,
    3,
    2,
    2,
    0,
    2,
    0,
    2,
    0,
    0,
    2,
    0,
    0,
    2,
    2,
    0,
    0,
    2,
    3,
    2,
    0,
    2,
    1,
    0,
    1,
    2,
    0,
    0,
    2,
    2,
    0,
    2,
    2,
    1,
    1,
    2,
    2,
    2,
    1,
    0,
    2,
    2,
    2,
    2,
    2,
    2,
    0,
    0,
    1,
    2,
    0,
    0,
    2,
    1,
    2,
    2,
    0,
    3,
    2,
    0,
    0,
    1,
    1,
    2,
    2,
    3,
    0,
    2,
    2,
    0,
    2,
    2,
    0,
    1,
    0,
    0,
    3,
    2,
    0,
    2,
    1,
    1,
    0,
    0,
    2,
    0,
    0,
    2,
    0,
    0,
    3,
    2,
    1,
    2,
    2,
    0,
    2,
    2,
    2,
    0,
    0,
    2,
    2,
    2,
    2,
    0,
    0,
    3,
    1,
    0,
    2,
    2,
    0,
    0,
    3,
    3,
    2,
    0,
    2,
    2,
    2,
    0,
    2,
    0,
    0,
    0,
    1,
    0,
    2,
    2,
    0,
    2,
    1,
    2,
    3,
    3,
    2,
    3,
    2,
    0,
    1,
    0,
    2,
    0,
    2,
    0,
    2,
    2,
    0,
    1,
    2,
    2,
    2,
    2,
    2,
    3,
    3,
    0,
    0,
    2,
    0,
    2,
    2,
    2,
    2,
    0,
    2,
    1,
    1,
    1,
    0,
    2,
    2,
    0,
    3,
    2,
    2,
    0,
    0,
    0,
    2,
    2,
    0,
    0,
    2,
    1,
    0,
    2,
    2,
    0,
    0,
    2,
    2,
    1,
    2,
    0,
    0,
    1,
    0,
    2,
    2,
    0,
    0,
    0,
    0,
    2,
    2,
    0,
    1,
    0,
    0,
    0,
    1,
    0,
    0,
    2,
    0,
    0,
    3,
    3,
    2,
    2,
    1,
    0,
    0,
    2,
    3,
    3,
    0,
    2,
    2,
    0,
    0,
    2,
    1,
    2,
    1,
    1,
    0,
    0,
    2,
    2,
    1,
    0,
    2,
    2,
    0,
    2,
    2,
    0,
    0,
    0,
    3,
    2,
    3,
    1,
    2,
    0,
    0,
    2
  ],