{
  "n_eval": 600,
  "elapsed": 216.05820567905903,
  "f1_raw": 0.2362604179446285,
  "acc_raw": 0.24166666666666667,
  "f1_norm": 0.2362604179446285,
  "acc_norm": 0.24166666666666667,
  "confusion_matrix_raw": [
    [
      50,
      12,
      39,
      49
    ],
    [
      67,
      21,
      45,
      67
    ],
    [
      57,
      9,
      44,
      40
    ],
    [
      36,
      8,
      26,
      30
    ]
  ],
  "preds_raw": [
    2,
    0,
    0,
    2,
    3,
    3,
    2,
    0,
    2,
    3,
    0,
    0,
    1,
    0,
    3,
    3,
    3,
    3,
    3,
    3,
    3,
    2,
    0,
    3,
    0,
    2,
    1,
    2,
    3,
    3,
    3,
    0,
    3,
    2,
    2,
    0,
    0,
    0,
    0,
    0,
    0,
    2,
    3,
    1,
    2,
    3,
    2,
    0,
    0,
    3,
    0,
    0,
    2,
    3,
    0,
    3,
    1,
    2,
    3,
    2,
    3,
    2,
    0,
    0,
    1,
    2,
    0,
    3,
    0,
    2,
    2,
    2,
    1,
    3,
    3,
    0,
    3,
    1,
    3,
    1,
    3,
    2,
    3,
    2,
    3,
    2,
    2,
    0,
    3,
    0,
    2,
    2,
    1,
    2,
    2,
    1,
    3,
    3,
    3,
    0,
    2,
    2,
    3,
    0,
    2,
    2,
    1,
    0,
    2,
    2,
    2,
    0,
    1,
    0,
    1,
    2,
    0,
    2,
    2,
    3,
    3,
    0,
    0,
    2,
    1,
    3,
    2,
    1,
    3,
    0,
    2,
    3,
    0,
    0,
    0,
    0,
    0,
    3,
    3,
    0,
    1,
    0,
    3,
    3,
    2,
    0,
    3,
    1,
    3,
    2,
    2,
    3,
    3,
    3,
    2,
    2,
    1,
    2,
    0,
    1,
    2,
    0,
    3,
    0,
    2,
    2,
    0,
    3,
    0,
    3,
    3,
    1,
    0,
    2,
    2,
    3,
    1,
    0,
    3,
    2,
    3,
    2,
    0,
    3,
    3,
    0,
    0,
    3,
    1,
    0,
    0,
    1,
    0,
    3,
    3,
    2,
    2,
    2,
    2,
    0,
    0,
    0,
    0,
    3,
    2,
    0,
    1,
    3,
    1,
    2,
    1,
    3,
    0,
    3,
    2,
    1,
    0,
    0,
    3,
    0,
    3,
    0,
    1,
    3,
    0,
    2,
    3,
    3,
    0,
    0,
    0,
    0,
    2,
    0,
    3,
    3,
    2,
    3,
    2,
    0,
    3,
    2,
    3,
    0,
    0,
    3,
    3,
    3,
    0,
    1,
    2,
    2,
    3,
    3,
    3,
    3,
    2,
    2,
    0,
    3,
    3,
    2,
    3,
    2,
    0,
    0,
    2,
    2,
    3,
    3,
    2,
    3,
    3,
    3,
    0,
    3,
    0,
    3,
    3,
    2,
    3,
    3,
    0,
    2,
    1,
    0,
    3,
    3,
    0,
    0,
    2,
    3,
    0,
    0,
    2,
    0,
    0,
    2,
    0,
    1,
    3,
    2,
    2,
    2,
    0,
    2,
    0,
    0,
    1,
    0,
    2,
    0,
    3,
    3,
    3,
    2,
    0,
    1,
    0,
    0,
    3,
    2,
    0,
    3,
    0,
    3,
    0,
    1,
    3,
    0,
    0,
    1,
    2,
    0,
    2,
    1,
    0,
    3,
    2,
    3,
    0,
    0,
    0,
    2,
    2,
    0,
    0,
    0,
    2,
    3,
    3,
    2,
    3,
    2,
    2,
    3,
    0,
    0,
    0,
    0,
    0,
    0,
    1,
    3,
    3,
    0,
    3,
    3,
    2,
    3,
    0,
    0,
    3,
    0,
    0,
    2,
    0,
    0,
    3,
    0,
    3,
    3,
    2,
    0,
    2,
    3,
    0,
    0,
    0,
    2,
    0,
    2,
    0,
    0,
    0,
    2,
    2,
    0,
    0,
    3,
    3,
    0,
    2,
    1,
    0,
    2,
    2,
    0,
    0,
    0,
    2,
    2,
    3,
    2,
    0,
    3,
    3,
    3,
    3,
    0,
    1,
    0,
    0,
    0,
    0,
    0,
    3,
    2,
    1,
    0,
    2,
    2,
    3,
    0,
    2,
    0,
    0,
    2,
    2,
    0,
    0,
    3,
    2,
    0,
    2,
    3,
    3,
    0,
    0,
    0,
    3,
    2,
    3,
    2,
    2,
    2,
    1,
    1,
    2,
    0,
    3,
    0,
    0,
    2,
    2,
    0,
    2,
    2,
    2,
    0,
    2,
    2,
    3,
    3,
    2,
    3,
    0,
    0,
    0,
    3,
    2,
    3,
    1,
    3,
    0,
    0,
    3,
    0,
    3,
    0,
    0,
    0,
    3,
    1,
    2,
    3,
    3,
    3,
    0,
    3,
    0,
    0,
    3,
    0,
    3,
    3,
    2,
    3,
    1,
    3,
    0,
    0,
    2,
    3,
    3,
    0,
    0,
    0,
    2,
    3,
    0,
    1,
    2,
    2,
    3,
    2,
    2,
    0,
    0,
    3,
    0,
    3,
    2,
    0,
    2,
    3,
    3,
    3,
    3,
    0,
    1,
    3,
    1,
    0,
    3,
    2,
    3,
    2,
    1,
    0,
    2,
    0,
    3,
    2,
    3,
    3,
    3,
    2,
    3,
    2,
    0,
    0,
    2,
    0,
    2,
    3,
    0,
    0,
    0,
    0,
    0,
    0,
    3,
    3,
    0,
    1,
    2,
    3,
    3,
    0,
    3,
    3,
    0,
    0,
    0,
    0,
    0,
    3,
    2,
    0,
    0,
    3,
    3,
    3,
    0,
    2,
    3,
    0,
    2,
    3
  ],