{
  "n_eval": 600,
  "elapsed": 214.7847533209715,
  "f1_raw": 0.25285614061665873,
  "acc_raw": 0.255,
  "f1_norm": 0.25285614061665873,
  "acc_norm": 0.255,
  "confusion_matrix_raw": [
    [
      48,
      20,
      34,
      48
    ],
    [
      60,
      29,
      52,
      59
    ],
    [
      55,
      6,
      42,
      47
    ],
    [
      27,
      15,
      24,
      34
    ]
  ],
  "preds_raw": [
    3,
    0,
    3,
    0,
    0,
    3,
    2,
    0,
    2,
    2,
    0,
    0,
    1,
    0,
    1,
    3,
    3,
    2,
    2,
    3,
    2,
    3,
    0,
    2,
    0,
    2,
    0,
    3,
    3,
    2,
    2,
    0,
    3,
    2,
    0,
    0,
    0,
    0,
    0,
    0,
    0,
    2,
    3,
    1,
    0,
    3,
    2,
    0,
    0,
    3,
    3,
    3,
    3,
    0,
    0,
    3,
    3,
    3,
    3,
    2,
    3,
    2,
    0,
    3,
    2,
    3,
    1,
    3,
    0,
    3,
    0,
    3,
    0,
    1,
    3,
    0,
    3,
    3,
    3,
    3,
    3,
    2,
    3,
    1,
    1,
    2,
    2,
    2,
    1,
    0,
    0,
    2,
    1,
    3,
    2,
    0,
    3,
    2,
    2,
    0,
    2,
    0,
    3,
    0,
    3,
    2,
    1,
    0,
    2,
    2,
    2,
    0,
    1,
    3,
    3,
    3,
    2,
    2,
    2,
    3,
    1,
    1,
    0,
    2,
    0,
    3,
    2,
    0,
    3,
    2,
    2,
    3,
    3,
    0,
    0,
    1,
    0,
    2,
    1,
    3,
    1,
    0,
    3,
    1,
    1,
    0,
    0,
    1,
    1,
    2,
    2,
    3,
    3,
    3,
    2,
    2,
    3,
    2,
    0,
    3,
    2,
    0,
    0,
    0,
    2,
    2,
    0,
    2,
    0,
    1,
    3,
    3,
    2,
    2,
    2,
    2,
    1,
    0,
    3,
    1,
    3,
    2,
    0,
    3,
    3,
    0,
    2,
    3,
    1,
    0,
    0,
    1,
    0,
    3,
    3,
    2,
    2,
    2,
    1,
    0,
    0,
    0,
    0,
    2,
    2,
    0,
    1,
    3,
    1,
    3,
    1,
    3,
    2,
    3,
    1,
    3,
    3,
    0,
    3,
    0,
    2,
    2,
    3,
    3,
    3,
    2,
    3,
    3,
    3,
    0,
    0,
    0,
    2,
    0,
    3,
    3,
    0,
    2,
    2,
    0,
    3,
    3,
    2,
    3,
    0,
    3,
    3,
    3,
    0,
    1,
    2,
    1,
    3,
    2,
    3,
    1,
    3,
    2,
    0,
    3,
    1,
    0,
    3,
    3,
    0,
    0,
    0,
    2,
    3,
    1,
    2,
    3,
    0,
    1,
    3,
    2,
    1,
    3,
    3,
    2,
    2,
    0,
    2,
    2,
    1,
    0,
    3,
    0,
    0,
    0,
    2,
    3,
    2,
    1,
    0,
    0,
    0,
    2,
    0,
    1,
    1,
    2,
    2,
    3,
    0,
    0,
    0,
    3,
    1,
    1,
    0,
    0,
    2,
    3,
    1,
    2,
    0,
    0,
    2,
    0,
    3,
    2,
    0,
    1,
    0,
    3,
    0,
    1,
    2,
    0,
    0,
    3,
    2,
    0,
    2,
    1,
    0,
    1,
    3,
    3,
    0,
    0,
    0,
    2,
    2,
    0,
    0,
    0,
    2,
    3,
    3,
    2,
    0,
    2,
    2,
    3,
    0,
    0,
    0,
    0,
    0,
    0,
    1,
    2,
    3,
    0,
    3,
    3,
    2,
    3,
    0,
    3,
    3,
    1,
    0,
    2,
    2,
    1,
    3,
    0,
    3,
    3,
    0,
    0,
    1,
    2,
    0,
    3,
    0,
    3,
    0,
    0,
    0,
    0,
    0,
    2,
    0,
    0,
    0,
    0,
    3,
    0,
    3,
    1,
    0,
    3,
    2,
    0,
    0,
    0,
    1,
    2,
    3,
    2,
    0,
    2,
    3,
    3,
    2,
    0,
    1,
    3,
    3,
    0,
    0,
    0,
    3,
    3,
    0,
    1,
    0,
    2,
    2,
    0,
    2,
    0,
    0,
    0,
    2,
    3,
    0,
    3,
    2,
    1,
    3,
    3,
    3,
    0,
    0,
    2,
    1,
    0,
    3,
    3,
    2,
    2,
    1,
    3,
    3,
    0,
    3,
    0,
    3,
    3,
    1,
    0,
    2,
    2,
    2,
    0,
    0,
    2,
    3,
    3,
    3,
    3,
    2,
    2,
    0,
    3,
    3,
    3,
    1,
    3,
    0,
    2,
    3,
    2,
    3,
    0,
    0,
    0,
    3,
    2,
    2,
    3,
    3,
    3,
    0,
    3,
    0,
    0,
    3,
    0,
    2,
    3,
    2,
    2,
    3,
    3,
    2,
    3,
    2,
    2,
    1,
    2,
    0,
    1,
    2,
    1,
    2,
    1,
    2,
    0,
    3,
    2,
    2,
    0,
    3,
    3,
    0,
    3,
    2,
    0,
    2,
    3,
    2,
    3,
    3,
    0,
    0,
    3,
    1,
    3,
    3,
    2,
    3,
    3,
    0,
    0,
    2,
    3,
    3,
    2,
    2,
    2,
    3,
    2,
    1,
    0,
    3,
    0,
    2,
    1,
    2,
    3,
    0,
    2,
    0,
    0,
    3,
    0,
    0,
    3,
    0,
    1,
    3,
    3,
    3,
    2,
    3,
    3,
    0,
    0,
    0,
    0,
    0,
    1,
    3,
    2,
    0,
    3,
    3,
    3,
    0,
    2,
    2,
    2,
    2,
    3
  ],