{
  "n_eval": 600,
  "elapsed": 187.86161944898777,
  "f1_raw": 0.26334373719221915,
  "acc_raw": 0.27666666666666667,
  "f1_norm": 0.26334373719221915,
  "acc_norm": 0.27666666666666667,
  "confusion_matrix_raw": [
    [
      68,
      33,
      30,
      19
    ],
    [
      77,
      43,
      48,
      32
    ],
    [
      61,
      27,
      37,
      25
    ],
    [
      32,
      24,
      26,
      18
    ]
  ],
  "preds_raw": [
    0,
    0,
    1,
    0,
    3,
    1,
    0,
    0,
    1,
    0,
    1,
    3,
    2,
    0,
    2,
    2,
    2,
    3,
    0,
    0,
    2,
    2,
    3,
    0,
    0,
    0,
    0,
    0,
    2,
    2,
    0,
    2,
    2,
    1,
    2,
    1,
    3,
    0,
    0,
    1,
    0,
    0,
    0,
    0,
    0,
    3,
    2,
    1,
    0,
    1,
    0,
    1,
    2,
    2,
    0,
    1,
    0,
    0,
    2,
    1,
    1,
    2,
    0,
    1,
    0,
    1,
    3,
    2,
    0,
    2,
    3,
    3,
    3,
    2,
    1,
    2,
    0,
    0,
    0,
    2,
    2,
    0,
    2,
    1,
    0,
    0,
    2,
    3,
    0,
    1,
    0,
    0,
    2,
    0,
    3,
    0,
    0,
    0,
    0,
    1,
    0,
    0,
    2,
    0,
    1,
    3,
    0,
    1,
    0,
    1,
    2,
    2,
    0,
    1,
    1,
    1,
    3,
    3,
    0,
    2,
    0,
    3,
    2,
    0,
    0,
    2,
    3,
    3,
    1,
    1,
    3,
    2,
    3,
    0,
    0,
    1,
    3,
    2,
    0,
    0,
    3,
    0,
    3,
    0,
    3,
    3,
    0,
    0,
    2,
    3,
    2,
    2,
    1,
    0,
    0,
    0,
    1,
    2,
    0,
    1,
    1,
    1,
    0,
    0,
    0,
    0,
    0,
    0,
    0,
    2,
    0,
    2,
    3,
    1,
    0,
    0,
    2,
    0,
    1,
    0,
    0,
    2,
    0,
    0,
    0,
    0,
    1,
    0,
    2,
    0,
    0,
    2,
    1,
    1,
    1,
    0,
    0,
    0,
    0,
    0,
    0,
    0,
    3,
    2,
    1,
    1,
    2,
    2,
    3,
    3,
    0,
    0,
    1,
    1,
    0,
    1,
    2,
    2,
    0,
    0,
    0,
    2,
    2,
    2,
    2,
    3,
    0,
    0,
    1,
    0,
    0,
    1,
    2,
    0,
    0,
    0,
    0,
    0,
    2,
    1,
    1,
    3,
    2,
    0,
    3,
    2,
    1,
    2,
    2,
    3,
    0,
    0,
    0,
    0,
    2,
    2,
    0,
    2,
    2,
    0,
    2,
    0,
    2,
    1,
    0,
    0,
    3,
    0,
    3,
    2,
    2,
    0,
    3,
    2,
    0,
    0,
    2,
    0,
    2,
    0,
    0,
    3,
    0,
    1,
    0,
    2,
    2,
    0,
    2,
    1,
    0,
    2,
    0,
    1,
    0,
    3,
    2,
    0,
    3,
    3,
    2,
    0,
    0,
    1,
    1,
    3,
    1,
    1,
    1,
    0,
    2,
    1,
    0,
    0,
    0,
    0,
    1,
    0,
    2,
    3,
    2,
    2,
    2,
    0,
    1,
    0,
    0,
    0,
    1,
    0,
    2,
    3,
    1,
    0,
    1,
    1,
    0,
    2,
    3,
    3,
    2,
    0,
    0,
    2,
    0,
    3,
    2,
    3,
    2,
    0,
    2,
    0,
    0,
    1,
    1,
    2,
    0,
    3,
    2,
    3,
    3,
    0,
    1,
    2,
    2,
    3,
    1,
    0,
    1,
    0,
    0,
    0,
    1,
    0,
    0,
    0,
    0,
    3,
    2,
    0,
    1,
    0,
    0,
    0,
    0,
    0,
    0,
    1,
    0,
    2,
    1,
    3,
    3,
    1,
    0,
    1,
    0,
    2,
    0,
    0,
    1,
    0,
    0,
    2,
    1,
    1,
    3,
    1,
    0,
    0,
    0,
    3,
    0,
    1,
    1,
    1,
    2,
    2,
    2,
    0,
    3,
    0,
    2,
    1,
    1,
    2,
    3,
    3,
    0,
    3,
    1,
    0,
    1,
    3,
    0,
    0,
    0,
    1,
    3,
    1,
    3,
    2,
    3,
    3,
    2,
    0,
    2,
    2,
    3,
    0,
    2,
    2,
    0,
    2,
    3,
    0,
    3,
    0,
    0,
    3,
    2,
    0,
    0,
    2,
    2,
    0,
    3,
    0,
    3,
    3,
    1,
    3,
    2,
    2,
    3,
    0,
    3,
    0,
    3,
    0,
    1,
    2,
    1,
    3,
    3,
    0,
    2,
    1,
    2,
    0,
    3,
    2,
    1,
    2,
    3,
    2,
    1,
    2,
    0,
    1,
    1,
    0,
    0,
    0,
    0,
    0,
    0,
    0,
    0,
    2,
    1,
    3,
    1,
    1,
    2,
    2,
    1,
    1,
    0,
    2,
    1,
    3,
    1,
    0,
    2,
    0,
    3,
    0,
    1,
    1,
    3,
    0,
    0,
    2,
    0,
    2,
    0,
    0,
    2,
    1,
    0,
    2,
    3,
    0,
    1,
    0,
    2,
    3,
    1,
    0,
    0,
    1,
    1,
    3,
    2,
    0,
    2,
    1,
    1,
    2,
    0,
    2,
    3,
    0,
    0,
    1,
    0,
    2,
    0,
    0,
    0,
    3,
    2,
    1,
    2,
    3,
    2,
    1,
    1,
    1,
    2,
    1,
    1,
    0,
    0,
    3,
    0,
    3,
    1,
    1,
    0,
    1,
    2,
    1,
    1,
    1,
    2,
    1,
    3,
    2
  ],