{
  "n_eval": 600,
  "elapsed": 208.81715651601553,
  "f1_raw": 0.24812177889528514,
  "acc_raw": 0.25333333333333335,
  "f1_norm": 0.24812177889528514,
  "acc_norm": 0.25333333333333335,
  "confusion_matrix_raw": [
    [
      53,
      10,
      36,
      51
    ],
    [
      61,
      24,
      43,
      72
    ],
    [
      55,
      11,
      46,
      38
    ],
    [
      31,
      9,
      31,
      29
    ]
  ],
  "preds_raw": [
    0,
    0,
    2,
    0,
    1,
    3,
    2,
    0,
    0,
    3,
    0,
    0,
    1,
    0,
    3,
    3,
    3,
    3,
    3,
    3,
    3,
    2,
    0,
    3,
    0,
    2,
    1,
    3,
    3,
    3,
    3,
    0,
    3,
    2,
    2,
    0,
    1,
    2,
    0,
    3,
    0,
    2,
    3,
    1,
    2,
    3,
    2,
    0,
    0,
    3,
    0,
    0,
    2,
    3,
    2,
    3,
    1,
    2,
    2,
    0,
    3,
    2,
    0,
    0,
    1,
    3,
    0,
    3,
    0,
    2,
    2,
    2,
    1,
    3,
    3,
    0,
    3,
    1,
    3,
    1,
    3,
    2,
    3,
    2,
    3,
    2,
    2,
    2,
    3,
    0,
    2,
    2,
    1,
    2,
    2,
    1,
    3,
    3,
    3,
    0,
    2,
    2,
    3,
    0,
    2,
    2,
    1,
    0,
    2,
    2,
    2,
    0,
    1,
    3,
    1,
    3,
    0,
    2,
    2,
    3,
    3,
    0,
    0,
    2,
    1,
    3,
    2,
    0,
    3,
    0,
    2,
    3,
    0,
    0,
    0,
    0,
    0,
    3,
    3,
    2,
    1,
    0,
    3,
    3,
    2,
    0,
    3,
    1,
    3,
    2,
    2,
    3,
    3,
    3,
    3,
    2,
    1,
    2,
    2,
    1,
    2,
    0,
    3,
    2,
    2,
    2,
    0,
    3,
    0,
    3,
    3,
    1,
    0,
    0,
    2,
    3,
    1,
    0,
    2,
    2,
    3,
    2,
    0,
    3,
    3,
    0,
    0,
    3,
    1,
    0,
    2,
    2,
    0,
    3,
    0,
    2,
    2,
    2,
    2,
    0,
    0,
    0,
    0,
    3,
    2,
    0,
    1,
    3,
    3,
    2,
    1,
    3,
    0,
    2,
    2,
    1,
    0,
    0,
    3,
    0,
    3,
    2,
    1,
    3,
    0,
    2,
    3,
    3,
    0,
    0,
    0,
    0,
    2,
    0,
    3,
    3,
    2,
    3,
    2,
    0,
    3,
    2,
    3,
    3,
    0,
    3,
    3,
    3,
    2,
    1,
    2,
    2,
    3,
    3,
    3,
    3,
    0,
    2,
    0,
    3,
    3,
    2,
    3,
    2,
    0,
    0,
    3,
    2,
    3,
    3,
    2,
    3,
    0,
    3,
    3,
    3,
    0,
    3,
    3,
    2,
    3,
    0,
    0,
    2,
    1,
    0,
    3,
    3,
    0,
    0,
    2,
    3,
    0,
    0,
    0,
    0,
    0,
    2,
    0,
    0,
    3,
    2,
    2,
    3,
    0,
    0,
    0,
    0,
    1,
    0,
    2,
    0,
    3,
    3,
    3,
    2,
    0,
    1,
    3,
    0,
    3,
    2,
    0,
    3,
    0,
    3,
    0,
    2,
    3,
    0,
    0,
    1,
    0,
    0,
    3,
    1,
    0,
    3,
    2,
    3,
    0,
    2,
    0,
    2,
    2,
    0,
    0,
    0,
    2,
    3,
    3,
    2,
    3,
    2,
    2,
    3,
    0,
    0,
    0,
    0,
    0,
    0,
    1,
    3,
    2,
    1,
    3,
    3,
    0,
    3,
    0,
    3,
    2,
    0,
    0,
    2,
    2,
    0,
    3,
    0,
    3,
    3,
    2,
    0,
    2,
    3,
    0,
    3,
    0,
    3,
    0,
    0,
    0,
    0,
    0,
    2,
    2,
    0,
    0,
    3,
    3,
    0,
    2,
    1,
    0,
    2,
    2,
    1,
    0,
    0,
    2,
    0,
    3,
    2,
    0,
    3,
    3,
    3,
    3,
    0,
    1,
    0,
    0,
    0,
    0,
    1,
    2,
    0,
    1,
    0,
    2,
    2,
    3,
    0,
    0,
    0,
    0,
    2,
    2,
    2,
    1,
    3,
    0,
    1,
    2,
    3,
    3,
    0,
    0,
    0,
    1,
    2,
    3,
    2,
    2,
    2,
    1,
    1,
    2,
    0,
    3,
    0,
    0,
    0,
    2,
    0,
    2,
    2,
    2,
    0,
    0,
    2,
    3,
    3,
    2,
    3,
    0,
    0,
    2,
    3,
    3,
    3,
    1,
    3,
    0,
    0,
    3,
    0,
    3,
    0,
    0,
    0,
    3,
    1,
    2,
    3,
    3,
    3,
    0,
    2,
    0,
    0,
    3,
    0,
    3,
    3,
    2,
    3,
    1,
    3,
    3,
    0,
    2,
    3,
    1,
    2,
    2,
    0,
    0,
    3,
    0,
    1,
    2,
    0,
    3,
    2,
    2,
    0,
    0,
    3,
    0,
    3,
    2,
    0,
    2,
    1,
    3,
    3,
    3,
    0,
    1,
    3,
    0,
    0,
    3,
    2,
    3,
    2,
    1,
    0,
    2,
    2,
    3,
    2,
    3,
    2,
    3,
    2,
    3,
    2,
    3,
    0,
    2,
    0,
    2,
    3,
    0,
    0,
    0,
    0,
    2,
    0,
    3,
    3,
    0,
    1,
    3,
    3,
    3,
    0,
    3,
    3,
    0,
    0,
    2,
    0,
    2,
    3,
    2,
    0,
    0,
    3,
    3,
    2,
    0,
    2,
    3,
    0,
    2,
    3
  ],