{
  "n_eval": 600,
  "elapsed": 312.71244167594705,
  "f1_raw": 0.20511855085509534,
  "acc_raw": 0.245,
  "f1_norm": 0.20511855085509534,
  "acc_norm": 0.245,
  "confusion_matrix_raw": [
    [
      70,
      28,
      47,
      5
    ],
    [
      96,
      30,
      62,
      12
    ],
    [
      74,
      21,
      45,
      10
    ],
    [
      49,
      17,
      32,
      2
    ]
  ],
  "preds_raw": [
    0,
    2,
    0,
    3,
    2,
    0,
    0,
    1,
    3,
    2,
    0,
    2,
    0,
    2,
    0,
    1,
    0,
    0,
    2,
    2,
    0,
    2,
    2,
    2,
    0,
    1,
    2,
    2,
    3,
    0,
    2,
    0,
    0,
    0,
    2,
    0,
    2,
    0,
    0,
    0,
    2,
    0,
    0,
    3,
    2,
    0,
    1,
    2,
    1,
    2,
    2,
    0,
    0,
    2,
    3,
    3,
    1,
    1,
    2,
    0,
    0,
    0,
    2,
    0,
    1,
    1,
    0,
    0,
    0,
    0,
    0,
    2,
    2,
    0,
    0,
    0,
    1,
    2,
    1,
    0,
    0,
    2,
    0,
    1,
    0,
    0,
    1,
    0,
    0,
    0,
    0,
    0,
    0,
    0,
    1,
    2,
    0,
    2,
    2,
    2,
    2,
    2,
    1,
    2,
    1,
    0,
    2,
    1,
    2,
    3,
    0,
    0,
    0,
    0,
    2,
    0,
    0,
    0,
    0,
    1,
    0,
    2,
    0,
    2,
    1,
    0,
    0,
    0,
    2,
    2,
    0,
    0,
    0,
    0,
    0,
    0,
    2,
    2,
    0,
    0,
    3,
    3,
    1,
    0,
    0,
    2,
    0,
    2,
    2,
    0,
    0,
    1,
    0,
    2,
    2,
    1,
    2,
    2,
    2,
    0,
    0,
    0,
    1,
    0,
    1,
    2,
    2,
    1,
    2,
    0,
    0,
    2,
    0,
    0,
    0,
    1,
    2,
    0,
    1,
    3,
    2,
    0,
    0,
    0,
    0,
    0,
    2,
    0,
    2,
    1,
    0,
    1,
    1,
    1,
    2,
    0,
    0,
    2,
    2,
    0,
    2,
    1,
    2,
    0,
    1,
    2,
    2,
    2,
    0,
    3,
    2,
    1,
    1,
    0,
    1,
    0,
    0,
    2,
    0,
    0,
    1,
    0,
    0,
    0,
    0,
    0,
    2,
    1,
    0,
    0,
    0,
    2,
    2,
    2,
    1,
    0,
    0,
    0,
    3,
    2,
    0,
    0,
    0,
    0,
    1,
    0,
    1,
    0,
    3,
    2,
    0,
    1,
    0,
    0,
    2,
    0,
    3,
    0,
    0,
    0,
    0,
    3,
    2,
    3,
    3,
    3,
    2,
    0,
    1,
    2,
    2,
    2,
    1,
    1,
    2,
    0,
    0,
    0,
    0,
    0,
    0,
    3,
    2,
    3,
    0,
    1,
    0,
    2,
    0,
    2,
    1,
    2,
    0,
    0,
    0,
    2,
    0,
    2,
    0,
    1,
    2,
    2,
    0,
    0,
    0,
    2,
    2,
    1,
    2,
    0,
    0,
    0,
    2,
    0,
    0,
    0,
    2,
    2,
    0,
    2,
    0,
    1,
    0,
    1,
    2,
    2,
    0,
    2,
    3,
    2,
    2,
    2,
    0,
    1,
    0,
    2,
    1,
    0,
    2,
    2,
    1,
    0,
    0,
    2,
    2,
    2,
    1,
    2,
    0,
    0,
    0,
    3,
    1,
    2,
    0,
    0,
    2,
    0,
    0,
    1,
    0,
    1,
    2,
    0,
    2,
    1,
    0,
    0,
    1,
    0,
    0,
    0,
    2,
    3,
    1,
    0,
    1,
    2,
    2,
    2,
    1,
    1,
    2,
    0,
    2,
    0,
    2,
    2,
    0,
    0,
    1,
    0,
    2,
    1,
    2,
    0,
    0,
    2,
    0,
    0,
    2,
    3,
    1,
    2,
    0,
    0,
    1,
    2,
    1,
    0,
    3,
    0,
    0,
    0,
    0,
    2,
    2,
    2,
    0,
    2,
    2,
    0,
    2,
    0,
    0,
    1,
    0,
    0,
    0,
    0,
    0,
    3,
    2,
    0,
    0,
    0,
    2,
    0,
    0,
    2,
    0,
    0,
    0,
    1,
    0,
    0,
    0,
    1,
    0,
    1,
    0,
    2,
    0,
    2,
    0,
    0,
    2,
    2,
    0,
    2,
    0,
    0,
    0,
    0,
    0,
    1,
    2,
    1,
    2,
    2,
    2,
    1,
    2,
    2,
    0,
    0,
    2,
    0,
    1,
    0,
    2,
    0,
    2,
    2,
    0,
    1,
    1,
    0,
    2,
    0,
    2,
    3,
    1,
    0,
    2,
    0,
    1,
    0,
    1,
    0,
    2,
    2,
    2,
    0,
    2,
    2,
    0,
    2,
    0,
    3,
    0,
    1,
    0,
    2,
    0,
    2,
    0,
    1,
    0,
    0,
    0,
    0,
    0,
    2,
    0,
    2,
    2,
    0,
    0,
    2,
    2,
    0,
    0,
    0,
    0,
    0,
    2,
    0,
    1,
    2,
    1,
    0,
    1,
    0,
    2,
    0,
    0,
    1,
    2,
    1,
    2,
    2,
    0,
    0,
    2,
    2,
    0,
    0,
    0,
    0,
    0,
    2,
    0,
    2,
    0,
    0,
    0,
    0,
    3,
    0,
    0,
    2,
    1,
    2,
    0,
    2,
    1,
    2,
    0,
    0,
    0,
    0,
    0,
    0,
    2,
    2,
    2,
    1,
    0,
    0,
    1,
    1,
    1,
    0,
    0,
    0,
    1,
    0,
    0,
    2
  ],