{
  "n_eval": 600,
  "elapsed": 174.67503045499325,
  "f1_raw": 0.23548237394975663,
  "acc_raw": 0.26666666666666666,
  "f1_norm": 0.23548237394975663,
  "acc_norm": 0.26666666666666666,
  "confusion_matrix_raw": [
    [
      69,
      13,
      54,
      14
    ],
    [
      87,
      22,
      80,
      11
    ],
    [
      60,
      16,
      60,
      14
    ],
    [
      43,
      11,
      37,
      9
    ]
  ],
  "preds_raw": [
    0,
    0,
    3,
    0,
    2,
    0,
    0,
    0,
    0,
    2,
    2,
    1,
    0,
    0,
    0,
    0,
    2,
    2,
    0,
    0,
    2,
    2,
    0,
    2,
    1,
    3,
    0,
    0,
    2,
    0,
    0,
    0,
    2,
    0,
    0,
    2,
    3,
    0,
    2,
    0,
    0,
    2,
    0,
    0,
    0,
    2,
    0,
    0,
    2,
    0,
    0,
    2,
    0,
    2,
    3,
    0,
    3,
    0,
    2,
    2,
    2,
    2,
    0,
    2,
    0,
    1,
    2,
    2,
    1,
    2,
    3,
    2,
    0,
    2,
    0,
    2,
    0,
    2,
    0,
    2,
    2,
    0,
    2,
    2,
    0,
    0,
    2,
    2,
    0,
    1,
    2,
    0,
    0,
    0,
    3,
    0,
    2,
    2,
    0,
    3,
    3,
    1,
    2,
    0,
    2,
    0,
    2,
    3,
    0,
    2,
    2,
    2,
    3,
    0,
    2,
    2,
    2,
    0,
    2,
    2,
    0,
    0,
    3,
    2,
    0,
    2,
    0,
    2,
    0,
    0,
    2,
    2,
    2,
    0,
    0,
    2,
    0,
    2,
    2,
    0,
    0,
    2,
    0,
    0,
    3,
    2,
    2,
    0,
    2,
    2,
    2,
    2,
    3,
    0,
    0,
    0,
    2,
    0,
    0,
    0,
    2,
    0,
    3,
    0,
    0,
    1,
    0,
    0,
    0,
    2,
    0,
    2,
    2,
    1,
    0,
    0,
    0,
    2,
    2,
    0,
    2,
    2,
    0,
    0,
    2,
    0,
    0,
    0,
    2,
    2,
    1,
    0,
    1,
    1,
    2,
    2,
    0,
    0,
    2,
    0,
    0,
    0,
    0,
    2,
    3,
    0,
    2,
    2,
    0,
    1,
    2,
    2,
    2,
    2,
    0,
    2,
    3,
    2,
    0,
    0,
    0,
    2,
    2,
    2,
    0,
    2,
    0,
    2,
    2,
    3,
    1,
    3,
    2,
    0,
    0,
    0,
    0,
    0,
    2,
    0,
    1,
    2,
    2,
    2,
    3,
    2,
    0,
    2,
    2,
    1,
    0,
    0,
    0,
    1,
    2,
    2,
    0,
    0,
    0,
    0,
    2,
    0,
    2,
    2,
    0,
    1,
    2,
    0,
    1,
    2,
    3,
    0,
    2,
    2,
    3,
    0,
    2,
    2,
    2,
    2,
    0,
    2,
    0,
    0,
    0,
    3,
    2,
    0,
    1,
    1,
    2,
    0,
    0,
    2,
    1,
    3,
    1,
    0,
    3,
    2,
    2,
    0,
    1,
    2,
    1,
    0,
    2,
    1,
    1,
    0,
    2,
    0,
    0,
    0,
    0,
    2,
    0,
    0,
    1,
    0,
    2,
    2,
    0,
    0,
    2,
    0,
    0,
    0,
    2,
    0,
    2,
    2,
    2,
    1,
    0,
    0,
    2,
    2,
    3,
    0,
    2,
    1,
    0,
    1,
    0,
    1,
    1,
    0,
    2,
    2,
    2,
    2,
    0,
    0,
    2,
    2,
    0,
    2,
    0,
    0,
    2,
    0,
    1,
    2,
    2,
    0,
    2,
    2,
    2,
    1,
    3,
    2,
    0,
    0,
    0,
    0,
    0,
    1,
    2,
    0,
    2,
    2,
    2,
    0,
    1,
    0,
    0,
    2,
    0,
    2,
    0,
    2,
    1,
    0,
    0,
    0,
    0,
    0,
    0,
    0,
    3,
    0,
    2,
    1,
    1,
    2,
    3,
    0,
    1,
    0,
    0,
    2,
    0,
    2,
    0,
    2,
    2,
    2,
    0,
    0,
    0,
    0,
    2,
    2,
    0,
    0,
    0,
    2,
    0,
    2,
    2,
    2,
    2,
    3,
    1,
    0,
    3,
    1,
    0,
    2,
    0,
    1,
    0,
    0,
    2,
    2,
    2,
    2,
    2,
    0,
    2,
    0,
    1,
    0,
    0,
    0,
    1,
    0,
    0,
    1,
    2,
    0,
    0,
    2,
    0,
    3,
    3,
    0,
    0,
    1,
    0,
    2,
    2,
    0,
    0,
    0,
    2,
    1,
    3,
    0,
    1,
    2,
    1,
    2,
    3,
    0,
    2,
    2,
    2,
    1,
    3,
    2,
    0,
    2,
    2,
    2,
    0,
    1,
    0,
    0,
    1,
    0,
    0,
    0,
    0,
    0,
    0,
    0,
    2,
    2,
    0,
    2,
    2,
    2,
    2,
    3,
    2,
    0,
    3,
    2,
    2,
    3,
    2,
    0,
    2,
    0,
    0,
    2,
    1,
    3,
    1,
    0,
    0,
    3,
    2,
    1,
    2,
    0,
    0,
    0,
    0,
    2,
    0,
    0,
    2,
    2,
    0,
    2,
    1,
    0,
    1,
    3,
    1,
    2,
    2,
    1,
    2,
    2,
    0,
    0,
    0,
    2,
    2,
    0,
    0,
    3,
    0,
    2,
    2,
    2,
    2,
    0,
    2,
    2,
    0,
    0,
    2,
    0,
    0,
    1,
    2,
    3,
    0,
    2,
    0,
    3,
    0,
    3,
    0,
    2,
    0,
    2,
    2,
    3,
    1,
    2,
    3,
    2,
    0,
    2
  ],