{
  "n_eval": 600,
  "elapsed": 313.03331349999644,
  "f1_raw": 0.22493442115659582,
  "acc_raw": 0.26,
  "f1_norm": 0.22493442115659582,
  "acc_norm": 0.26,
  "confusion_matrix_raw": [
    [
      73,
      20,
      51,
      6
    ],
    [
      94,
      32,
      64,
      10
    ],
    [
      74,
      23,
      46,
      7
    ],
    [
      38,
      17,
      40,
      5
    ]
  ],
  "preds_raw": [
    0,
    2,
    0,
    2,
    2,
    0,
    0,
    0,
    3,
    0,
    0,
    3,
    0,
    2,
    0,
    1,
    0,
    0,
    2,
    3,
    0,
    0,
    0,
    2,
    0,
    1,
    2,
    0,
    2,
    0,
    2,
    0,
    0,
    0,
    0,
    0,
    2,
    0,
    0,
    0,
    2,
    1,
    0,
    0,
    0,
    0,
    1,
    2,
    1,
    3,
    0,
    0,
    2,
    2,
    3,
    2,
    2,
    0,
    0,
    0,
    1,
    2,
    2,
    1,
    1,
    1,
    3,
    0,
    0,
    0,
    0,
    1,
    2,
    0,
    2,
    1,
    0,
    2,
    1,
    0,
    1,
    2,
    0,
    1,
    0,
    0,
    1,
    1,
    0,
    2,
    0,
    0,
    0,
    0,
    2,
    2,
    0,
    0,
    2,
    2,
    2,
    1,
    2,
    2,
    1,
    0,
    2,
    1,
    0,
    3,
    1,
    0,
    0,
    0,
    2,
    0,
    0,
    1,
    0,
    2,
    0,
    2,
    0,
    0,
    2,
    2,
    0,
    0,
    0,
    0,
    0,
    0,
    3,
    0,
    0,
    2,
    2,
    2,
    2,
    0,
    2,
    1,
    2,
    1,
    0,
    0,
    0,
    0,
    2,
    0,
    2,
    2,
    0,
    2,
    2,
    1,
    2,
    2,
    2,
    1,
    0,
    0,
    0,
    0,
    2,
    2,
    2,
    1,
    2,
    0,
    0,
    2,
    0,
    0,
    1,
    1,
    2,
    1,
    2,
    0,
    2,
    0,
    0,
    1,
    0,
    0,
    2,
    0,
    2,
    1,
    0,
    2,
    2,
    1,
    2,
    0,
    0,
    2,
    0,
    0,
    2,
    1,
    2,
    0,
    1,
    2,
    2,
    2,
    0,
    3,
    2,
    1,
    1,
    0,
    1,
    0,
    0,
    2,
    0,
    0,
    1,
    2,
    0,
    2,
    0,
    0,
    1,
    1,
    0,
    0,
    0,
    0,
    2,
    2,
    2,
    0,
    0,
    0,
    0,
    2,
    0,
    0,
    0,
    0,
    1,
    0,
    0,
    0,
    2,
    2,
    2,
    2,
    2,
    0,
    2,
    0,
    3,
    0,
    0,
    0,
    0,
    3,
    0,
    2,
    0,
    2,
    1,
    1,
    2,
    2,
    2,
    0,
    1,
    1,
    2,
    0,
    0,
    0,
    0,
    0,
    0,
    2,
    2,
    3,
    0,
    2,
    0,
    2,
    0,
    2,
    1,
    0,
    0,
    0,
    0,
    2,
    0,
    2,
    0,
    2,
    0,
    2,
    0,
    0,
    2,
    1,
    2,
    1,
    2,
    2,
    2,
    0,
    2,
    0,
    0,
    0,
    2,
    2,
    1,
    2,
    0,
    1,
    1,
    1,
    2,
    0,
    2,
    2,
    3,
    1,
    0,
    0,
    0,
    1,
    0,
    2,
    1,
    2,
    0,
    0,
    1,
    0,
    0,
    2,
    3,
    2,
    3,
    1,
    1,
    3,
    0,
    3,
    0,
    2,
    2,
    1,
    2,
    0,
    0,
    2,
    0,
    2,
    2,
    0,
    2,
    2,
    0,
    0,
    1,
    0,
    0,
    0,
    2,
    1,
    1,
    1,
    2,
    2,
    2,
    2,
    1,
    1,
    2,
    0,
    2,
    0,
    0,
    2,
    0,
    0,
    0,
    0,
    2,
    1,
    0,
    0,
    2,
    2,
    2,
    0,
    2,
    3,
    0,
    2,
    0,
    0,
    2,
    2,
    0,
    0,
    3,
    0,
    1,
    1,
    0,
    2,
    1,
    2,
    0,
    3,
    2,
    0,
    2,
    0,
    0,
    1,
    2,
    0,
    0,
    0,
    0,
    3,
    0,
    0,
    0,
    3,
    2,
    0,
    0,
    2,
    1,
    0,
    1,
    2,
    0,
    0,
    0,
    1,
    0,
    1,
    0,
    0,
    0,
    2,
    0,
    0,
    2,
    2,
    0,
    2,
    0,
    0,
    3,
    0,
    2,
    0,
    2,
    1,
    2,
    2,
    2,
    2,
    2,
    2,
    1,
    0,
    2,
    0,
    0,
    0,
    2,
    0,
    2,
    2,
    0,
    1,
    2,
    0,
    2,
    0,
    2,
    0,
    0,
    0,
    2,
    0,
    1,
    0,
    0,
    3,
    2,
    2,
    2,
    0,
    0,
    2,
    2,
    2,
    0,
    3,
    0,
    1,
    0,
    2,
    2,
    2,
    0,
    2,
    0,
    0,
    0,
    3,
    0,
    2,
    0,
    0,
    0,
    0,
    2,
    3,
    2,
    0,
    0,
    0,
    0,
    2,
    2,
    0,
    1,
    2,
    2,
    0,
    1,
    1,
    2,
    0,
    0,
    1,
    2,
    1,
    2,
    2,
    0,
    0,
    2,
    2,
    0,
    0,
    0,
    1,
    1,
    2,
    0,
    2,
    0,
    0,
    0,
    0,
    0,
    3,
    0,
    2,
    2,
    0,
    0,
    2,
    1,
    2,
    0,
    0,
    0,
    0,
    0,
    1,
    2,
    2,
    2,
    1,
    0,
    1,
    2,
    2,
    0,
    0,
    0,
    1,
    1,
    0,
    0,
    2
  ],