{
  "n_eval": 600,
  "elapsed": 519.2302665530005,
  "f1_raw": 0.2683960590862678,
  "acc_raw": 0.295,
  "f1_norm": 0.2683960590862678,
  "acc_norm": 0.295,
  "confusion_matrix_raw": [
    [
      50,
      16,
      66,
      18
    ],
    [
      58,
      31,
      83,
      28
    ],
    [
      33,
      13,
      83,
      21
    ],
    [
      21,
      7,
      59,
      13
    ]
  ],
  "preds_raw": [
    3,
    2,
    3,
    2,
    1,
    2,
    1,
    2,
    2,
    0,
    0,
    2,
    0,
    2,
    0,
    0,
    3,
    0,
    1,
    3,
    0,
    0,
    0,
    3,
    2,
    2,
    2,
    0,
    2,
    2,
    2,
    0,
    2,
    0,
    2,
    2,
    2,
    0,
    0,
    2,
    0,
    0,
    1,
    2,
    0,
    2,
    2,
    0,
    2,
    0,
    2,
    0,
    2,
    1,
    2,
    2,
    2,
    2,
    0,
    2,
    2,
    2,
    0,
    0,
    1,
    2,
    2,
    0,
    0,
    0,
    1,
    0,
    1,
    2,
    3,
    1,
    3,
    1,
    2,
    1,
    2,
    0,
    3,
    2,
    3,
    1,
    1,
    0,
    0,
    3,
    0,
    0,
    0,
    2,
    1,
    0,
    1,
    3,
    1,
    2,
    2,
    1,
    0,
    0,
    3,
    0,
    2,
    1,
    3,
    2,
    0,
    1,
    2,
    3,
    3,
    2,
    2,
    2,
    2,
    1,
    2,
    0,
    1,
    1,
    1,
    0,
    0,
    3,
    2,
    1,
    2,
    2,
    3,
    1,
    2,
    0,
    2,
    2,
    0,
    2,
    2,
    1,
    0,
    3,
    2,
    2,
    0,
    3,
    0,
    0,
    2,
    0,
    2,
    2,
    3,
    3,
    1,
    3,
    0,
    0,
    2,
    2,
    2,
    1,
    2,
    2,
    2,
    3,
    0,
    3,
    2,
    2,
    2,
    0,
    2,
    2,
    2,
    2,
    2,
    1,
    2,
    2,
    2,
    2,
    2,
    3,
    2,
    3,
    2,
    2,
    2,
    2,
    2,
    2,
    2,
    0,
    2,
    2,
    3,
    2,
    1,
    2,
    2,
    2,
    2,
    2,
    1,
    0,
    3,
    0,
    2,
    0,
    0,
    3,
    2,
    2,
    2,
    1,
    0,
    2,
    0,
    1,
    1,
    2,
    0,
    1,
    0,
    2,
    3,
    0,
    3,
    1,
    2,
    2,
    2,
    0,
    2,
    2,
    0,
    2,
    2,
    0,
    0,
    0,
    2,
    3,
    2,
    2,
    2,
    1,
    2,
    0,
    2,
    2,
    2,
    2,
    2,
    2,
    1,
    2,
    2,
    1,
    2,
    3,
    2,
    2,
    1,
    0,
    1,
    1,
    2,
    3,
    0,
    0,
    2,
    0,
    3,
    2,
    2,
    0,
    2,
    3,
    1,
    2,
    0,
    1,
    3,
    1,
    0,
    2,
    2,
    0,
    2,
    0,
    2,
    0,
    2,
    2,
    2,
    3,
    2,
    0,
    2,
    2,
    2,
    2,
    1,
    0,
    2,
    0,
    2,
    0,
    2,
    2,
    3,
    0,
    2,
    2,
    0,
    2,
    0,
    2,
    2,
    2,
    3,
    2,
    2,
    2,
    2,
    2,
    3,
    2,
    3,
    2,
    2,
    1,
    3,
    2,
    2,
    2,
    2,
    3,
    2,
    1,
    0,
    2,
    0,
    2,
    2,
    0,
    2,
    0,
    0,
    2,
    0,
    2,
    2,
    2,
    3,
    2,
    2,
    2,
    2,
    3,
    1,
    2,
    2,
    0,
    2,
    2,
    0,
    2,
    2,
    2,
    2,
    2,
    0,
    2,
    2,
    0,
    0,
    2,
    2,
    2,
    2,
    3,
    2,
    1,
    3,
    2,
    0,
    0,
    2,
    1,
    2,
    2,
    0,
    0,
    0,
    2,
    3,
    3,
    2,
    2,
    3,
    3,
    2,
    1,
    2,
    0,
    2,
    0,
    3,
    2,
    0,
    0,
    3,
    0,
    3,
    0,
    2,
    3,
    0,
    0,
    2,
    2,
    1,
    3,
    2,
    2,
    0,
    2,
    3,
    2,
    0,
    1,
    0,
    2,
    0,
    3,
    0,
    2,
    2,
    2,
    2,
    2,
    0,
    2,
    3,
    1,
    2,
    2,
    0,
    0,
    0,
    0,
    2,
    1,
    2,
    2,
    0,
    0,
    3,
    0,
    2,
    0,
    1,
    0,
    2,
    2,
    2,
    0,
    1,
    2,
    3,
    3,
    0,
    2,
    2,
    0,
    3,
    0,
    2,
    0,
    2,
    0,
    2,
    2,
    2,
    2,
    2,
    2,
    1,
    2,
    0,
    3,
    3,
    0,
    3,
    2,
    2,
    2,
    2,
    0,
    0,
    0,
    2,
    2,
    2,
    2,
    2,
    1,
    2,
    2,
    0,
    2,
    2,
    2,
    0,
    2,
    2,
    2,
    0,
    0,
    3,
    3,
    0,
    2,
    2,
    0,
    1,
    3,
    2,
    2,
    0,
    2,
    0,
    2,
    0,
    2,
    2,
    1,
    0,
    0,
    2,
    0,
    3,
    0,
    2,
    1,
    0,
    0,
    3,
    0,
    0,
    2,
    2,
    2,
    0,
    3,
    1,
    2,
    0,
    0,
    2,
    2,
    0,
    2,
    1,
    2,
    3,
    2,
    0,
    2,
    3,
    2,
    1,
    3,
    2,
    0,
    2,
    2,
    1,
    3,
    2,
    2,
    2,
    2,
    3,
    0,
    0,
    0,
    3,
    2,
    3,
    2,
    2,
    2,
    0,
    2
  ],