{
  "n_eval": 600,
  "elapsed": 518.8197956599761,
  "f1_raw": 0.2034147739615067,
  "acc_raw": 0.23833333333333334,
  "f1_norm": 0.2034147739615067,
  "acc_norm": 0.23833333333333334,
  "confusion_matrix_raw": [
    [
      34,
      5,
      91,
      20
    ],
    [
      51,
      11,
      111,
      27
    ],
    [
      35,
      9,
      85,
      21
    ],
    [
      25,
      4,
      58,
      13
    ]
  ],
  "preds_raw": [
    3,
    2,
    2,
    2,
    1,
    2,
    2,
    2,
    2,
    2,
    2,
    2,
    0,
    2,
    3,
    0,
    0,
    0,
    2,
    3,
    0,
    2,
    0,
    0,
    2,
    2,
    2,
    2,
    2,
    2,
    2,
    2,
    2,
    0,
    2,
    0,
    2,
    0,
    0,
    2,
    0,
    0,
    2,
    2,
    0,
    1,
    2,
    2,
    2,
    0,
    2,
    0,
    2,
    2,
    3,
    2,
    2,
    2,
    0,
    2,
    2,
    2,
    0,
    0,
    2,
    2,
    2,
    0,
    2,
    0,
    2,
    0,
    2,
    0,
    3,
    1,
    0,
    3,
    2,
    1,
    2,
    0,
    3,
    2,
    2,
    2,
    3,
    0,
    2,
    3,
    0,
    0,
    0,
    2,
    2,
    2,
    3,
    3,
    2,
    2,
    2,
    2,
    0,
    0,
    3,
    0,
    2,
    2,
    3,
    2,
    2,
    2,
    2,
    3,
    3,
    2,
    2,
    2,
    2,
    1,
    2,
    2,
    2,
    2,
    2,
    2,
    0,
    3,
    2,
    2,
    2,
    1,
    3,
    2,
    2,
    0,
    2,
    2,
    0,
    2,
    2,
    1,
    2,
    2,
    2,
    3,
    2,
    3,
    0,
    0,
    2,
    2,
    2,
    2,
    3,
    0,
    1,
    3,
    0,
    0,
    2,
    1,
    2,
    2,
    2,
    2,
    2,
    2,
    2,
    3,
    2,
    2,
    2,
    0,
    2,
    2,
    2,
    2,
    2,
    2,
    2,
    3,
    2,
    2,
    3,
    3,
    2,
    2,
    2,
    2,
    2,
    2,
    2,
    2,
    2,
    2,
    2,
    2,
    3,
    2,
    1,
    2,
    2,
    2,
    2,
    2,
    2,
    3,
    0,
    0,
    2,
    0,
    3,
    3,
    2,
    2,
    2,
    1,
    0,
    2,
    0,
    3,
    3,
    2,
    0,
    1,
    0,
    2,
    3,
    0,
    3,
    3,
    0,
    2,
    2,
    2,
    2,
    2,
    0,
    2,
    2,
    0,
    0,
    0,
    2,
    3,
    2,
    2,
    2,
    2,
    2,
    0,
    2,
    2,
    0,
    2,
    2,
    2,
    3,
    0,
    2,
    1,
    2,
    3,
    2,
    2,
    2,
    0,
    2,
    2,
    2,
    3,
    0,
    0,
    2,
    0,
    3,
    2,
    2,
    0,
    2,
    3,
    2,
    3,
    0,
    2,
    3,
    2,
    0,
    0,
    2,
    0,
    2,
    0,
    2,
    0,
    2,
    2,
    2,
    3,
    2,
    2,
    2,
    2,
    2,
    2,
    2,
    3,
    2,
    0,
    2,
    2,
    2,
    2,
    3,
    2,
    2,
    2,
    2,
    2,
    0,
    2,
    2,
    0,
    2,
    2,
    2,
    2,
    3,
    2,
    2,
    3,
    3,
    2,
    2,
    2,
    3,
    2,
    2,
    2,
    2,
    3,
    2,
    2,
    0,
    2,
    0,
    2,
    0,
    0,
    2,
    0,
    2,
    2,
    1,
    2,
    2,
    2,
    3,
    2,
    2,
    2,
    2,
    0,
    1,
    2,
    1,
    0,
    2,
    2,
    0,
    2,
    2,
    2,
    2,
    2,
    0,
    2,
    0,
    2,
    0,
    0,
    2,
    2,
    2,
    1,
    2,
    1,
    2,
    2,
    2,
    0,
    2,
    1,
    1,
    2,
    0,
    0,
    2,
    2,
    0,
    3,
    2,
    2,
    2,
    3,
    2,
    2,
    2,
    0,
    2,
    0,
    3,
    2,
    0,
    0,
    3,
    0,
    3,
    0,
    2,
    3,
    0,
    0,
    2,
    0,
    1,
    3,
    2,
    2,
    0,
    2,
    3,
    2,
    0,
    1,
    0,
    2,
    3,
    3,
    0,
    2,
    2,
    2,
    2,
    0,
    0,
    2,
    3,
    2,
    0,
    2,
    2,
    0,
    0,
    0,
    2,
    1,
    2,
    2,
    0,
    3,
    2,
    2,
    2,
    0,
    1,
    0,
    2,
    2,
    2,
    3,
    2,
    2,
    3,
    3,
    0,
    3,
    2,
    2,
    3,
    0,
    2,
    3,
    2,
    0,
    0,
    2,
    2,
    2,
    2,
    2,
    0,
    2,
    0,
    3,
    3,
    0,
    3,
    2,
    2,
    2,
    2,
    0,
    0,
    0,
    2,
    0,
    2,
    0,
    2,
    2,
    2,
    2,
    0,
    2,
    2,
    2,
    2,
    2,
    2,
    2,
    0,
    0,
    3,
    3,
    0,
    2,
    2,
    0,
    2,
    2,
    2,
    0,
    2,
    2,
    0,
    2,
    0,
    2,
    2,
    1,
    0,
    0,
    2,
    2,
    1,
    0,
    2,
    1,
    2,
    0,
    3,
    0,
    0,
    2,
    2,
    2,
    3,
    3,
    1,
    2,
    0,
    0,
    2,
    2,
    0,
    2,
    2,
    2,
    2,
    2,
    0,
    2,
    3,
    2,
    2,
    3,
    2,
    0,
    2,
    2,
    1,
    0,
    2,
    2,
    2,
    2,
    0,
    0,
    2,
    0,
    3,
    0,
    3,
    2,
    2,
    2,
    2,
    2
  ],