{
  "n_eval": 600,
  "elapsed": 519.0771914309589,
  "f1_raw": 0.2207995375498626,
  "acc_raw": 0.24166666666666667,
  "f1_norm": 0.2207995375498626,
  "acc_norm": 0.24166666666666667,
  "confusion_matrix_raw": [
    [
      39,
      32,
      63,
      16
    ],
    [
      59,
      34,
      88,
      19
    ],
    [
      46,
      19,
      63,
      22
    ],
    [
      25,
      17,
      49,
      9
    ]
  ],
  "preds_raw": [
    3,
    2,
    3,
    2,
    2,
    1,
    1,
    2,
    2,
    1,
    1,
    2,
    0,
    1,
    0,
    0,
    3,
    0,
    1,
    3,
    0,
    0,
    0,
    2,
    1,
    2,
    2,
    0,
    0,
    2,
    2,
    1,
    2,
    0,
    1,
    2,
    2,
    1,
    0,
    2,
    2,
    3,
    2,
    0,
    0,
    2,
    2,
    1,
    2,
    0,
    2,
    3,
    2,
    2,
    2,
    3,
    2,
    2,
    0,
    1,
    2,
    0,
    0,
    0,
    1,
    2,
    2,
    2,
    2,
    0,
    2,
    0,
    1,
    1,
    3,
    1,
    2,
    3,
    2,
    2,
    2,
    3,
    3,
    0,
    0,
    2,
    3,
    0,
    0,
    3,
    0,
    0,
    0,
    2,
    1,
    2,
    1,
    2,
    1,
    2,
    2,
    2,
    2,
    0,
    3,
    2,
    2,
    1,
    3,
    2,
    0,
    1,
    1,
    0,
    3,
    2,
    2,
    2,
    2,
    1,
    2,
    2,
    2,
    2,
    1,
    0,
    0,
    3,
    2,
    2,
    2,
    2,
    3,
    1,
    2,
    0,
    2,
    1,
    0,
    2,
    1,
    1,
    1,
    1,
    2,
    2,
    2,
    0,
    0,
    1,
    2,
    2,
    0,
    2,
    2,
    3,
    3,
    0,
    0,
    0,
    2,
    1,
    0,
    2,
    2,
    1,
    0,
    3,
    1,
    2,
    3,
    2,
    3,
    0,
    2,
    2,
    1,
    0,
    2,
    1,
    2,
    3,
    2,
    2,
    2,
    3,
    2,
    2,
    2,
    2,
    2,
    3,
    2,
    2,
    2,
    0,
    2,
    2,
    0,
    1,
    0,
    1,
    1,
    2,
    2,
    2,
    1,
    0,
    3,
    0,
    2,
    0,
    0,
    2,
    0,
    2,
    2,
    1,
    0,
    2,
    0,
    2,
    2,
    2,
    0,
    0,
    0,
    2,
    2,
    0,
    0,
    2,
    0,
    2,
    1,
    0,
    1,
    2,
    0,
    2,
    2,
    0,
    3,
    0,
    1,
    0,
    0,
    2,
    2,
    1,
    0,
    1,
    2,
    2,
    0,
    2,
    0,
    2,
    2,
    0,
    2,
    0,
    0,
    2,
    2,
    2,
    2,
    0,
    1,
    0,
    2,
    2,
    0,
    3,
    2,
    0,
    2,
    2,
    2,
    0,
    0,
    0,
    1,
    0,
    0,
    1,
    3,
    1,
    2,
    1,
    2,
    0,
    2,
    2,
    1,
    2,
    2,
    1,
    2,
    2,
    0,
    1,
    2,
    0,
    2,
    2,
    2,
    0,
    1,
    1,
    1,
    0,
    2,
    0,
    3,
    2,
    2,
    1,
    2,
    2,
    0,
    2,
    2,
    0,
    3,
    2,
    2,
    2,
    2,
    1,
    3,
    0,
    0,
    2,
    2,
    2,
    2,
    2,
    2,
    2,
    2,
    3,
    2,
    2,
    0,
    2,
    0,
    1,
    0,
    0,
    2,
    3,
    1,
    2,
    0,
    2,
    1,
    0,
    3,
    2,
    2,
    2,
    2,
    0,
    2,
    1,
    3,
    0,
    2,
    1,
    0,
    2,
    2,
    3,
    2,
    2,
    1,
    1,
    2,
    0,
    0,
    0,
    2,
    2,
    2,
    3,
    1,
    0,
    3,
    0,
    2,
    0,
    2,
    1,
    1,
    2,
    0,
    0,
    0,
    2,
    3,
    2,
    2,
    2,
    2,
    3,
    1,
    1,
    2,
    0,
    1,
    0,
    0,
    0,
    0,
    0,
    3,
    0,
    2,
    3,
    2,
    3,
    0,
    0,
    2,
    2,
    1,
    2,
    3,
    2,
    2,
    2,
    0,
    2,
    1,
    1,
    0,
    2,
    0,
    2,
    1,
    2,
    2,
    1,
    2,
    0,
    0,
    0,
    3,
    2,
    2,
    1,
    1,
    0,
    0,
    0,
    2,
    0,
    2,
    1,
    0,
    2,
    1,
    0,
    2,
    0,
    0,
    0,
    1,
    1,
    2,
    1,
    1,
    0,
    3,
    3,
    0,
    3,
    2,
    3,
    3,
    0,
    2,
    0,
    2,
    0,
    0,
    2,
    2,
    2,
    2,
    2,
    0,
    2,
    0,
    3,
    2,
    2,
    0,
    1,
    2,
    2,
    2,
    0,
    2,
    0,
    2,
    0,
    2,
    2,
    2,
    1,
    2,
    2,
    0,
    2,
    3,
    1,
    2,
    2,
    2,
    2,
    0,
    0,
    3,
    2,
    0,
    2,
    2,
    0,
    1,
    3,
    1,
    0,
    1,
    1,
    0,
    2,
    0,
    1,
    1,
    0,
    0,
    0,
    2,
    1,
    1,
    0,
    2,
    1,
    2,
    0,
    3,
    0,
    0,
    0,
    2,
    2,
    3,
    3,
    2,
    0,
    1,
    0,
    2,
    3,
    0,
    2,
    1,
    0,
    3,
    2,
    0,
    2,
    0,
    1,
    3,
    3,
    2,
    1,
    2,
    2,
    3,
    3,
    2,
    2,
    1,
    2,
    2,
    0,
    2,
    0,
    2,
    2,
    3,
    2,
    2,
    2,
    2,
    2
  ],