{
  "n_eval": 600,
  "elapsed": 519.3965825809864,
  "f1_raw": 0.26593125805631146,
  "acc_raw": 0.285,
  "f1_norm": 0.26593125805631146,
  "acc_norm": 0.285,
  "confusion_matrix_raw": [
    [
      47,
      19,
      64,
      20
    ],
    [
      60,
      28,
      86,
      26
    ],
    [
      39,
      14,
      78,
      19
    ],
    [
      19,
      10,
      53,
      18
    ]
  ],
  "preds_raw": [
    3,
    2,
    3,
    2,
    1,
    2,
    1,
    2,
    2,
    1,
    0,
    1,
    3,
    2,
    0,
    0,
    3,
    0,
    2,
    3,
    1,
    0,
    0,
    2,
    2,
    2,
    2,
    0,
    0,
    2,
    0,
    2,
    2,
    0,
    2,
    2,
    2,
    0,
    0,
    0,
    0,
    0,
    1,
    0,
    0,
    2,
    2,
    2,
    2,
    0,
    2,
    0,
    2,
    2,
    3,
    1,
    2,
    2,
    0,
    1,
    0,
    2,
    0,
    0,
    1,
    2,
    2,
    0,
    0,
    0,
    2,
    0,
    2,
    3,
    3,
    1,
    1,
    3,
    2,
    3,
    2,
    0,
    1,
    2,
    3,
    1,
    1,
    0,
    0,
    3,
    0,
    0,
    0,
    2,
    1,
    1,
    1,
    3,
    2,
    2,
    2,
    0,
    0,
    0,
    3,
    0,
    1,
    2,
    3,
    2,
    0,
    1,
    2,
    3,
    1,
    1,
    2,
    2,
    2,
    1,
    2,
    0,
    0,
    1,
    1,
    0,
    0,
    3,
    2,
    1,
    2,
    0,
    3,
    1,
    2,
    0,
    2,
    1,
    0,
    2,
    2,
    1,
    0,
    1,
    2,
    3,
    2,
    3,
    0,
    0,
    2,
    0,
    2,
    1,
    3,
    3,
    1,
    3,
    0,
    0,
    2,
    1,
    2,
    1,
    2,
    2,
    2,
    2,
    0,
    3,
    2,
    2,
    2,
    0,
    2,
    2,
    2,
    2,
    2,
    0,
    2,
    2,
    2,
    2,
    3,
    3,
    3,
    2,
    2,
    2,
    2,
    2,
    2,
    2,
    2,
    2,
    2,
    2,
    3,
    2,
    0,
    2,
    2,
    2,
    2,
    2,
    2,
    0,
    3,
    1,
    2,
    0,
    0,
    3,
    2,
    2,
    2,
    1,
    0,
    2,
    0,
    2,
    3,
    3,
    0,
    1,
    0,
    2,
    3,
    0,
    3,
    2,
    0,
    1,
    2,
    0,
    2,
    2,
    0,
    2,
    2,
    0,
    0,
    0,
    2,
    3,
    2,
    2,
    2,
    2,
    2,
    0,
    1,
    2,
    0,
    2,
    2,
    2,
    3,
    2,
    2,
    1,
    2,
    3,
    2,
    2,
    2,
    0,
    1,
    0,
    2,
    3,
    0,
    2,
    2,
    0,
    3,
    2,
    2,
    0,
    2,
    0,
    1,
    2,
    0,
    2,
    1,
    2,
    0,
    2,
    2,
    0,
    2,
    0,
    2,
    0,
    2,
    2,
    2,
    3,
    1,
    0,
    2,
    2,
    2,
    2,
    2,
    0,
    2,
    0,
    2,
    0,
    0,
    2,
    3,
    2,
    2,
    2,
    2,
    2,
    0,
    2,
    2,
    2,
    3,
    2,
    2,
    2,
    3,
    2,
    3,
    3,
    0,
    2,
    2,
    2,
    3,
    2,
    2,
    2,
    2,
    1,
    2,
    2,
    0,
    2,
    0,
    2,
    0,
    2,
    2,
    0,
    2,
    2,
    0,
    2,
    2,
    2,
    1,
    2,
    2,
    2,
    2,
    3,
    1,
    2,
    1,
    0,
    3,
    2,
    0,
    2,
    2,
    3,
    2,
    1,
    0,
    2,
    2,
    0,
    0,
    2,
    2,
    2,
    2,
    2,
    2,
    2,
    3,
    0,
    0,
    0,
    2,
    1,
    2,
    2,
    0,
    0,
    2,
    2,
    3,
    1,
    2,
    2,
    3,
    3,
    1,
    2,
    2,
    0,
    2,
    0,
    0,
    2,
    0,
    0,
    3,
    2,
    3,
    0,
    2,
    3,
    0,
    0,
    2,
    2,
    1,
    3,
    2,
    2,
    0,
    2,
    0,
    2,
    0,
    0,
    0,
    2,
    0,
    3,
    0,
    2,
    2,
    2,
    2,
    0,
    0,
    2,
    3,
    1,
    2,
    3,
    2,
    0,
    0,
    0,
    2,
    2,
    2,
    2,
    0,
    0,
    3,
    0,
    2,
    0,
    1,
    0,
    2,
    2,
    2,
    3,
    1,
    2,
    3,
    2,
    0,
    3,
    2,
    0,
    1,
    0,
    1,
    0,
    2,
    0,
    0,
    3,
    2,
    2,
    2,
    2,
    1,
    2,
    0,
    3,
    3,
    0,
    3,
    3,
    2,
    2,
    2,
    0,
    3,
    0,
    2,
    2,
    1,
    2,
    2,
    1,
    2,
    2,
    0,
    2,
    2,
    1,
    0,
    2,
    3,
    2,
    0,
    0,
    3,
    1,
    0,
    2,
    2,
    0,
    1,
    3,
    2,
    0,
    0,
    2,
    0,
    2,
    0,
    1,
    2,
    1,
    0,
    0,
    2,
    1,
    1,
    0,
    2,
    1,
    2,
    0,
    3,
    0,
    0,
    2,
    2,
    2,
    3,
    3,
    2,
    2,
    1,
    0,
    2,
    3,
    0,
    2,
    1,
    0,
    2,
    2,
    0,
    2,
    3,
    2,
    0,
    3,
    2,
    0,
    2,
    2,
    1,
    3,
    2,
    2,
    2,
    2,
    3,
    0,
    0,
    0,
    2,
    0,
    3,
    2,
    2,
    2,
    3,
    2
  ],