{
  "n_eval": 600,
  "elapsed": 196.95467454602476,
  "f1_raw": 0.24880070377862096,
  "acc_raw": 0.27666666666666667,
  "f1_norm": 0.24880070377862096,
  "acc_norm": 0.27666666666666667,
  "confusion_matrix_raw": [
    [
      72,
      41,
      11,
      26
    ],
    [
      91,
      61,
      18,
      30
    ],
    [
      74,
      36,
      14,
      26
    ],
    [
      43,
      28,
      10,
      19
    ]
  ],
  "preds_raw": [
    0,
    0,
    0,
    3,
    1,
    0,
    2,
    0,
    0,
    3,
    1,
    1,
    0,
    0,
    0,
    1,
    1,
    0,
    2,
    0,
    1,
    3,
    1,
    1,
    0,
    0,
    0,
    1,
    1,
    3,
    0,
    0,
    1,
    2,
    1,
    1,
    1,
    2,
    1,
    0,
    0,
    0,
    3,
    1,
    1,
    0,
    1,
    1,
    0,
    0,
    0,
    3,
    2,
    2,
    0,
    3,
    0,
    1,
    0,
    0,
    3,
    2,
    0,
    0,
    0,
    0,
    2,
    3,
    0,
    0,
    1,
    1,
    1,
    1,
    2,
    0,
    1,
    3,
    0,
    3,
    3,
    2,
    3,
    0,
    0,
    2,
    3,
    3,
    0,
    0,
    1,
    0,
    1,
    0,
    3,
    1,
    3,
    1,
    3,
    0,
    2,
    0,
    0,
    2,
    0,
    1,
    0,
    0,
    1,
    2,
    0,
    0,
    0,
    1,
    3,
    0,
    0,
    1,
    1,
    1,
    0,
    0,
    0,
    3,
    1,
    1,
    1,
    1,
    3,
    0,
    0,
    0,
    1,
    1,
    0,
    0,
    0,
    3,
    3,
    0,
    2,
    0,
    0,
    0,
    3,
    0,
    0,
    1,
    0,
    0,
    0,
    3,
    3,
    3,
    1,
    1,
    3,
    3,
    3,
    0,
    3,
    0,
    0,
    3,
    2,
    2,
    2,
    1,
    0,
    0,
    1,
    3,
    0,
    0,
    1,
    0,
    1,
    3,
    0,
    1,
    3,
    2,
    0,
    1,
    3,
    0,
    1,
    3,
    1,
    0,
    0,
    3,
    0,
    0,
    0,
    1,
    1,
    1,
    1,
    1,
    1,
    0,
    0,
    0,
    0,
    3,
    0,
    0,
    1,
    1,
    3,
    3,
    0,
    0,
    0,
    3,
    0,
    3,
    0,
    0,
    3,
    3,
    3,
    1,
    1,
    0,
    0,
    3,
    1,
    1,
    0,
    0,
    0,
    0,
    3,
    3,
    0,
    3,
    3,
    0,
    3,
    1,
    1,
    3,
    0,
    1,
    1,
    1,
    1,
    0,
    1,
    2,
    3,
    1,
    1,
    0,
    0,
    0,
    1,
    3,
    0,
    2,
    0,
    0,
    1,
    0,
    1,
    1,
    0,
    0,
    2,
    0,
    0,
    0,
    0,
    1,
    0,
    1,
    1,
    1,
    3,
    0,
    0,
    1,
    3,
    0,
    1,
    3,
    0,
    1,
    3,
    2,
    0,
    1,
    0,
    0,
    0,
    0,
    0,
    0,
    0,
    0,
    1,
    0,
    2,
    1,
    0,
    1,
    0,
    0,
    0,
    1,
    3,
    1,
    0,
    3,
    3,
    0,
    0,
    0,
    0,
    2,
    1,
    0,
    0,
    0,
    1,
    1,
    1,
    0,
    0,
    3,
    0,
    2,
    0,
    0,
    1,
    0,
    0,
    2,
    0,
    2,
    0,
    2,
    3,
    0,
    0,
    1,
    0,
    0,
    0,
    1,
    3,
    2,
    0,
    2,
    2,
    0,
    3,
    3,
    0,
    2,
    1,
    1,
    0,
    3,
    1,
    1,
    0,
    3,
    0,
    1,
    1,
    0,
    1,
    0,
    0,
    0,
    0,
    0,
    1,
    1,
    2,
    1,
    1,
    1,
    0,
    0,
    2,
    0,
    1,
    0,
    0,
    0,
    2,
    0,
    1,
    1,
    2,
    1,
    1,
    0,
    0,
    0,
    0,
    0,
    1,
    1,
    2,
    0,
    1,
    0,
    0,
    0,
    0,
    2,
    1,
    1,
    1,
    0,
    0,
    0,
    0,
    2,
    2,
    0,
    2,
    0,
    3,
    0,
    0,
    3,
    3,
    0,
    0,
    1,
    0,
    2,
    0,
    0,
    0,
    3,
    0,
    0,
    0,
    3,
    0,
    1,
    2,
    0,
    0,
    1,
    0,
    3,
    1,
    2,
    0,
    3,
    0,
    0,
    1,
    0,
    0,
    0,
    1,
    0,
    3,
    1,
    1,
    0,
    1,
    0,
    1,
    0,
    0,
    1,
    0,
    2,
    0,
    3,
    0,
    1,
    0,
    3,
    0,
    1,
    0,
    0,
    3,
    0,
    1,
    0,
    0,
    0,
    0,
    0,
    3,
    3,
    0,
    3,
    1,
    2,
    3,
    3,
    1,
    3,
    1,
    1,
    3,
    3,
    1,
    0,
    3,
    3,
    0,
    0,
    0,
    1,
    0,
    0,
    0,
    1,
    1,
    1,
    0,
    2,
    0,
    0,
    0,
    0,
    0,
    3,
    3,
    0,
    1,
    1,
    1,
    1,
    1,
    3,
    1,
    1,
    0,
    0,
    0,
    1,
    3,
    0,
    1,
    0,
    2,
    0,
    3,
    0,
    3,
    1,
    1,
    0,
    3,
    1,
    3,
    0,
    0,
    0,
    1,
    3,
    0,
    1,
    0,
    0,
    0,
    0,
    1,
    1,
    1,
    1,
    0,
    0,
    0,
    0,
    1,
    0,
    0,
    0,
    2,
    0,
    2,
    1,
    1,
    1,
    0,
    0,
    2,
    0,
    3,
    0,
    2,
    0,
    1,
    3
  ],