{
  "n_eval": 600,
  "elapsed": 187.68300630000886,
  "f1_raw": 0.2571585369208824,
  "acc_raw": 0.28,
  "f1_norm": 0.2571585369208824,
  "acc_norm": 0.28,
  "confusion_matrix_raw": [
    [
      47,
      56,
      32,
      15
    ],
    [
      62,
      76,
      33,
      29
    ],
    [
      40,
      52,
      32,
      26
    ],
    [
      23,
      39,
      25,
      13
    ]
  ],
  "preds_raw": [
    0,
    0,
    1,
    0,
    1,
    1,
    0,
    3,
    1,
    1,
    1,
    3,
    2,
    0,
    2,
    1,
    2,
    1,
    0,
    2,
    1,
    2,
    3,
    0,
    0,
    0,
    0,
    0,
    3,
    2,
    0,
    0,
    2,
    1,
    1,
    1,
    3,
    0,
    0,
    1,
    0,
    0,
    1,
    0,
    2,
    1,
    0,
    1,
    2,
    1,
    0,
    2,
    1,
    3,
    0,
    1,
    0,
    1,
    2,
    1,
    1,
    2,
    0,
    1,
    2,
    1,
    3,
    3,
    3,
    2,
    3,
    1,
    1,
    2,
    1,
    2,
    0,
    0,
    3,
    2,
    1,
    0,
    2,
    1,
    1,
    3,
    2,
    3,
    2,
    1,
    2,
    0,
    2,
    0,
    3,
    0,
    2,
    2,
    0,
    1,
    3,
    1,
    2,
    0,
    1,
    2,
    0,
    1,
    0,
    1,
    1,
    2,
    0,
    1,
    3,
    1,
    1,
    1,
    1,
    2,
    0,
    1,
    2,
    1,
    0,
    2,
    1,
    1,
    1,
    1,
    3,
    3,
    1,
    0,
    1,
    1,
    1,
    2,
    0,
    0,
    3,
    0,
    1,
    1,
    3,
    3,
    0,
    0,
    2,
    3,
    2,
    2,
    1,
    1,
    0,
    1,
    2,
    2,
    0,
    3,
    1,
    0,
    0,
    0,
    0,
    2,
    1,
    0,
    0,
    2,
    0,
    2,
    1,
    1,
    0,
    1,
    1,
    0,
    1,
    3,
    1,
    2,
    0,
    0,
    0,
    0,
    1,
    0,
    2,
    0,
    0,
    2,
    1,
    1,
    1,
    0,
    0,
    3,
    0,
    1,
    0,
    0,
    1,
    3,
    1,
    1,
    2,
    2,
    2,
    1,
    0,
    0,
    1,
    1,
    3,
    1,
    2,
    2,
    0,
    0,
    0,
    3,
    2,
    2,
    2,
    1,
    0,
    1,
    1,
    0,
    0,
    1,
    1,
    0,
    0,
    1,
    0,
    0,
    2,
    1,
    1,
    1,
    2,
    1,
    1,
    2,
    1,
    2,
    3,
    1,
    0,
    0,
    2,
    0,
    2,
    2,
    0,
    1,
    2,
    0,
    2,
    0,
    3,
    1,
    0,
    0,
    3,
    1,
    1,
    1,
    2,
    2,
    1,
    3,
    0,
    0,
    2,
    2,
    2,
    0,
    0,
    1,
    0,
    1,
    0,
    2,
    3,
    0,
    1,
    1,
    1,
    2,
    0,
    1,
    0,
    3,
    2,
    0,
    3,
    1,
    2,
    0,
    1,
    1,
    1,
    2,
    1,
    1,
    1,
    0,
    3,
    1,
    0,
    0,
    0,
    1,
    1,
    0,
    3,
    3,
    2,
    2,
    1,
    2,
    1,
    0,
    0,
    0,
    1,
    0,
    2,
    3,
    1,
    0,
    1,
    1,
    0,
    2,
    1,
    3,
    1,
    0,
    0,
    2,
    0,
    1,
    3,
    1,
    1,
    1,
    2,
    1,
    0,
    1,
    1,
    2,
    0,
    3,
    3,
    3,
    1,
    0,
    1,
    1,
    2,
    3,
    1,
    0,
    1,
    0,
    3,
    2,
    1,
    0,
    0,
    0,
    0,
    1,
    1,
    1,
    1,
    0,
    3,
    0,
    0,
    0,
    0,
    1,
    0,
    1,
    1,
    3,
    1,
    1,
    0,
    1,
    1,
    2,
    0,
    1,
    1,
    0,
    1,
    3,
    1,
    1,
    3,
    1,
    0,
    0,
    3,
    1,
    2,
    1,
    1,
    1,
    2,
    2,
    2,
    0,
    1,
    1,
    1,
    1,
    1,
    2,
    2,
    3,
    2,
    3,
    1,
    0,
    1,
    0,
    3,
    0,
    0,
    1,
    3,
    3,
    1,
    1,
    3,
    1,
    1,
    1,
    2,
    3,
    3,
    0,
    3,
    2,
    0,
    1,
    3,
    0,
    1,
    0,
    2,
    1,
    1,
    0,
    2,
    2,
    0,
    0,
    1,
    0,
    3,
    1,
    1,
    3,
    2,
    2,
    1,
    0,
    1,
    1,
    3,
    0,
    1,
    2,
    1,
    3,
    3,
    0,
    2,
    1,
    2,
    0,
    3,
    1,
    1,
    2,
    3,
    2,
    1,
    1,
    0,
    1,
    1,
    1,
    0,
    0,
    0,
    0,
    0,
    0,
    0,
    2,
    1,
    3,
    1,
    3,
    2,
    2,
    1,
    1,
    0,
    2,
    1,
    3,
    2,
    0,
    3,
    2,
    1,
    3,
    1,
    1,
    3,
    0,
    3,
    2,
    0,
    2,
    3,
    0,
    0,
    1,
    0,
    2,
    1,
    0,
    2,
    0,
    2,
    3,
    3,
    0,
    0,
    1,
    1,
    1,
    2,
    1,
    2,
    1,
    1,
    2,
    2,
    2,
    1,
    0,
    1,
    1,
    1,
    2,
    0,
    0,
    1,
    1,
    2,
    2,
    1,
    2,
    2,
    1,
    1,
    1,
    1,
    1,
    1,
    3,
    0,
    3,
    0,
    3,
    1,
    1,
    0,
    1,
    2,
    1,
    1,
    1,
    3,
    1,
    3,
    2
  ],