{
  "n_eval": 600,
  "elapsed": 207.28727284201887,
  "f1_raw": 0.23372773819696235,
  "acc_raw": 0.23833333333333334,
  "f1_norm": 0.23372773819696235,
  "acc_norm": 0.23833333333333334,
  "confusion_matrix_raw": [
    [
      46,
      14,
      34,
      56
    ],
    [
      51,
      19,
      64,
      66
    ],
    [
      44,
      12,
      45,
      49
    ],
    [
      29,
      13,
      25,
      33
    ]
  ],
  "preds_raw": [
    3,
    0,
    3,
    2,
    0,
    3,
    2,
    0,
    2,
    3,
    0,
    0,
    0,
    0,
    1,
    3,
    3,
    3,
    3,
    3,
    2,
    3,
    0,
    2,
    0,
    2,
    1,
    3,
    3,
    2,
    2,
    0,
    3,
    2,
    2,
    0,
    1,
    2,
    0,
    3,
    0,
    2,
    3,
    1,
    0,
    2,
    2,
    1,
    0,
    3,
    1,
    3,
    2,
    2,
    0,
    3,
    1,
    3,
    3,
    2,
    3,
    2,
    0,
    3,
    2,
    3,
    0,
    0,
    0,
    2,
    0,
    3,
    2,
    3,
    3,
    3,
    3,
    3,
    3,
    3,
    3,
    2,
    3,
    1,
    1,
    2,
    2,
    2,
    1,
    0,
    2,
    2,
    1,
    2,
    2,
    0,
    3,
    2,
    3,
    0,
    2,
    1,
    3,
    0,
    3,
    2,
    1,
    0,
    2,
    2,
    2,
    0,
    1,
    3,
    3,
    3,
    2,
    2,
    3,
    3,
    1,
    0,
    0,
    2,
    0,
    3,
    2,
    1,
    3,
    2,
    2,
    3,
    3,
    0,
    0,
    1,
    0,
    3,
    2,
    2,
    1,
    0,
    3,
    1,
    2,
    2,
    1,
    1,
    3,
    2,
    2,
    3,
    3,
    3,
    2,
    2,
    3,
    0,
    2,
    0,
    2,
    0,
    3,
    2,
    2,
    2,
    1,
    2,
    0,
    1,
    3,
    3,
    2,
    0,
    2,
    3,
    1,
    0,
    3,
    2,
    3,
    2,
    3,
    3,
    3,
    0,
    2,
    3,
    1,
    0,
    0,
    3,
    0,
    3,
    3,
    2,
    2,
    1,
    2,
    0,
    0,
    2,
    0,
    3,
    2,
    1,
    2,
    3,
    1,
    2,
    3,
    3,
    2,
    2,
    2,
    1,
    0,
    0,
    3,
    0,
    3,
    2,
    1,
    3,
    0,
    2,
    3,
    3,
    2,
    0,
    0,
    0,
    2,
    0,
    3,
    3,
    2,
    2,
    2,
    2,
    3,
    3,
    2,
    3,
    0,
    3,
    3,
    3,
    2,
    1,
    2,
    2,
    3,
    3,
    3,
    3,
    2,
    0,
    0,
    3,
    3,
    0,
    3,
    2,
    0,
    0,
    0,
    2,
    3,
    3,
    2,
    0,
    0,
    1,
    3,
    2,
    1,
    3,
    3,
    2,
    2,
    3,
    0,
    2,
    3,
    0,
    3,
    0,
    0,
    3,
    2,
    3,
    0,
    3,
    2,
    0,
    0,
    2,
    0,
    3,
    1,
    2,
    2,
    3,
    0,
    0,
    0,
    0,
    0,
    0,
    0,
    0,
    3,
    3,
    3,
    2,
    0,
    0,
    0,
    0,
    0,
    2,
    0,
    1,
    0,
    3,
    0,
    1,
    2,
    0,
    2,
    3,
    2,
    2,
    3,
    0,
    0,
    1,
    3,
    3,
    0,
    0,
    0,
    3,
    2,
    0,
    0,
    0,
    2,
    3,
    3,
    2,
    3,
    2,
    2,
    3,
    0,
    0,
    0,
    0,
    0,
    0,
    1,
    2,
    1,
    0,
    3,
    3,
    2,
    3,
    0,
    0,
    3,
    2,
    0,
    2,
    2,
    3,
    3,
    0,
    3,
    3,
    0,
    0,
    3,
    2,
    0,
    3,
    0,
    3,
    0,
    0,
    0,
    0,
    0,
    3,
    2,
    0,
    0,
    0,
    3,
    0,
    3,
    3,
    0,
    2,
    2,
    0,
    0,
    0,
    1,
    3,
    3,
    1,
    0,
    3,
    3,
    3,
    2,
    3,
    1,
    2,
    3,
    0,
    1,
    1,
    2,
    3,
    2,
    2,
    2,
    2,
    2,
    3,
    2,
    0,
    2,
    2,
    2,
    2,
    0,
    3,
    2,
    0,
    3,
    3,
    3,
    0,
    0,
    2,
    1,
    0,
    3,
    3,
    1,
    2,
    1,
    3,
    3,
    0,
    3,
    0,
    2,
    3,
    2,
    0,
    2,
    2,
    2,
    0,
    0,
    1,
    3,
    3,
    3,
    3,
    1,
    2,
    2,
    3,
    3,
    3,
    2,
    3,
    0,
    0,
    3,
    2,
    3,
    0,
    0,
    0,
    1,
    0,
    3,
    3,
    3,
    2,
    0,
    3,
    0,
    0,
    3,
    0,
    2,
    3,
    2,
    2,
    3,
    3,
    3,
    3,
    2,
    3,
    1,
    2,
    2,
    3,
    0,
    1,
    2,
    1,
    3,
    0,
    3,
    2,
    3,
    0,
    3,
    3,
    0,
    3,
    2,
    0,
    2,
    1,
    3,
    3,
    3,
    0,
    0,
    3,
    1,
    2,
    3,
    2,
    3,
    2,
    2,
    0,
    2,
    2,
    3,
    2,
    2,
    2,
    3,
    0,
    3,
    0,
    3,
    0,
    3,
    1,
    2,
    3,
    0,
    0,
    0,
    0,
    2,
    0,
    3,
    3,
    3,
    1,
    3,
    3,
    3,
    0,
    3,
    3,
    3,
    2,
    0,
    0,
    0,
    3,
    2,
    2,
    0,
    3,
    3,
    3,
    0,
    2,
    2,
    1,
    2,
    3
  ],