{
  "n_eval": 600,
  "elapsed": 519.3560542679625,
  "f1_raw": 0.25324067119854854,
  "acc_raw": 0.265,
  "f1_norm": 0.25324067119854854,
  "acc_norm": 0.265,
  "confusion_matrix_raw": [
    [
      36,
      44,
      49,
      21
    ],
    [
      51,
      61,
      58,
      30
    ],
    [
      43,
      41,
      45,
      21
    ],
    [
      20,
      31,
      32,
      17
    ]
  ],
  "preds_raw": [
    0,
    1,
    3,
    2,
    2,
    2,
    1,
    1,
    3,
    3,
    3,
    2,
    0,
    1,
    0,
    0,
    2,
    0,
    1,
    3,
    1,
    0,
    0,
    2,
    1,
    3,
    1,
    0,
    0,
    2,
    2,
    1,
    2,
    0,
    1,
    2,
    2,
    1,
    0,
    2,
    2,
    3,
    1,
    0,
    0,
    2,
    2,
    2,
    2,
    0,
    2,
    3,
    2,
    1,
    0,
    1,
    2,
    2,
    0,
    1,
    0,
    0,
    0,
    0,
    1,
    2,
    1,
    2,
    2,
    0,
    1,
    0,
    1,
    2,
    3,
    1,
    2,
    3,
    2,
    0,
    2,
    0,
    3,
    0,
    3,
    2,
    2,
    0,
    0,
    3,
    0,
    0,
    0,
    2,
    1,
    1,
    1,
    2,
    1,
    2,
    2,
    2,
    2,
    0,
    3,
    2,
    2,
    1,
    0,
    2,
    2,
    1,
    1,
    1,
    3,
    2,
    3,
    2,
    1,
    1,
    2,
    1,
    1,
    1,
    1,
    2,
    0,
    3,
    2,
    1,
    0,
    2,
    3,
    1,
    2,
    0,
    1,
    1,
    0,
    2,
    1,
    1,
    1,
    3,
    1,
    2,
    2,
    0,
    0,
    0,
    2,
    2,
    2,
    2,
    2,
    3,
    3,
    3,
    0,
    0,
    2,
    3,
    0,
    1,
    2,
    1,
    0,
    3,
    1,
    3,
    3,
    2,
    3,
    0,
    1,
    2,
    1,
    2,
    3,
    1,
    2,
    3,
    1,
    1,
    2,
    3,
    3,
    3,
    1,
    1,
    1,
    3,
    2,
    2,
    2,
    2,
    2,
    2,
    3,
    1,
    3,
    1,
    1,
    2,
    2,
    2,
    1,
    0,
    0,
    0,
    2,
    0,
    0,
    3,
    0,
    2,
    1,
    1,
    0,
    2,
    2,
    2,
    3,
    3,
    0,
    1,
    2,
    1,
    2,
    0,
    3,
    2,
    0,
    1,
    1,
    0,
    1,
    2,
    0,
    1,
    2,
    0,
    3,
    0,
    1,
    3,
    0,
    0,
    2,
    1,
    0,
    1,
    1,
    1,
    3,
    0,
    0,
    1,
    2,
    0,
    2,
    2,
    2,
    1,
    1,
    2,
    0,
    0,
    1,
    1,
    1,
    2,
    0,
    3,
    2,
    0,
    3,
    2,
    3,
    3,
    1,
    0,
    1,
    0,
    0,
    1,
    0,
    1,
    2,
    2,
    2,
    0,
    2,
    2,
    1,
    1,
    2,
    1,
    1,
    2,
    0,
    1,
    2,
    0,
    1,
    1,
    1,
    3,
    1,
    1,
    1,
    0,
    2,
    0,
    3,
    2,
    1,
    1,
    3,
    2,
    0,
    1,
    2,
    0,
    3,
    2,
    2,
    1,
    2,
    1,
    3,
    2,
    0,
    1,
    2,
    1,
    2,
    2,
    2,
    2,
    2,
    3,
    1,
    1,
    0,
    1,
    0,
    1,
    1,
    0,
    2,
    3,
    1,
    2,
    0,
    2,
    1,
    0,
    3,
    3,
    2,
    1,
    1,
    3,
    1,
    1,
    3,
    0,
    3,
    1,
    0,
    2,
    1,
    3,
    2,
    2,
    0,
    1,
    2,
    1,
    0,
    0,
    1,
    2,
    1,
    3,
    1,
    0,
    3,
    0,
    1,
    0,
    2,
    1,
    1,
    2,
    0,
    0,
    0,
    1,
    3,
    2,
    2,
    1,
    0,
    3,
    1,
    1,
    3,
    0,
    1,
    0,
    2,
    0,
    0,
    0,
    3,
    0,
    3,
    0,
    1,
    3,
    0,
    0,
    1,
    2,
    1,
    2,
    3,
    2,
    2,
    2,
    3,
    2,
    1,
    1,
    0,
    1,
    3,
    2,
    1,
    2,
    2,
    2,
    2,
    0,
    0,
    1,
    3,
    1,
    2,
    1,
    2,
    0,
    0,
    0,
    2,
    0,
    2,
    2,
    0,
    1,
    1,
    0,
    2,
    0,
    1,
    0,
    1,
    1,
    1,
    1,
    1,
    0,
    3,
    3,
    0,
    3,
    1,
    3,
    2,
    0,
    1,
    0,
    1,
    0,
    2,
    2,
    2,
    2,
    1,
    2,
    1,
    1,
    0,
    3,
    2,
    2,
    3,
    1,
    1,
    2,
    2,
    0,
    2,
    0,
    2,
    0,
    2,
    2,
    2,
    1,
    1,
    2,
    0,
    2,
    2,
    1,
    1,
    2,
    1,
    1,
    0,
    0,
    3,
    2,
    2,
    1,
    2,
    0,
    1,
    3,
    2,
    0,
    1,
    1,
    0,
    2,
    0,
    1,
    1,
    1,
    0,
    0,
    2,
    2,
    1,
    0,
    2,
    0,
    2,
    0,
    3,
    0,
    0,
    0,
    2,
    2,
    3,
    3,
    1,
    0,
    1,
    0,
    2,
    1,
    0,
    2,
    1,
    0,
    2,
    1,
    0,
    2,
    3,
    1,
    1,
    3,
    2,
    1,
    2,
    3,
    3,
    3,
    1,
    1,
    1,
    1,
    0,
    0,
    2,
    0,
    3,
    2,
    3,
    2,
    1,
    0,
    2,
    2
  ],