{
  "n_eval": 600,
  "elapsed": 187.77231629099697,
  "f1_raw": 0.2591539894836374,
  "acc_raw": 0.275,
  "f1_norm": 0.2591539894836374,
  "acc_norm": 0.275,
  "confusion_matrix_raw": [
    [
      50,
      57,
      11,
      32
    ],
    [
      60,
      70,
      21,
      49
    ],
    [
      39,
      51,
      21,
      39
    ],
    [
      21,
      37,
      18,
      24
    ]
  ],
  "preds_raw": [
    0,
    0,
    1,
    0,
    1,
    1,
    3,
    0,
    1,
    3,
    1,
    3,
    2,
    0,
    1,
    1,
    2,
    1,
    0,
    1,
    3,
    1,
    3,
    0,
    1,
    1,
    3,
    0,
    3,
    0,
    0,
    0,
    3,
    1,
    0,
    3,
    3,
    2,
    3,
    1,
    0,
    0,
    1,
    3,
    2,
    1,
    0,
    1,
    1,
    1,
    0,
    2,
    2,
    2,
    3,
    1,
    1,
    3,
    1,
    3,
    3,
    2,
    0,
    1,
    2,
    1,
    3,
    3,
    3,
    2,
    0,
    3,
    1,
    2,
    1,
    3,
    0,
    0,
    3,
    1,
    1,
    0,
    2,
    1,
    0,
    3,
    3,
    3,
    1,
    1,
    1,
    1,
    0,
    1,
    3,
    3,
    3,
    1,
    0,
    1,
    3,
    0,
    2,
    3,
    1,
    2,
    0,
    3,
    0,
    1,
    3,
    3,
    0,
    1,
    3,
    1,
    1,
    3,
    3,
    2,
    1,
    1,
    2,
    0,
    0,
    3,
    3,
    3,
    2,
    1,
    1,
    1,
    3,
    0,
    3,
    1,
    3,
    1,
    0,
    1,
    3,
    0,
    3,
    0,
    0,
    3,
    2,
    3,
    2,
    3,
    1,
    3,
    1,
    0,
    1,
    1,
    1,
    2,
    1,
    3,
    1,
    0,
    1,
    0,
    0,
    2,
    3,
    0,
    1,
    2,
    1,
    3,
    1,
    1,
    0,
    1,
    1,
    0,
    1,
    0,
    1,
    2,
    0,
    1,
    0,
    1,
    1,
    0,
    2,
    2,
    0,
    2,
    1,
    1,
    1,
    0,
    0,
    1,
    3,
    1,
    0,
    0,
    3,
    2,
    1,
    1,
    2,
    1,
    2,
    1,
    0,
    0,
    1,
    3,
    3,
    3,
    2,
    0,
    0,
    0,
    1,
    1,
    0,
    3,
    0,
    3,
    0,
    1,
    1,
    1,
    0,
    3,
    1,
    2,
    0,
    0,
    0,
    0,
    3,
    0,
    1,
    1,
    2,
    1,
    3,
    1,
    1,
    1,
    2,
    3,
    0,
    0,
    0,
    1,
    3,
    1,
    1,
    2,
    0,
    2,
    1,
    0,
    1,
    1,
    0,
    0,
    1,
    3,
    1,
    1,
    2,
    0,
    1,
    2,
    1,
    0,
    3,
    3,
    3,
    1,
    0,
    3,
    0,
    1,
    3,
    2,
    2,
    0,
    1,
    1,
    3,
    0,
    0,
    1,
    0,
    3,
    3,
    0,
    3,
    3,
    1,
    0,
    1,
    1,
    3,
    2,
    1,
    1,
    1,
    0,
    2,
    1,
    0,
    0,
    0,
    0,
    3,
    0,
    3,
    3,
    2,
    2,
    2,
    0,
    1,
    0,
    0,
    3,
    1,
    2,
    3,
    2,
    1,
    0,
    1,
    1,
    0,
    1,
    1,
    3,
    3,
    0,
    0,
    2,
    0,
    3,
    2,
    1,
    1,
    1,
    1,
    1,
    0,
    1,
    1,
    2,
    0,
    3,
    2,
    3,
    3,
    0,
    1,
    1,
    1,
    3,
    1,
    0,
    3,
    0,
    0,
    2,
    1,
    3,
    0,
    1,
    1,
    1,
    1,
    0,
    1,
    0,
    3,
    0,
    0,
    0,
    0,
    1,
    0,
    1,
    1,
    3,
    3,
    3,
    0,
    1,
    1,
    0,
    3,
    0,
    1,
    0,
    3,
    2,
    3,
    3,
    3,
    1,
    0,
    0,
    3,
    3,
    1,
    1,
    0,
    3,
    3,
    1,
    0,
    0,
    1,
    0,
    1,
    1,
    0,
    0,
    2,
    3,
    0,
    3,
    1,
    0,
    1,
    0,
    0,
    0,
    0,
    1,
    3,
    1,
    3,
    1,
    3,
    1,
    1,
    1,
    1,
    3,
    3,
    0,
    3,
    0,
    1,
    1,
    3,
    0,
    3,
    0,
    0,
    3,
    3,
    0,
    0,
    1,
    3,
    1,
    3,
    0,
    0,
    3,
    1,
    3,
    1,
    0,
    3,
    0,
    1,
    0,
    1,
    0,
    1,
    2,
    1,
    3,
    3,
    0,
    1,
    1,
    2,
    0,
    3,
    1,
    1,
    2,
    3,
    2,
    1,
    1,
    0,
    1,
    3,
    1,
    0,
    0,
    2,
    0,
    0,
    0,
    0,
    2,
    1,
    1,
    2,
    1,
    1,
    2,
    1,
    1,
    0,
    3,
    1,
    3,
    1,
    0,
    1,
    0,
    1,
    3,
    1,
    1,
    3,
    0,
    3,
    2,
    0,
    2,
    3,
    0,
    0,
    3,
    2,
    1,
    3,
    1,
    3,
    0,
    0,
    3,
    3,
    0,
    0,
    1,
    1,
    3,
    2,
    0,
    2,
    1,
    3,
    2,
    0,
    0,
    3,
    0,
    1,
    1,
    0,
    2,
    0,
    0,
    1,
    1,
    3,
    2,
    3,
    1,
    1,
    1,
    1,
    1,
    1,
    1,
    1,
    3,
    1,
    3,
    0,
    3,
    1,
    1,
    0,
    1,
    2,
    1,
    1,
    1,
    2,
    1,
    3,
    1
  ],