{
  "n_eval": 600,
  "elapsed": 174.44896304304712,
  "f1_raw": 0.2220626003988008,
  "acc_raw": 0.24166666666666667,
  "f1_norm": 0.2220626003988008,
  "acc_norm": 0.24166666666666667,
  "confusion_matrix_raw": [
    [
      61,
      18,
      48,
      23
    ],
    [
      81,
      33,
      49,
      37
    ],
    [
      61,
      16,
      43,
      30
    ],
    [
      40,
      17,
      35,
      8
    ]
  ],
  "preds_raw": [
    0,
    0,
    1,
    0,
    2,
    1,
    0,
    0,
    0,
    2,
    0,
    3,
    0,
    0,
    0,
    0,
    2,
    2,
    0,
    0,
    2,
    2,
    3,
    2,
    1,
    0,
    2,
    0,
    2,
    0,
    0,
    0,
    2,
    1,
    2,
    2,
    3,
    0,
    0,
    1,
    0,
    3,
    0,
    0,
    0,
    3,
    0,
    0,
    0,
    1,
    2,
    2,
    0,
    3,
    1,
    0,
    0,
    0,
    2,
    3,
    2,
    2,
    2,
    3,
    2,
    1,
    3,
    0,
    3,
    2,
    3,
    2,
    0,
    1,
    1,
    2,
    0,
    2,
    0,
    1,
    2,
    0,
    2,
    0,
    0,
    0,
    2,
    1,
    0,
    3,
    0,
    0,
    0,
    0,
    3,
    2,
    2,
    2,
    0,
    0,
    3,
    1,
    2,
    0,
    3,
    0,
    0,
    3,
    0,
    2,
    2,
    1,
    3,
    0,
    2,
    3,
    2,
    0,
    0,
    2,
    0,
    0,
    1,
    2,
    3,
    2,
    0,
    2,
    2,
    0,
    2,
    3,
    0,
    3,
    0,
    3,
    0,
    2,
    2,
    0,
    3,
    0,
    2,
    0,
    3,
    2,
    2,
    0,
    2,
    0,
    2,
    2,
    1,
    0,
    0,
    0,
    1,
    3,
    0,
    0,
    2,
    3,
    0,
    0,
    0,
    0,
    0,
    0,
    0,
    2,
    0,
    2,
    2,
    1,
    0,
    2,
    1,
    2,
    3,
    0,
    2,
    1,
    0,
    0,
    2,
    0,
    2,
    0,
    2,
    0,
    1,
    0,
    3,
    1,
    3,
    2,
    0,
    0,
    0,
    0,
    0,
    0,
    0,
    2,
    3,
    0,
    1,
    2,
    0,
    1,
    2,
    2,
    3,
    2,
    0,
    0,
    2,
    0,
    0,
    2,
    0,
    0,
    2,
    2,
    0,
    2,
    0,
    2,
    2,
    0,
    1,
    1,
    3,
    0,
    2,
    0,
    1,
    0,
    2,
    0,
    1,
    2,
    2,
    0,
    3,
    1,
    0,
    2,
    2,
    1,
    0,
    0,
    0,
    1,
    2,
    2,
    0,
    0,
    0,
    2,
    2,
    0,
    3,
    1,
    0,
    0,
    2,
    0,
    1,
    2,
    3,
    0,
    3,
    2,
    0,
    0,
    0,
    2,
    2,
    0,
    0,
    3,
    0,
    0,
    0,
    3,
    2,
    0,
    1,
    0,
    0,
    0,
    0,
    1,
    3,
    3,
    1,
    2,
    3,
    2,
    2,
    0,
    0,
    3,
    3,
    0,
    3,
    3,
    1,
    0,
    2,
    2,
    0,
    0,
    0,
    0,
    0,
    0,
    1,
    2,
    2,
    2,
    0,
    0,
    3,
    0,
    0,
    3,
    1,
    0,
    0,
    2,
    3,
    0,
    0,
    0,
    2,
    2,
    3,
    3,
    2,
    0,
    0,
    3,
    0,
    2,
    1,
    2,
    3,
    0,
    2,
    2,
    0,
    0,
    3,
    2,
    0,
    2,
    0,
    0,
    2,
    1,
    1,
    2,
    2,
    0,
    0,
    2,
    2,
    1,
    3,
    2,
    0,
    0,
    0,
    0,
    0,
    2,
    2,
    0,
    2,
    2,
    3,
    0,
    1,
    0,
    2,
    2,
    0,
    3,
    3,
    2,
    1,
    0,
    0,
    1,
    0,
    0,
    0,
    3,
    3,
    0,
    0,
    1,
    3,
    2,
    3,
    2,
    3,
    0,
    0,
    3,
    0,
    3,
    1,
    2,
    2,
    2,
    0,
    2,
    2,
    0,
    2,
    2,
    1,
    0,
    2,
    2,
    1,
    2,
    1,
    0,
    2,
    3,
    1,
    1,
    3,
    1,
    0,
    3,
    3,
    1,
    0,
    0,
    2,
    2,
    3,
    2,
    2,
    0,
    2,
    0,
    1,
    0,
    2,
    0,
    1,
    0,
    0,
    0,
    0,
    0,
    0,
    2,
    0,
    3,
    3,
    0,
    0,
    1,
    0,
    2,
    2,
    0,
    1,
    0,
    2,
    1,
    3,
    0,
    1,
    2,
    0,
    2,
    3,
    0,
    2,
    2,
    1,
    1,
    3,
    2,
    1,
    0,
    2,
    2,
    0,
    1,
    0,
    1,
    1,
    1,
    0,
    0,
    3,
    0,
    0,
    0,
    2,
    2,
    3,
    3,
    2,
    2,
    2,
    2,
    3,
    0,
    3,
    2,
    3,
    3,
    3,
    2,
    3,
    2,
    2,
    0,
    1,
    1,
    1,
    0,
    0,
    3,
    0,
    0,
    0,
    0,
    0,
    2,
    0,
    3,
    2,
    0,
    3,
    2,
    0,
    2,
    2,
    3,
    1,
    1,
    1,
    0,
    2,
    1,
    2,
    3,
    0,
    0,
    2,
    0,
    3,
    0,
    0,
    3,
    0,
    2,
    1,
    2,
    2,
    2,
    2,
    1,
    0,
    0,
    2,
    0,
    1,
    1,
    2,
    1,
    3,
    0,
    3,
    3,
    0,
    0,
    0,
    3,
    1,
    3,
    2,
    1,
    2,
    1,
    3,
    3,
    3,
    1
  ],