{
  "n_eval": 600,
  "elapsed": 196.41582795896102,
  "f1_raw": 0.24677633405964283,
  "acc_raw": 0.25833333333333336,
  "f1_norm": 0.24677633405964283,
  "acc_norm": 0.25833333333333336,
  "confusion_matrix_raw": [
    [
      62,
      29,
      24,
      35
    ],
    [
      74,
      46,
      28,
      52
    ],
    [
      62,
      33,
      20,
      35
    ],
    [
      36,
      24,
      13,
      27
    ]
  ],
  "preds_raw": [
    0,
    0,
    0,
    0,
    0,
    3,
    2,
    3,
    0,
    3,
    0,
    1,
    2,
    0,
    3,
    3,
    1,
    3,
    2,
    3,
    1,
    0,
    3,
    1,
    0,
    0,
    0,
    3,
    3,
    1,
    3,
    0,
    1,
    3,
    2,
    3,
    1,
    2,
    1,
    2,
    0,
    0,
    3,
    1,
    2,
    0,
    1,
    2,
    0,
    1,
    0,
    2,
    2,
    0,
    0,
    3,
    0,
    0,
    0,
    3,
    3,
    0,
    0,
    0,
    1,
    3,
    0,
    1,
    0,
    0,
    3,
    0,
    1,
    1,
    0,
    0,
    1,
    1,
    1,
    3,
    3,
    3,
    3,
    0,
    0,
    3,
    3,
    0,
    2,
    0,
    0,
    0,
    1,
    3,
    2,
    0,
    3,
    1,
    3,
    0,
    2,
    0,
    0,
    1,
    0,
    1,
    3,
    0,
    1,
    2,
    1,
    2,
    0,
    1,
    3,
    3,
    0,
    0,
    0,
    1,
    3,
    1,
    0,
    1,
    1,
    1,
    0,
    0,
    2,
    2,
    0,
    3,
    0,
    0,
    0,
    1,
    1,
    3,
    3,
    0,
    3,
    0,
    1,
    0,
    3,
    0,
    3,
    1,
    3,
    1,
    2,
    3,
    3,
    3,
    2,
    0,
    3,
    3,
    0,
    0,
    0,
    0,
    3,
    0,
    2,
    0,
    1,
    1,
    0,
    3,
    3,
    3,
    3,
    3,
    1,
    0,
    1,
    0,
    3,
    1,
    3,
    3,
    1,
    1,
    3,
    2,
    0,
    3,
    1,
    3,
    2,
    3,
    0,
    3,
    0,
    1,
    0,
    0,
    0,
    1,
    1,
    3,
    1,
    0,
    0,
    3,
    0,
    0,
    2,
    0,
    3,
    3,
    0,
    0,
    0,
    3,
    2,
    0,
    0,
    0,
    3,
    0,
    3,
    3,
    3,
    0,
    0,
    3,
    1,
    0,
    0,
    0,
    0,
    0,
    3,
    1,
    0,
    3,
    3,
    0,
    3,
    0,
    1,
    2,
    0,
    1,
    1,
    1,
    2,
    1,
    1,
    2,
    3,
    3,
    1,
    0,
    0,
    0,
    3,
    3,
    3,
    2,
    3,
    0,
    1,
    1,
    3,
    1,
    1,
    0,
    2,
    0,
    0,
    2,
    0,
    2,
    1,
    1,
    1,
    3,
    3,
    0,
    2,
    2,
    3,
    0,
    3,
    2,
    0,
    0,
    0,
    0,
    0,
    0,
    0,
    0,
    2,
    0,
    0,
    0,
    3,
    0,
    1,
    3,
    1,
    3,
    2,
    0,
    1,
    1,
    0,
    0,
    3,
    1,
    0,
    0,
    1,
    0,
    1,
    0,
    0,
    2,
    0,
    3,
    0,
    3,
    3,
    0,
    1,
    0,
    0,
    3,
    0,
    2,
    0,
    1,
    0,
    3,
    2,
    1,
    0,
    2,
    2,
    2,
    2,
    1,
    0,
    2,
    0,
    3,
    0,
    1,
    2,
    2,
    0,
    0,
    0,
    0,
    0,
    2,
    0,
    2,
    1,
    1,
    0,
    1,
    3,
    1,
    0,
    3,
    2,
    3,
    3,
    1,
    3,
    0,
    0,
    1,
    0,
    0,
    1,
    1,
    0,
    1,
    1,
    3,
    1,
    0,
    0,
    2,
    0,
    0,
    1,
    0,
    3,
    0,
    0,
    3,
    1,
    2,
    3,
    0,
    0,
    0,
    0,
    3,
    2,
    1,
    2,
    0,
    3,
    0,
    0,
    0,
    1,
    2,
    1,
    1,
    1,
    3,
    1,
    0,
    2,
    1,
    1,
    1,
    2,
    0,
    3,
    1,
    2,
    3,
    3,
    0,
    2,
    1,
    2,
    0,
    0,
    3,
    0,
    3,
    0,
    1,
    3,
    3,
    3,
    1,
    2,
    2,
    3,
    2,
    3,
    0,
    1,
    2,
    1,
    3,
    2,
    0,
    1,
    0,
    0,
    0,
    3,
    0,
    0,
    1,
    2,
    1,
    0,
    0,
    1,
    3,
    0,
    1,
    0,
    2,
    0,
    1,
    0,
    3,
    2,
    3,
    1,
    1,
    0,
    0,
    3,
    0,
    1,
    0,
    0,
    2,
    0,
    0,
    0,
    3,
    2,
    3,
    2,
    2,
    3,
    0,
    3,
    3,
    3,
    1,
    3,
    0,
    1,
    0,
    1,
    3,
    3,
    0,
    0,
    1,
    0,
    3,
    0,
    3,
    0,
    0,
    0,
    2,
    0,
    0,
    3,
    3,
    0,
    3,
    1,
    0,
    0,
    1,
    1,
    1,
    1,
    2,
    2,
    3,
    0,
    0,
    2,
    2,
    3,
    0,
    2,
    1,
    2,
    0,
    3,
    2,
    3,
    1,
    1,
    0,
    3,
    2,
    1,
    2,
    0,
    0,
    1,
    3,
    0,
    1,
    0,
    0,
    2,
    1,
    1,
    1,
    1,
    3,
    3,
    0,
    0,
    0,
    3,
    0,
    0,
    0,
    2,
    0,
    2,
    0,
    3,
    0,
    0,
    0,
    0,
    3,
    3,
    2,
    3,
    0,
    1,
    3
  ],