{
  "n_eval": 600,
  "elapsed": 313.040452154004,
  "f1_raw": 0.22363267361483127,
  "acc_raw": 0.26166666666666666,
  "f1_norm": 0.22363267361483127,
  "acc_norm": 0.26166666666666666,
  "confusion_matrix_raw": [
    [
      74,
      24,
      46,
      6
    ],
    [
      93,
      32,
      65,
      10
    ],
    [
      73,
      22,
      47,
      8
    ],
    [
      38,
      15,
      43,
      4
    ]
  ],
  "preds_raw": [
    0,
    2,
    0,
    2,
    2,
    0,
    0,
    0,
    3,
    0,
    0,
    3,
    0,
    2,
    0,
    1,
    0,
    0,
    2,
    3,
    0,
    0,
    0,
    2,
    0,
    1,
    2,
    0,
    2,
    0,
    2,
    0,
    0,
    2,
    0,
    0,
    2,
    0,
    0,
    0,
    2,
    1,
    0,
    0,
    2,
    0,
    1,
    2,
    1,
    3,
    0,
    0,
    2,
    2,
    3,
    2,
    2,
    0,
    0,
    0,
    0,
    0,
    0,
    1,
    1,
    1,
    3,
    0,
    0,
    1,
    0,
    2,
    2,
    0,
    0,
    0,
    1,
    2,
    1,
    0,
    0,
    2,
    0,
    1,
    0,
    0,
    1,
    1,
    0,
    2,
    0,
    0,
    0,
    0,
    2,
    2,
    0,
    0,
    2,
    2,
    2,
    1,
    2,
    2,
    1,
    0,
    2,
    0,
    0,
    0,
    1,
    0,
    0,
    0,
    2,
    0,
    0,
    1,
    0,
    2,
    0,
    2,
    0,
    0,
    2,
    2,
    0,
    0,
    0,
    0,
    0,
    0,
    0,
    0,
    0,
    2,
    2,
    2,
    0,
    0,
    2,
    1,
    1,
    1,
    0,
    2,
    0,
    2,
    2,
    0,
    2,
    2,
    0,
    2,
    2,
    1,
    1,
    2,
    2,
    1,
    0,
    0,
    0,
    0,
    2,
    2,
    2,
    2,
    2,
    0,
    2,
    2,
    0,
    0,
    1,
    1,
    2,
    1,
    2,
    0,
    2,
    0,
    0,
    1,
    0,
    0,
    2,
    0,
    2,
    1,
    0,
    1,
    2,
    1,
    2,
    0,
    0,
    2,
    0,
    0,
    2,
    1,
    2,
    1,
    1,
    2,
    2,
    2,
    0,
    3,
    2,
    1,
    2,
    0,
    1,
    0,
    2,
    0,
    0,
    0,
    1,
    0,
    0,
    2,
    0,
    0,
    1,
    1,
    0,
    0,
    0,
    0,
    2,
    2,
    2,
    0,
    0,
    0,
    0,
    2,
    0,
    0,
    0,
    0,
    1,
    0,
    0,
    0,
    2,
    2,
    2,
    2,
    2,
    0,
    2,
    0,
    3,
    0,
    0,
    0,
    0,
    3,
    0,
    3,
    0,
    3,
    0,
    1,
    2,
    2,
    2,
    2,
    1,
    1,
    2,
    0,
    2,
    0,
    0,
    0,
    0,
    2,
    2,
    1,
    0,
    2,
    0,
    2,
    0,
    2,
    1,
    0,
    0,
    0,
    0,
    2,
    0,
    2,
    0,
    2,
    2,
    2,
    0,
    0,
    0,
    2,
    2,
    1,
    2,
    2,
    0,
    0,
    1,
    0,
    0,
    0,
    2,
    2,
    0,
    0,
    0,
    1,
    1,
    1,
    2,
    0,
    2,
    2,
    3,
    1,
    0,
    0,
    0,
    1,
    0,
    2,
    1,
    0,
    0,
    0,
    1,
    0,
    0,
    2,
    3,
    2,
    3,
    2,
    1,
    3,
    0,
    3,
    1,
    2,
    2,
    1,
    2,
    0,
    0,
    2,
    0,
    2,
    2,
    0,
    2,
    2,
    0,
    0,
    1,
    0,
    0,
    0,
    2,
    1,
    1,
    1,
    2,
    2,
    0,
    2,
    2,
    1,
    2,
    0,
    2,
    0,
    2,
    2,
    0,
    0,
    0,
    0,
    2,
    1,
    2,
    0,
    2,
    2,
    0,
    0,
    2,
    3,
    0,
    2,
    0,
    0,
    1,
    2,
    3,
    0,
    3,
    0,
    1,
    1,
    0,
    2,
    1,
    2,
    2,
    3,
    2,
    0,
    2,
    0,
    0,
    1,
    2,
    0,
    0,
    0,
    2,
    3,
    0,
    0,
    0,
    3,
    2,
    0,
    0,
    2,
    0,
    0,
    1,
    2,
    0,
    0,
    0,
    1,
    0,
    1,
    0,
    2,
    0,
    1,
    0,
    0,
    2,
    2,
    0,
    2,
    0,
    0,
    3,
    0,
    2,
    0,
    2,
    1,
    2,
    2,
    2,
    1,
    2,
    2,
    0,
    0,
    2,
    0,
    0,
    0,
    2,
    0,
    2,
    2,
    0,
    1,
    2,
    0,
    2,
    0,
    2,
    0,
    0,
    0,
    2,
    0,
    1,
    0,
    0,
    3,
    2,
    2,
    2,
    1,
    0,
    2,
    1,
    2,
    0,
    3,
    0,
    1,
    2,
    2,
    0,
    2,
    0,
    2,
    0,
    0,
    0,
    3,
    0,
    1,
    0,
    0,
    2,
    0,
    2,
    3,
    2,
    1,
    0,
    0,
    0,
    2,
    2,
    0,
    1,
    2,
    2,
    0,
    1,
    2,
    2,
    0,
    0,
    1,
    2,
    2,
    2,
    2,
    1,
    0,
    2,
    2,
    0,
    0,
    0,
    2,
    1,
    0,
    0,
    2,
    0,
    1,
    0,
    0,
    0,
    3,
    0,
    2,
    2,
    0,
    0,
    2,
    0,
    2,
    0,
    0,
    0,
    0,
    0,
    1,
    2,
    2,
    2,
    1,
    0,
    1,
    2,
    1,
    2,
    0,
    0,
    1,
    1,
    0,
    0,
    2
  ],