{
  "n_eval": 600,
  "elapsed": 187.74779274303,
  "f1_raw": 0.2469500990337178,
  "acc_raw": 0.25666666666666665,
  "f1_norm": 0.2469500990337178,
  "acc_norm": 0.25666666666666665,
  "confusion_matrix_raw": [
    [
      56,
      31,
      21,
      42
    ],
    [
      65,
      52,
      34,
      49
    ],
    [
      41,
      42,
      23,
      44
    ],
    [
      23,
      34,
      20,
      23
    ]
  ],
  "preds_raw": [
    0,
    0,
    1,
    0,
    3,
    1,
    0,
    0,
    1,
    3,
    3,
    3,
    2,
    0,
    0,
    0,
    2,
    3,
    0,
    1,
    1,
    2,
    3,
    0,
    1,
    3,
    0,
    0,
    2,
    0,
    0,
    0,
    2,
    0,
    2,
    2,
    3,
    0,
    3,
    1,
    0,
    0,
    1,
    3,
    2,
    1,
    3,
    1,
    3,
    1,
    0,
    1,
    2,
    2,
    3,
    1,
    1,
    3,
    2,
    1,
    3,
    2,
    0,
    1,
    2,
    1,
    3,
    3,
    0,
    2,
    3,
    3,
    3,
    1,
    1,
    1,
    0,
    0,
    3,
    1,
    3,
    0,
    2,
    1,
    0,
    0,
    1,
    3,
    0,
    1,
    3,
    3,
    2,
    1,
    3,
    3,
    0,
    2,
    0,
    3,
    3,
    1,
    2,
    3,
    1,
    3,
    0,
    1,
    1,
    1,
    3,
    2,
    0,
    1,
    3,
    1,
    3,
    1,
    3,
    2,
    1,
    1,
    2,
    0,
    0,
    2,
    3,
    3,
    3,
    0,
    3,
    1,
    3,
    0,
    0,
    1,
    0,
    3,
    0,
    1,
    3,
    0,
    1,
    0,
    3,
    3,
    0,
    0,
    2,
    3,
    2,
    2,
    1,
    0,
    3,
    1,
    1,
    1,
    1,
    1,
    1,
    0,
    3,
    0,
    0,
    2,
    3,
    0,
    2,
    2,
    1,
    2,
    3,
    1,
    0,
    1,
    1,
    0,
    1,
    0,
    1,
    1,
    0,
    1,
    0,
    0,
    3,
    0,
    2,
    0,
    0,
    2,
    1,
    1,
    1,
    0,
    0,
    3,
    3,
    3,
    0,
    0,
    3,
    3,
    3,
    0,
    2,
    2,
    3,
    3,
    0,
    0,
    1,
    3,
    3,
    3,
    0,
    0,
    0,
    0,
    0,
    3,
    2,
    2,
    2,
    3,
    0,
    3,
    3,
    3,
    0,
    1,
    2,
    0,
    0,
    0,
    0,
    0,
    2,
    1,
    1,
    3,
    2,
    1,
    3,
    1,
    3,
    2,
    2,
    3,
    0,
    0,
    0,
    0,
    3,
    0,
    1,
    0,
    3,
    0,
    2,
    0,
    2,
    1,
    0,
    0,
    1,
    3,
    3,
    2,
    2,
    0,
    1,
    2,
    1,
    0,
    3,
    2,
    2,
    3,
    0,
    3,
    0,
    1,
    3,
    3,
    2,
    0,
    1,
    1,
    3,
    0,
    0,
    1,
    0,
    3,
    3,
    0,
    3,
    3,
    0,
    0,
    1,
    1,
    1,
    3,
    1,
    1,
    1,
    0,
    2,
    3,
    0,
    0,
    0,
    0,
    3,
    0,
    3,
    3,
    2,
    2,
    2,
    0,
    1,
    0,
    0,
    0,
    1,
    2,
    3,
    3,
    1,
    0,
    1,
    1,
    0,
    2,
    1,
    3,
    3,
    0,
    0,
    2,
    0,
    3,
    0,
    1,
    1,
    0,
    2,
    1,
    0,
    1,
    1,
    2,
    0,
    3,
    2,
    3,
    3,
    0,
    1,
    2,
    2,
    3,
    1,
    0,
    1,
    0,
    0,
    2,
    1,
    3,
    0,
    3,
    1,
    1,
    2,
    0,
    3,
    0,
    0,
    0,
    0,
    0,
    3,
    3,
    0,
    2,
    0,
    3,
    3,
    1,
    0,
    1,
    1,
    3,
    3,
    0,
    0,
    0,
    3,
    2,
    3,
    3,
    3,
    1,
    0,
    0,
    0,
    3,
    1,
    1,
    0,
    3,
    2,
    2,
    3,
    0,
    3,
    0,
    1,
    1,
    1,
    2,
    3,
    3,
    0,
    3,
    1,
    0,
    3,
    3,
    1,
    0,
    0,
    1,
    3,
    1,
    3,
    1,
    3,
    3,
    2,
    1,
    2,
    3,
    3,
    0,
    2,
    2,
    0,
    0,
    3,
    0,
    1,
    0,
    0,
    1,
    3,
    0,
    0,
    2,
    3,
    0,
    3,
    1,
    3,
    1,
    1,
    3,
    2,
    0,
    1,
    0,
    3,
    0,
    3,
    0,
    1,
    2,
    1,
    3,
    3,
    0,
    2,
    1,
    1,
    0,
    3,
    1,
    1,
    2,
    3,
    2,
    1,
    1,
    0,
    1,
    3,
    0,
    0,
    0,
    0,
    0,
    0,
    0,
    0,
    2,
    1,
    3,
    1,
    1,
    2,
    2,
    1,
    1,
    1,
    2,
    1,
    3,
    3,
    0,
    1,
    2,
    3,
    0,
    1,
    1,
    2,
    0,
    0,
    2,
    0,
    2,
    3,
    0,
    3,
    3,
    0,
    2,
    3,
    1,
    3,
    0,
    2,
    3,
    1,
    0,
    2,
    1,
    1,
    3,
    1,
    0,
    2,
    1,
    1,
    2,
    0,
    2,
    1,
    0,
    3,
    1,
    1,
    0,
    0,
    0,
    2,
    1,
    3,
    1,
    2,
    3,
    2,
    1,
    1,
    3,
    2,
    1,
    1,
    3,
    0,
    3,
    0,
    3,
    1,
    3,
    0,
    1,
    2,
    1,
    1,
    1,
    2,
    1,
    1,
    1
  ],