{
  "n_eval": 600,
  "elapsed": 217.49028096499387,
  "f1_raw": 0.22344081140709549,
  "acc_raw": 0.22833333333333333,
  "f1_norm": 0.22344081140709549,
  "acc_norm": 0.22833333333333333,
  "confusion_matrix_raw": [
    [
      45,
      13,
      37,
      55
    ],
    [
      56,
      17,
      51,
      76
    ],
    [
      48,
      11,
      37,
      54
    ],
    [
      29,
      11,
      22,
      38
    ]
  ],
  "preds_raw": [
    3,
    0,
    3,
    0,
    0,
    3,
    2,
    0,
    2,
    3,
    0,
    0,
    0,
    0,
    1,
    3,
    3,
    3,
    3,
    2,
    2,
    3,
    0,
    2,
    0,
    2,
    1,
    3,
    3,
    2,
    2,
    0,
    3,
    2,
    0,
    0,
    1,
    2,
    0,
    3,
    0,
    2,
    3,
    1,
    0,
    3,
    2,
    1,
    0,
    3,
    0,
    3,
    2,
    2,
    0,
    3,
    3,
    3,
    3,
    2,
    3,
    0,
    0,
    3,
    0,
    2,
    1,
    0,
    0,
    2,
    0,
    3,
    1,
    3,
    3,
    0,
    3,
    3,
    3,
    3,
    3,
    3,
    3,
    3,
    1,
    2,
    2,
    2,
    1,
    0,
    3,
    2,
    1,
    2,
    2,
    0,
    3,
    2,
    3,
    3,
    2,
    1,
    3,
    0,
    3,
    2,
    1,
    0,
    2,
    2,
    2,
    0,
    1,
    3,
    3,
    2,
    2,
    2,
    3,
    3,
    1,
    1,
    0,
    2,
    0,
    3,
    3,
    1,
    3,
    2,
    2,
    3,
    3,
    0,
    0,
    1,
    0,
    3,
    3,
    2,
    1,
    0,
    3,
    3,
    2,
    0,
    1,
    1,
    3,
    2,
    2,
    3,
    3,
    3,
    3,
    2,
    3,
    2,
    2,
    3,
    2,
    0,
    3,
    2,
    2,
    2,
    0,
    2,
    0,
    1,
    3,
    3,
    2,
    2,
    2,
    3,
    1,
    0,
    3,
    2,
    3,
    2,
    0,
    3,
    3,
    0,
    1,
    3,
    1,
    0,
    0,
    3,
    0,
    3,
    3,
    2,
    2,
    2,
    2,
    0,
    0,
    2,
    0,
    3,
    2,
    1,
    2,
    3,
    3,
    2,
    3,
    3,
    3,
    2,
    2,
    1,
    0,
    0,
    3,
    0,
    3,
    2,
    3,
    3,
    0,
    2,
    3,
    3,
    2,
    0,
    0,
    0,
    3,
    0,
    3,
    3,
    2,
    3,
    2,
    0,
    3,
    3,
    3,
    3,
    0,
    3,
    3,
    3,
    2,
    0,
    2,
    2,
    3,
    3,
    3,
    1,
    2,
    0,
    0,
    3,
    1,
    2,
    3,
    2,
    0,
    0,
    0,
    2,
    3,
    3,
    2,
    3,
    0,
    1,
    3,
    2,
    1,
    3,
    3,
    2,
    2,
    0,
    0,
    2,
    3,
    0,
    3,
    0,
    0,
    0,
    2,
    1,
    0,
    3,
    0,
    0,
    0,
    2,
    0,
    3,
    1,
    2,
    3,
    3,
    0,
    0,
    0,
    0,
    3,
    1,
    0,
    0,
    3,
    3,
    3,
    2,
    3,
    0,
    0,
    0,
    3,
    2,
    0,
    3,
    0,
    3,
    0,
    1,
    2,
    0,
    0,
    3,
    2,
    2,
    2,
    0,
    0,
    1,
    2,
    3,
    1,
    2,
    0,
    3,
    2,
    0,
    0,
    0,
    2,
    3,
    3,
    2,
    3,
    2,
    2,
    3,
    0,
    0,
    0,
    0,
    0,
    0,
    1,
    2,
    3,
    0,
    3,
    3,
    3,
    1,
    0,
    3,
    3,
    1,
    0,
    2,
    0,
    3,
    3,
    0,
    3,
    3,
    0,
    1,
    0,
    2,
    0,
    3,
    0,
    3,
    0,
    2,
    0,
    0,
    0,
    3,
    2,
    0,
    0,
    0,
    3,
    0,
    3,
    2,
    0,
    2,
    2,
    3,
    2,
    0,
    2,
    3,
    3,
    2,
    0,
    3,
    3,
    3,
    2,
    3,
    3,
    3,
    3,
    0,
    1,
    1,
    2,
    3,
    2,
    2,
    2,
    2,
    3,
    0,
    2,
    0,
    2,
    0,
    2,
    2,
    0,
    3,
    2,
    0,
    3,
    3,
    3,
    0,
    0,
    0,
    1,
    0,
    3,
    3,
    2,
    2,
    0,
    3,
    3,
    0,
    3,
    0,
    2,
    3,
    2,
    0,
    2,
    2,
    2,
    0,
    0,
    2,
    3,
    3,
    3,
    3,
    3,
    2,
    0,
    3,
    3,
    3,
    1,
    3,
    0,
    0,
    3,
    2,
    3,
    0,
    0,
    0,
    3,
    0,
    3,
    3,
    3,
    3,
    0,
    3,
    0,
    0,
    3,
    0,
    0,
    3,
    2,
    2,
    3,
    3,
    3,
    2,
    2,
    3,
    1,
    0,
    2,
    0,
    0,
    1,
    0,
    1,
    3,
    0,
    3,
    2,
    3,
    0,
    3,
    3,
    0,
    3,
    2,
    0,
    2,
    1,
    3,
    3,
    3,
    0,
    0,
    3,
    1,
    0,
    3,
    2,
    3,
    3,
    1,
    0,
    2,
    2,
    3,
    2,
    3,
    3,
    3,
    2,
    3,
    0,
    3,
    0,
    3,
    1,
    2,
    3,
    0,
    0,
    0,
    0,
    3,
    0,
    3,
    3,
    3,
    1,
    3,
    3,
    3,
    0,
    3,
    3,
    0,
    2,
    0,
    0,
    2,
    3,
    3,
    2,
    0,
    3,
    3,
    3,
    0,
    2,
    2,
    0,
    2,
    3
  ],