{
  "n_eval": 600,
  "elapsed": 313.0481212490704,
  "f1_raw": 0.21452325528351268,
  "acc_raw": 0.25666666666666665,
  "f1_norm": 0.21452325528351268,
  "acc_norm": 0.25666666666666665,
  "confusion_matrix_raw": [
    [
      76,
      26,
      44,
      4
    ],
    [
      95,
      36,
      58,
      11
    ],
    [
      70,
      29,
      40,
      11
    ],
    [
      38,
      18,
      42,
      2
    ]
  ],
  "preds_raw": [
    0,
    2,
    2,
    1,
    2,
    0,
    0,
    0,
    3,
    0,
    0,
    3,
    0,
    2,
    0,
    1,
    0,
    0,
    2,
    3,
    0,
    0,
    2,
    2,
    0,
    1,
    2,
    0,
    2,
    0,
    2,
    0,
    0,
    0,
    0,
    0,
    2,
    0,
    0,
    0,
    2,
    1,
    0,
    3,
    2,
    0,
    0,
    2,
    1,
    3,
    0,
    0,
    2,
    2,
    3,
    2,
    2,
    0,
    0,
    0,
    0,
    0,
    0,
    0,
    1,
    1,
    2,
    0,
    0,
    0,
    0,
    2,
    2,
    0,
    0,
    1,
    0,
    2,
    1,
    0,
    1,
    2,
    0,
    1,
    0,
    0,
    1,
    1,
    0,
    2,
    0,
    0,
    0,
    0,
    2,
    2,
    0,
    0,
    3,
    2,
    2,
    1,
    1,
    2,
    1,
    0,
    1,
    1,
    2,
    0,
    2,
    0,
    0,
    0,
    2,
    0,
    0,
    2,
    0,
    1,
    0,
    2,
    0,
    2,
    1,
    1,
    2,
    0,
    2,
    0,
    0,
    0,
    0,
    0,
    0,
    2,
    2,
    2,
    0,
    0,
    2,
    1,
    2,
    1,
    0,
    1,
    0,
    0,
    2,
    0,
    2,
    3,
    0,
    2,
    0,
    1,
    2,
    2,
    1,
    0,
    0,
    0,
    1,
    0,
    1,
    2,
    2,
    1,
    2,
    0,
    3,
    2,
    0,
    0,
    1,
    1,
    2,
    1,
    1,
    0,
    2,
    2,
    0,
    1,
    0,
    2,
    2,
    0,
    2,
    0,
    0,
    0,
    1,
    1,
    2,
    0,
    0,
    2,
    0,
    1,
    2,
    1,
    2,
    1,
    0,
    2,
    0,
    2,
    0,
    3,
    2,
    1,
    1,
    0,
    1,
    0,
    0,
    2,
    0,
    0,
    1,
    0,
    0,
    2,
    0,
    0,
    2,
    1,
    0,
    0,
    0,
    0,
    2,
    2,
    2,
    0,
    0,
    0,
    3,
    2,
    0,
    0,
    0,
    0,
    1,
    0,
    1,
    0,
    2,
    2,
    2,
    2,
    2,
    0,
    2,
    0,
    0,
    2,
    0,
    0,
    0,
    3,
    2,
    3,
    0,
    3,
    1,
    0,
    2,
    2,
    2,
    0,
    1,
    1,
    2,
    0,
    0,
    0,
    0,
    1,
    0,
    2,
    2,
    1,
    0,
    2,
    1,
    2,
    0,
    2,
    1,
    0,
    0,
    0,
    0,
    2,
    0,
    2,
    0,
    2,
    1,
    2,
    0,
    0,
    0,
    2,
    2,
    1,
    2,
    0,
    0,
    0,
    2,
    0,
    0,
    0,
    2,
    2,
    1,
    0,
    0,
    1,
    1,
    0,
    0,
    2,
    2,
    2,
    3,
    1,
    0,
    0,
    0,
    1,
    0,
    2,
    1,
    2,
    0,
    0,
    1,
    0,
    0,
    2,
    3,
    2,
    1,
    2,
    0,
    3,
    0,
    3,
    0,
    2,
    2,
    1,
    2,
    0,
    0,
    2,
    0,
    2,
    2,
    0,
    2,
    2,
    0,
    0,
    1,
    0,
    0,
    0,
    2,
    3,
    1,
    1,
    1,
    2,
    0,
    2,
    1,
    1,
    2,
    0,
    2,
    0,
    0,
    1,
    0,
    0,
    1,
    0,
    2,
    1,
    3,
    0,
    2,
    2,
    2,
    0,
    2,
    3,
    1,
    2,
    0,
    0,
    1,
    2,
    1,
    0,
    3,
    0,
    0,
    1,
    0,
    1,
    2,
    2,
    0,
    3,
    2,
    0,
    2,
    0,
    0,
    1,
    0,
    0,
    0,
    0,
    0,
    3,
    0,
    0,
    0,
    3,
    2,
    0,
    0,
    2,
    1,
    0,
    1,
    0,
    0,
    0,
    0,
    1,
    0,
    0,
    0,
    2,
    0,
    2,
    0,
    0,
    2,
    2,
    0,
    2,
    0,
    0,
    0,
    0,
    2,
    1,
    2,
    1,
    2,
    2,
    0,
    2,
    2,
    2,
    1,
    0,
    2,
    0,
    1,
    0,
    2,
    0,
    2,
    2,
    0,
    1,
    1,
    0,
    2,
    0,
    2,
    0,
    0,
    0,
    2,
    1,
    1,
    0,
    1,
    3,
    2,
    2,
    0,
    1,
    0,
    2,
    1,
    2,
    0,
    3,
    0,
    1,
    0,
    2,
    2,
    2,
    0,
    2,
    0,
    0,
    0,
    2,
    0,
    2,
    0,
    0,
    0,
    0,
    0,
    2,
    2,
    0,
    0,
    0,
    0,
    0,
    2,
    0,
    1,
    1,
    2,
    0,
    1,
    1,
    2,
    0,
    0,
    1,
    0,
    1,
    2,
    2,
    0,
    0,
    2,
    2,
    0,
    0,
    0,
    2,
    2,
    2,
    0,
    2,
    0,
    0,
    0,
    0,
    0,
    3,
    0,
    2,
    1,
    2,
    0,
    2,
    1,
    1,
    0,
    1,
    0,
    0,
    0,
    1,
    2,
    2,
    2,
    1,
    0,
    1,
    1,
    2,
    2,
    0,
    0,
    0,
    1,
    2,
    0,
    2
  ],