{
  "n_eval": 600,
  "elapsed": 519.0758997260127,
  "f1_raw": 0.256008151156058,
  "acc_raw": 0.265,
  "f1_norm": 0.256008151156058,
  "acc_norm": 0.265,
  "confusion_matrix_raw": [
    [
      39,
      43,
      46,
      22
    ],
    [
      53,
      54,
      69,
      24
    ],
    [
      44,
      35,
      48,
      23
    ],
    [
      19,
      31,
      32,
      18
    ]
  ],
  "preds_raw": [
    3,
    2,
    3,
    2,
    0,
    2,
    1,
    1,
    3,
    3,
    1,
    2,
    0,
    2,
    0,
    0,
    3,
    0,
    1,
    3,
    2,
    0,
    0,
    2,
    1,
    2,
    2,
    0,
    0,
    2,
    2,
    1,
    2,
    0,
    1,
    2,
    2,
    1,
    0,
    2,
    2,
    3,
    1,
    0,
    0,
    2,
    2,
    1,
    2,
    0,
    0,
    0,
    2,
    2,
    0,
    1,
    2,
    2,
    0,
    1,
    2,
    2,
    0,
    0,
    2,
    3,
    2,
    2,
    2,
    0,
    2,
    0,
    1,
    1,
    3,
    1,
    2,
    3,
    2,
    0,
    2,
    0,
    3,
    2,
    3,
    2,
    3,
    0,
    0,
    3,
    0,
    0,
    0,
    2,
    1,
    1,
    1,
    1,
    1,
    2,
    2,
    1,
    2,
    0,
    3,
    2,
    1,
    1,
    3,
    1,
    2,
    1,
    1,
    3,
    3,
    2,
    3,
    2,
    1,
    1,
    2,
    1,
    1,
    1,
    1,
    0,
    0,
    3,
    2,
    1,
    0,
    2,
    3,
    0,
    1,
    0,
    1,
    2,
    0,
    2,
    1,
    1,
    1,
    3,
    1,
    2,
    2,
    0,
    0,
    0,
    2,
    2,
    2,
    2,
    2,
    3,
    1,
    3,
    0,
    0,
    2,
    2,
    0,
    1,
    2,
    1,
    0,
    2,
    1,
    3,
    3,
    2,
    3,
    0,
    2,
    2,
    1,
    0,
    2,
    2,
    2,
    3,
    2,
    1,
    2,
    3,
    3,
    2,
    2,
    1,
    2,
    3,
    1,
    2,
    2,
    2,
    1,
    2,
    3,
    1,
    3,
    1,
    1,
    2,
    2,
    2,
    1,
    0,
    0,
    0,
    2,
    0,
    0,
    2,
    0,
    2,
    2,
    1,
    0,
    2,
    0,
    2,
    2,
    3,
    0,
    3,
    0,
    1,
    2,
    0,
    3,
    2,
    0,
    1,
    2,
    0,
    1,
    2,
    0,
    2,
    2,
    0,
    3,
    0,
    2,
    3,
    0,
    0,
    2,
    1,
    0,
    1,
    1,
    2,
    3,
    0,
    0,
    1,
    2,
    0,
    2,
    2,
    2,
    1,
    1,
    2,
    0,
    0,
    1,
    1,
    1,
    2,
    0,
    3,
    2,
    0,
    3,
    2,
    3,
    3,
    1,
    0,
    1,
    0,
    0,
    1,
    3,
    1,
    2,
    2,
    2,
    0,
    2,
    2,
    1,
    1,
    2,
    1,
    2,
    1,
    0,
    1,
    2,
    0,
    2,
    2,
    1,
    3,
    1,
    1,
    1,
    0,
    2,
    0,
    3,
    2,
    1,
    1,
    3,
    2,
    0,
    1,
    2,
    0,
    3,
    2,
    2,
    1,
    2,
    1,
    3,
    0,
    0,
    1,
    2,
    2,
    1,
    2,
    2,
    2,
    2,
    3,
    2,
    1,
    0,
    1,
    0,
    1,
    1,
    0,
    2,
    3,
    1,
    2,
    0,
    2,
    1,
    0,
    3,
    1,
    2,
    2,
    2,
    3,
    1,
    1,
    2,
    0,
    3,
    1,
    0,
    2,
    1,
    3,
    2,
    0,
    0,
    1,
    2,
    1,
    0,
    0,
    2,
    2,
    1,
    3,
    2,
    0,
    3,
    2,
    1,
    0,
    2,
    1,
    1,
    2,
    0,
    0,
    0,
    1,
    3,
    1,
    2,
    1,
    0,
    3,
    2,
    1,
    3,
    0,
    1,
    0,
    2,
    0,
    0,
    0,
    3,
    0,
    2,
    0,
    1,
    3,
    0,
    0,
    1,
    3,
    1,
    2,
    3,
    2,
    3,
    2,
    3,
    1,
    1,
    1,
    0,
    1,
    3,
    1,
    1,
    2,
    1,
    2,
    2,
    0,
    0,
    1,
    3,
    1,
    2,
    1,
    2,
    0,
    0,
    0,
    1,
    0,
    3,
    1,
    0,
    2,
    1,
    0,
    2,
    0,
    1,
    0,
    2,
    1,
    1,
    1,
    1,
    0,
    3,
    3,
    0,
    3,
    1,
    1,
    3,
    0,
    1,
    2,
    1,
    0,
    2,
    2,
    2,
    2,
    2,
    2,
    1,
    1,
    0,
    3,
    2,
    2,
    0,
    1,
    1,
    2,
    2,
    0,
    2,
    0,
    2,
    0,
    2,
    2,
    2,
    1,
    1,
    0,
    0,
    2,
    3,
    1,
    1,
    2,
    1,
    1,
    0,
    0,
    3,
    3,
    1,
    2,
    2,
    2,
    1,
    3,
    0,
    0,
    0,
    1,
    0,
    2,
    0,
    1,
    1,
    1,
    0,
    0,
    2,
    1,
    1,
    0,
    2,
    0,
    1,
    0,
    3,
    0,
    0,
    0,
    2,
    2,
    3,
    3,
    1,
    0,
    1,
    0,
    2,
    1,
    0,
    2,
    1,
    0,
    2,
    2,
    0,
    2,
    3,
    1,
    1,
    3,
    2,
    1,
    2,
    3,
    1,
    3,
    2,
    1,
    1,
    1,
    0,
    0,
    2,
    0,
    3,
    2,
    3,
    2,
    1,
    0,
    2,
    2
  ],