{
  "n_eval": 600,
  "elapsed": 187.63011055195238,
  "f1_raw": 0.24341659741030788,
  "acc_raw": 0.25333333333333335,
  "f1_norm": 0.24341659741030788,
  "acc_norm": 0.25333333333333335,
  "confusion_matrix_raw": [
    [
      40,
      46,
      38,
      26
    ],
    [
      56,
      59,
      53,
      32
    ],
    [
      46,
      42,
      35,
      27
    ],
    [
      22,
      33,
      27,
      18
    ]
  ],
  "preds_raw": [
    0,
    0,
    1,
    0,
    1,
    1,
    0,
    0,
    1,
    0,
    1,
    3,
    2,
    0,
    2,
    2,
    2,
    1,
    0,
    1,
    2,
    2,
    3,
    0,
    0,
    1,
    0,
    0,
    2,
    0,
    0,
    0,
    2,
    0,
    1,
    1,
    3,
    2,
    3,
    1,
    0,
    0,
    1,
    0,
    2,
    1,
    0,
    3,
    1,
    2,
    0,
    2,
    2,
    3,
    0,
    1,
    1,
    3,
    2,
    1,
    3,
    2,
    0,
    1,
    2,
    1,
    3,
    3,
    2,
    2,
    0,
    1,
    1,
    2,
    1,
    1,
    0,
    0,
    3,
    2,
    1,
    0,
    2,
    3,
    2,
    0,
    2,
    3,
    2,
    1,
    1,
    1,
    2,
    1,
    3,
    1,
    2,
    1,
    0,
    1,
    3,
    0,
    2,
    0,
    1,
    2,
    0,
    3,
    0,
    1,
    3,
    2,
    0,
    1,
    3,
    1,
    1,
    3,
    3,
    2,
    1,
    1,
    2,
    1,
    0,
    2,
    3,
    3,
    2,
    1,
    1,
    2,
    3,
    0,
    0,
    1,
    1,
    0,
    0,
    1,
    3,
    0,
    1,
    2,
    0,
    3,
    0,
    0,
    2,
    3,
    2,
    2,
    1,
    1,
    0,
    1,
    2,
    3,
    1,
    3,
    1,
    0,
    3,
    0,
    0,
    2,
    3,
    0,
    0,
    2,
    1,
    2,
    1,
    1,
    0,
    0,
    2,
    2,
    1,
    3,
    0,
    2,
    0,
    1,
    0,
    2,
    1,
    0,
    2,
    1,
    0,
    2,
    1,
    1,
    1,
    0,
    0,
    3,
    0,
    1,
    0,
    0,
    1,
    2,
    1,
    1,
    2,
    2,
    2,
    1,
    0,
    0,
    1,
    3,
    3,
    3,
    2,
    2,
    0,
    1,
    0,
    1,
    2,
    2,
    0,
    3,
    0,
    3,
    1,
    1,
    0,
    1,
    2,
    0,
    0,
    2,
    0,
    0,
    2,
    1,
    1,
    3,
    2,
    0,
    3,
    2,
    3,
    2,
    3,
    1,
    0,
    0,
    2,
    3,
    2,
    2,
    1,
    1,
    2,
    2,
    2,
    2,
    2,
    1,
    3,
    0,
    3,
    3,
    1,
    1,
    2,
    0,
    3,
    2,
    1,
    0,
    1,
    3,
    2,
    1,
    0,
    1,
    0,
    1,
    2,
    2,
    2,
    0,
    2,
    0,
    1,
    2,
    0,
    1,
    0,
    3,
    2,
    0,
    3,
    3,
    2,
    0,
    0,
    1,
    3,
    2,
    1,
    1,
    1,
    0,
    3,
    3,
    0,
    0,
    2,
    1,
    1,
    0,
    2,
    3,
    2,
    2,
    0,
    0,
    1,
    0,
    0,
    3,
    1,
    3,
    2,
    2,
    1,
    0,
    2,
    1,
    2,
    2,
    1,
    3,
    1,
    0,
    0,
    2,
    0,
    1,
    2,
    1,
    2,
    2,
    2,
    1,
    0,
    1,
    1,
    2,
    2,
    1,
    2,
    3,
    1,
    0,
    1,
    2,
    2,
    3,
    3,
    0,
    3,
    0,
    0,
    2,
    1,
    3,
    0,
    1,
    1,
    1,
    2,
    0,
    1,
    0,
    0,
    0,
    0,
    0,
    0,
    1,
    0,
    2,
    1,
    3,
    3,
    1,
    0,
    1,
    1,
    2,
    3,
    3,
    1,
    0,
    1,
    2,
    1,
    1,
    3,
    1,
    0,
    0,
    3,
    1,
    1,
    1,
    1,
    3,
    2,
    2,
    2,
    1,
    1,
    0,
    2,
    3,
    0,
    2,
    2,
    3,
    0,
    3,
    1,
    0,
    2,
    1,
    0,
    0,
    0,
    1,
    3,
    3,
    3,
    2,
    3,
    1,
    2,
    1,
    2,
    3,
    3,
    0,
    2,
    2,
    1,
    2,
    3,
    0,
    1,
    0,
    2,
    1,
    3,
    0,
    0,
    2,
    0,
    0,
    1,
    0,
    3,
    1,
    1,
    3,
    2,
    0,
    3,
    0,
    1,
    0,
    0,
    2,
    1,
    2,
    1,
    2,
    3,
    0,
    2,
    3,
    2,
    0,
    3,
    2,
    1,
    2,
    1,
    2,
    1,
    2,
    0,
    1,
    1,
    0,
    0,
    0,
    2,
    0,
    0,
    0,
    0,
    2,
    1,
    3,
    1,
    1,
    2,
    2,
    1,
    1,
    0,
    2,
    1,
    3,
    1,
    2,
    2,
    2,
    1,
    3,
    1,
    1,
    1,
    0,
    3,
    2,
    0,
    2,
    3,
    0,
    0,
    1,
    0,
    2,
    3,
    1,
    3,
    1,
    2,
    3,
    1,
    0,
    0,
    1,
    1,
    3,
    2,
    0,
    2,
    1,
    1,
    2,
    0,
    0,
    1,
    0,
    3,
    3,
    0,
    0,
    0,
    0,
    2,
    1,
    2,
    2,
    0,
    3,
    2,
    1,
    1,
    1,
    2,
    1,
    1,
    3,
    1,
    3,
    0,
    3,
    1,
    1,
    2,
    1,
    2,
    1,
    1,
    1,
    3,
    1,
    3,
    2
  ],