{
  "n_eval": 600,
  "elapsed": 519.9085547800642,
  "f1_raw": 0.24954792342363133,
  "acc_raw": 0.265,
  "f1_norm": 0.24954792342363133,
  "acc_norm": 0.265,
  "confusion_matrix_raw": [
    [
      40,
      35,
      64,
      11
    ],
    [
      53,
      36,
      87,
      24
    ],
    [
      43,
      18,
      68,
      21
    ],
    [
      27,
      20,
      38,
      15
    ]
  ],
  "preds_raw": [
    3,
    2,
    3,
    2,
    2,
    1,
    1,
    2,
    2,
    1,
    0,
    2,
    0,
    1,
    0,
    0,
    2,
    0,
    2,
    2,
    2,
    0,
    0,
    2,
    2,
    2,
    2,
    0,
    0,
    2,
    2,
    1,
    2,
    0,
    1,
    2,
    2,
    2,
    0,
    2,
    2,
    0,
    1,
    0,
    0,
    2,
    2,
    2,
    2,
    0,
    0,
    3,
    2,
    2,
    0,
    1,
    2,
    2,
    0,
    1,
    2,
    0,
    0,
    0,
    2,
    2,
    2,
    2,
    2,
    0,
    2,
    0,
    1,
    2,
    3,
    1,
    1,
    3,
    2,
    2,
    2,
    0,
    3,
    0,
    3,
    2,
    3,
    0,
    0,
    2,
    0,
    0,
    0,
    2,
    2,
    2,
    1,
    2,
    1,
    2,
    2,
    2,
    0,
    0,
    3,
    0,
    2,
    1,
    3,
    2,
    0,
    2,
    1,
    3,
    3,
    2,
    2,
    2,
    1,
    1,
    2,
    1,
    2,
    2,
    1,
    0,
    0,
    0,
    2,
    1,
    2,
    2,
    3,
    1,
    2,
    0,
    2,
    2,
    0,
    1,
    1,
    1,
    1,
    0,
    2,
    2,
    2,
    0,
    0,
    1,
    2,
    0,
    2,
    2,
    2,
    3,
    3,
    0,
    0,
    0,
    2,
    1,
    0,
    2,
    2,
    1,
    0,
    2,
    1,
    3,
    3,
    2,
    3,
    0,
    1,
    2,
    1,
    2,
    3,
    2,
    2,
    3,
    1,
    1,
    2,
    3,
    3,
    2,
    1,
    2,
    2,
    3,
    2,
    2,
    2,
    0,
    2,
    2,
    3,
    1,
    0,
    1,
    2,
    2,
    2,
    2,
    1,
    0,
    2,
    0,
    2,
    0,
    3,
    3,
    0,
    2,
    2,
    1,
    0,
    2,
    2,
    3,
    3,
    3,
    0,
    1,
    0,
    1,
    2,
    0,
    0,
    2,
    2,
    1,
    1,
    0,
    1,
    3,
    0,
    2,
    2,
    0,
    0,
    0,
    2,
    3,
    0,
    2,
    1,
    1,
    2,
    1,
    1,
    2,
    0,
    2,
    0,
    1,
    2,
    0,
    2,
    3,
    2,
    2,
    2,
    2,
    0,
    0,
    1,
    0,
    2,
    2,
    0,
    1,
    2,
    0,
    3,
    2,
    1,
    0,
    2,
    3,
    1,
    0,
    0,
    2,
    3,
    1,
    2,
    2,
    2,
    0,
    0,
    2,
    1,
    2,
    2,
    2,
    1,
    2,
    0,
    2,
    2,
    0,
    2,
    1,
    2,
    0,
    1,
    0,
    1,
    0,
    2,
    2,
    3,
    2,
    3,
    1,
    2,
    2,
    0,
    0,
    2,
    0,
    0,
    2,
    2,
    1,
    2,
    2,
    3,
    2,
    0,
    2,
    2,
    2,
    2,
    2,
    2,
    2,
    2,
    2,
    2,
    1,
    0,
    2,
    0,
    1,
    0,
    0,
    2,
    3,
    2,
    2,
    0,
    2,
    1,
    0,
    3,
    1,
    2,
    2,
    2,
    0,
    1,
    1,
    3,
    0,
    1,
    1,
    0,
    2,
    2,
    3,
    2,
    0,
    0,
    2,
    2,
    1,
    0,
    0,
    1,
    2,
    2,
    3,
    2,
    2,
    3,
    0,
    2,
    0,
    2,
    1,
    2,
    2,
    0,
    0,
    0,
    2,
    3,
    2,
    2,
    2,
    1,
    2,
    1,
    1,
    2,
    0,
    1,
    0,
    0,
    2,
    0,
    0,
    3,
    0,
    2,
    2,
    2,
    3,
    0,
    0,
    1,
    3,
    1,
    2,
    3,
    2,
    3,
    2,
    3,
    2,
    1,
    1,
    0,
    2,
    3,
    2,
    2,
    2,
    1,
    2,
    2,
    0,
    0,
    3,
    3,
    2,
    2,
    0,
    2,
    0,
    0,
    0,
    2,
    0,
    2,
    2,
    0,
    1,
    1,
    0,
    2,
    0,
    3,
    0,
    2,
    1,
    2,
    1,
    1,
    0,
    3,
    3,
    0,
    3,
    2,
    0,
    3,
    2,
    2,
    0,
    1,
    0,
    2,
    2,
    2,
    2,
    2,
    2,
    0,
    1,
    0,
    3,
    2,
    2,
    0,
    1,
    2,
    2,
    2,
    0,
    2,
    0,
    0,
    2,
    2,
    2,
    2,
    1,
    2,
    0,
    0,
    2,
    3,
    1,
    1,
    2,
    2,
    2,
    0,
    0,
    3,
    2,
    0,
    2,
    2,
    0,
    1,
    3,
    0,
    0,
    1,
    1,
    0,
    2,
    0,
    2,
    1,
    1,
    1,
    0,
    2,
    2,
    1,
    0,
    2,
    1,
    2,
    0,
    3,
    0,
    0,
    0,
    2,
    0,
    3,
    3,
    1,
    0,
    2,
    1,
    2,
    1,
    3,
    2,
    1,
    0,
    2,
    2,
    0,
    2,
    0,
    1,
    3,
    3,
    2,
    1,
    2,
    2,
    1,
    1,
    2,
    2,
    2,
    2,
    2,
    0,
    2,
    0,
    3,
    0,
    3,
    2,
    1,
    0,
    2,
    2
  ],