{
  "n_eval": 600,
  "elapsed": 288.7207969990559,
  "f1_raw": 0.23627715803968222,
  "acc_raw": 0.2683333333333333,
  "f1_norm": 0.23627715803968222,
  "acc_norm": 0.2683333333333333,
  "confusion_matrix_raw": [
    [
      74,
      30,
      37,
      9
    ],
    [
      101,
      40,
      47,
      12
    ],
    [
      76,
      20,
      41,
      13
    ],
    [
      44,
      16,
      34,
      6
    ]
  ],
  "preds_raw": [
    0,
    3,
    0,
    1,
    2,
    0,
    0,
    3,
    3,
    0,
    0,
    3,
    0,
    1,
    0,
    2,
    2,
    0,
    1,
    2,
    0,
    0,
    0,
    0,
    0,
    2,
    3,
    0,
    0,
    0,
    2,
    0,
    0,
    2,
    3,
    0,
    2,
    3,
    0,
    0,
    2,
    0,
    1,
    0,
    0,
    2,
    1,
    0,
    1,
    2,
    2,
    0,
    2,
    2,
    0,
    3,
    2,
    0,
    2,
    0,
    0,
    0,
    0,
    0,
    1,
    1,
    0,
    0,
    0,
    0,
    0,
    0,
    1,
    0,
    2,
    1,
    0,
    0,
    0,
    0,
    0,
    2,
    0,
    1,
    2,
    0,
    2,
    0,
    1,
    1,
    0,
    0,
    2,
    2,
    3,
    1,
    2,
    2,
    2,
    2,
    1,
    1,
    1,
    2,
    2,
    0,
    1,
    1,
    0,
    1,
    0,
    2,
    0,
    0,
    2,
    2,
    0,
    0,
    0,
    0,
    0,
    1,
    3,
    1,
    1,
    0,
    0,
    0,
    0,
    3,
    0,
    0,
    0,
    0,
    2,
    0,
    1,
    2,
    0,
    2,
    1,
    2,
    1,
    2,
    0,
    2,
    0,
    0,
    2,
    0,
    0,
    1,
    0,
    1,
    2,
    2,
    2,
    2,
    1,
    0,
    0,
    0,
    0,
    3,
    3,
    3,
    1,
    2,
    2,
    0,
    0,
    2,
    0,
    0,
    1,
    0,
    2,
    3,
    2,
    2,
    1,
    0,
    0,
    2,
    0,
    2,
    2,
    0,
    0,
    2,
    3,
    2,
    2,
    0,
    2,
    0,
    0,
    2,
    0,
    0,
    0,
    1,
    1,
    0,
    2,
    2,
    0,
    2,
    1,
    2,
    1,
    2,
    1,
    0,
    0,
    0,
    2,
    2,
    0,
    1,
    1,
    0,
    0,
    2,
    0,
    0,
    1,
    0,
    2,
    0,
    3,
    1,
    0,
    1,
    1,
    0,
    0,
    0,
    0,
    1,
    0,
    0,
    0,
    0,
    1,
    0,
    0,
    0,
    2,
    1,
    0,
    1,
    0,
    0,
    1,
    3,
    1,
    2,
    0,
    0,
    0,
    3,
    2,
    3,
    2,
    2,
    0,
    0,
    1,
    0,
    3,
    0,
    0,
    2,
    2,
    2,
    0,
    0,
    2,
    0,
    0,
    2,
    0,
    1,
    2,
    3,
    0,
    2,
    0,
    2,
    0,
    2,
    0,
    0,
    2,
    0,
    3,
    1,
    0,
    0,
    2,
    1,
    0,
    0,
    2,
    0,
    1,
    0,
    3,
    0,
    2,
    0,
    2,
    0,
    2,
    0,
    2,
    0,
    2,
    1,
    0,
    1,
    0,
    1,
    0,
    2,
    2,
    1,
    0,
    2,
    0,
    2,
    0,
    0,
    0,
    1,
    1,
    0,
    2,
    3,
    0,
    0,
    0,
    2,
    2,
    1,
    1,
    3,
    0,
    3,
    0,
    3,
    1,
    0,
    0,
    2,
    3,
    0,
    0,
    2,
    2,
    1,
    1,
    0,
    0,
    1,
    0,
    3,
    0,
    2,
    0,
    0,
    3,
    0,
    1,
    0,
    1,
    1,
    2,
    1,
    2,
    2,
    2,
    2,
    0,
    0,
    2,
    1,
    2,
    0,
    0,
    0,
    3,
    0,
    3,
    0,
    0,
    0,
    0,
    0,
    2,
    2,
    0,
    1,
    0,
    0,
    1,
    2,
    2,
    0,
    0,
    0,
    2,
    2,
    0,
    2,
    2,
    2,
    0,
    3,
    2,
    0,
    2,
    2,
    1,
    1,
    2,
    0,
    0,
    0,
    0,
    2,
    0,
    0,
    0,
    0,
    2,
    1,
    0,
    0,
    0,
    0,
    2,
    1,
    0,
    0,
    0,
    0,
    0,
    1,
    2,
    3,
    0,
    0,
    0,
    0,
    1,
    1,
    0,
    1,
    0,
    0,
    0,
    0,
    0,
    2,
    0,
    0,
    1,
    1,
    1,
    2,
    0,
    1,
    0,
    0,
    1,
    0,
    3,
    0,
    0,
    0,
    1,
    0,
    0,
    2,
    0,
    0,
    1,
    0,
    2,
    0,
    0,
    0,
    2,
    0,
    1,
    0,
    1,
    0,
    1,
    2,
    0,
    2,
    0,
    2,
    2,
    2,
    0,
    2,
    3,
    2,
    0,
    0,
    2,
    1,
    0,
    1,
    0,
    0,
    0,
    0,
    0,
    2,
    2,
    2,
    2,
    2,
    0,
    2,
    0,
    0,
    0,
    0,
    0,
    3,
    1,
    0,
    1,
    1,
    1,
    2,
    0,
    2,
    2,
    0,
    2,
    0,
    2,
    1,
    2,
    2,
    0,
    0,
    0,
    0,
    2,
    0,
    0,
    2,
    1,
    1,
    0,
    0,
    0,
    2,
    0,
    2,
    0,
    0,
    0,
    1,
    0,
    0,
    0,
    3,
    2,
    2,
    0,
    0,
    0,
    0,
    0,
    0,
    3,
    1,
    2,
    1,
    0,
    1,
    1,
    2,
    2,
    1,
    0,
    0,
    2,
    0,
    0,
    2
  ],