{
  "n_eval": 600,
  "elapsed": 208.76740530901588,
  "f1_raw": 0.22977618307722497,
  "acc_raw": 0.25666666666666665,
  "f1_norm": 0.22977618307722497,
  "acc_norm": 0.25666666666666665,
  "confusion_matrix_raw": [
    [
      82,
      28,
      28,
      12
    ],
    [
      117,
      27,
      36,
      20
    ],
    [
      76,
      22,
      34,
      18
    ],
    [
      63,
      12,
      14,
      11
    ]
  ],
  "preds_raw": [
    3,
    3,
    1,
    0,
    0,
    0,
    0,
    3,
    2,
    0,
    1,
    2,
    0,
    0,
    3,
    3,
    1,
    1,
    0,
    3,
    0,
    0,
    0,
    2,
    2,
    0,
    0,
    1,
    0,
    0,
    2,
    2,
    3,
    0,
    0,
    0,
    1,
    2,
    0,
    0,
    0,
    2,
    0,
    1,
    0,
    0,
    0,
    2,
    0,
    0,
    2,
    0,
    2,
    3,
    0,
    0,
    0,
    3,
    1,
    0,
    1,
    0,
    0,
    0,
    3,
    1,
    0,
    1,
    2,
    1,
    2,
    0,
    3,
    1,
    0,
    0,
    0,
    2,
    2,
    0,
    3,
    0,
    2,
    2,
    0,
    0,
    3,
    0,
    0,
    3,
    1,
    1,
    1,
    3,
    1,
    2,
    0,
    1,
    2,
    0,
    1,
    2,
    2,
    1,
    1,
    0,
    3,
    0,
    1,
    0,
    3,
    0,
    0,
    1,
    0,
    0,
    0,
    1,
    2,
    0,
    2,
    0,
    0,
    0,
    0,
    1,
    0,
    0,
    1,
    3,
    0,
    3,
    3,
    2,
    1,
    1,
    0,
    0,
    0,
    0,
    3,
    2,
    3,
    1,
    2,
    0,
    0,
    0,
    0,
    0,
    0,
    0,
    0,
    2,
    0,
    0,
    0,
    3,
    0,
    0,
    2,
    0,
    0,
    0,
    2,
    0,
    0,
    1,
    1,
    0,
    1,
    0,
    0,
    1,
    2,
    0,
    0,
    0,
    0,
    2,
    0,
    0,
    2,
    0,
    1,
    0,
    0,
    0,
    0,
    0,
    0,
    0,
    0,
    0,
    2,
    1,
    2,
    0,
    2,
    1,
    1,
    2,
    0,
    0,
    2,
    0,
    2,
    0,
    2,
    0,
    0,
    0,
    0,
    0,
    3,
    0,
    0,
    0,
    0,
    0,
    2,
    0,
    2,
    0,
    0,
    2,
    0,
    1,
    1,
    0,
    1,
    2,
    1,
    3,
    3,
    0,
    2,
    3,
    0,
    2,
    0,
    0,
    0,
    1,
    0,
    0,
    0,
    0,
    2,
    1,
    2,
    2,
    0,
    0,
    0,
    3,
    0,
    0,
    0,
    0,
    0,
    2,
    0,
    0,
    0,
    2,
    0,
    1,
    3,
    2,
    0,
    1,
    0,
    0,
    0,
    0,
    1,
    1,
    0,
    0,
    2,
    1,
    2,
    2,
    0,
    2,
    0,
    3,
    0,
    1,
    1,
    2,
    0,
    2,
    2,
    2,
    2,
    0,
    0,
    1,
    2,
    2,
    0,
    3,
    0,
    3,
    0,
    0,
    1,
    2,
    2,
    1,
    2,
    0,
    2,
    0,
    3,
    2,
    0,
    0,
    2,
    3,
    0,
    3,
    1,
    0,
    0,
    1,
    0,
    0,
    0,
    3,
    3,
    0,
    0,
    0,
    2,
    1,
    2,
    2,
    0,
    3,
    2,
    0,
    0,
    3,
    0,
    0,
    0,
    0,
    0,
    0,
    0,
    0,
    0,
    0,
    0,
    0,
    0,
    2,
    0,
    0,
    1,
    1,
    0,
    0,
    0,
    0,
    0,
    3,
    0,
    2,
    2,
    0,
    1,
    3,
    3,
    0,
    0,
    2,
    3,
    2,
    0,
    0,
    0,
    0,
    3,
    3,
    0,
    0,
    0,
    0,
    3,
    0,
    1,
    0,
    0,
    0,
    0,
    1,
    0,
    2,
    1,
    1,
    0,
    0,
    0,
    3,
    0,
    2,
    2,
    3,
    0,
    1,
    0,
    0,
    1,
    0,
    1,
    0,
    3,
    0,
    1,
    0,
    0,
    0,
    2,
    0,
    2,
    0,
    3,
    0,
    0,
    3,
    0,
    0,
    2,
    2,
    0,
    2,
    1,
    2,
    1,
    0,
    0,
    0,
    0,
    0,
    0,
    0,
    0,
    1,
    0,
    0,
    0,
    0,
    3,
    0,
    0,
    0,
    0,
    0,
    3,
    2,
    0,
    3,
    0,
    0,
    2,
    3,
    0,
    0,
    0,
    2,
    0,
    0,
    0,
    0,
    1,
    0,
    1,
    0,
    1,
    0,
    0,
    0,
    2,
    2,
    2,
    1,
    2,
    0,
    0,
    0,
    0,
    0,
    0,
    0,
    0,
    0,
    0,
    0,
    0,
    0,
    3,
    0,
    0,
    2,
    0,
    0,
    0,
    0,
    0,
    0,
    3,
    0,
    0,
    0,
    1,
    1,
    0,
    0,
    0,
    1,
    0,
    0,
    3,
    2,
    0,
    2,
    2,
    0,
    2,
    0,
    0,
    0,
    1,
    0,
    0,
    3,
    0,
    1,
    2,
    2,
    0,
    1,
    0,
    0,
    3,
    2,
    2,
    0,
    2,
    0,
    0,
    1,
    0,
    1,
    2,
    0,
    0,
    0,
    0,
    2,
    0,
    0,
    0,
    2,
    1,
    2,
    0,
    0,
    0,
    3,
    2,
    2,
    0,
    0,
    0,
    2,
    1,
    2,
    0,
    1,
    0,
    1,
    0,
    0,
    0,
    0,
    1,
    0,
    2,
    0,
    0,
    1,
    0,
    0,
    1,
    0
  ],