{
  "n_eval": 600,
  "elapsed": 208.97165721701458,
  "f1_raw": 0.24437890051970437,
  "acc_raw": 0.2683333333333333,
  "f1_norm": 0.24437890051970437,
  "acc_norm": 0.2683333333333333,
  "confusion_matrix_raw": [
    [
      78,
      34,
      24,
      14
    ],
    [
      108,
      37,
      36,
      19
    ],
    [
      77,
      24,
      35,
      14
    ],
    [
      56,
      18,
      15,
      11
    ]
  ],
  "preds_raw": [
    3,
    3,
    1,
    0,
    0,
    0,
    0,
    0,
    0,
    0,
    1,
    0,
    0,
    3,
    1,
    3,
    0,
    0,
    1,
    1,
    0,
    0,
    0,
    0,
    0,
    0,
    0,
    3,
    0,
    0,
    2,
    2,
    3,
    0,
    0,
    2,
    1,
    2,
    0,
    1,
    2,
    2,
    2,
    1,
    2,
    0,
    0,
    2,
    0,
    0,
    2,
    0,
    2,
    2,
    2,
    0,
    0,
    3,
    1,
    0,
    1,
    0,
    2,
    0,
    3,
    0,
    1,
    1,
    2,
    1,
    2,
    0,
    3,
    1,
    1,
    0,
    0,
    1,
    2,
    0,
    0,
    0,
    1,
    2,
    0,
    0,
    0,
    0,
    0,
    0,
    1,
    2,
    0,
    3,
    1,
    3,
    0,
    1,
    2,
    0,
    1,
    2,
    2,
    1,
    1,
    0,
    3,
    2,
    0,
    0,
    0,
    0,
    0,
    1,
    0,
    0,
    0,
    1,
    1,
    2,
    1,
    1,
    0,
    2,
    2,
    1,
    2,
    2,
    1,
    3,
    0,
    1,
    0,
    0,
    3,
    0,
    3,
    0,
    0,
    0,
    3,
    2,
    3,
    0,
    2,
    0,
    0,
    0,
    0,
    0,
    0,
    0,
    0,
    2,
    0,
    0,
    0,
    1,
    0,
    0,
    3,
    3,
    0,
    0,
    0,
    1,
    0,
    1,
    1,
    2,
    1,
    0,
    0,
    1,
    0,
    0,
    3,
    2,
    0,
    2,
    0,
    0,
    2,
    3,
    1,
    0,
    1,
    0,
    1,
    0,
    2,
    0,
    0,
    0,
    1,
    1,
    2,
    0,
    2,
    1,
    1,
    2,
    1,
    0,
    2,
    0,
    2,
    0,
    1,
    0,
    0,
    1,
    3,
    0,
    0,
    0,
    0,
    0,
    2,
    0,
    1,
    0,
    2,
    3,
    1,
    2,
    0,
    3,
    0,
    0,
    1,
    2,
    0,
    1,
    2,
    0,
    2,
    3,
    0,
    2,
    0,
    0,
    0,
    0,
    0,
    0,
    0,
    3,
    2,
    1,
    2,
    0,
    0,
    0,
    0,
    3,
    0,
    0,
    0,
    0,
    0,
    0,
    0,
    1,
    2,
    2,
    0,
    1,
    3,
    2,
    0,
    1,
    0,
    2,
    0,
    0,
    1,
    0,
    0,
    0,
    3,
    1,
    2,
    3,
    0,
    2,
    0,
    1,
    1,
    0,
    1,
    2,
    0,
    2,
    2,
    2,
    2,
    2,
    0,
    0,
    1,
    2,
    0,
    3,
    0,
    3,
    2,
    0,
    1,
    2,
    2,
    1,
    2,
    0,
    3,
    0,
    1,
    2,
    0,
    0,
    2,
    2,
    3,
    3,
    1,
    1,
    0,
    1,
    0,
    0,
    0,
    3,
    3,
    0,
    0,
    0,
    2,
    1,
    3,
    2,
    0,
    3,
    2,
    0,
    0,
    1,
    0,
    0,
    0,
    0,
    0,
    0,
    0,
    0,
    0,
    0,
    0,
    1,
    0,
    2,
    0,
    0,
    1,
    1,
    0,
    0,
    0,
    0,
    0,
    3,
    0,
    2,
    2,
    0,
    1,
    0,
    3,
    0,
    3,
    3,
    0,
    2,
    0,
    0,
    0,
    0,
    2,
    0,
    0,
    0,
    0,
    1,
    3,
    0,
    1,
    0,
    0,
    0,
    0,
    2,
    0,
    2,
    1,
    1,
    0,
    0,
    2,
    0,
    0,
    2,
    2,
    0,
    2,
    0,
    0,
    0,
    1,
    0,
    0,
    0,
    3,
    0,
    0,
    0,
    1,
    2,
    0,
    0,
    0,
    3,
    3,
    0,
    0,
    3,
    0,
    0,
    0,
    0,
    0,
    2,
    2,
    2,
    2,
    1,
    0,
    0,
    0,
    0,
    0,
    0,
    0,
    1,
    0,
    2,
    2,
    0,
    1,
    0,
    0,
    0,
    0,
    0,
    1,
    2,
    0,
    3,
    0,
    0,
    2,
    1,
    0,
    0,
    0,
    0,
    0,
    0,
    0,
    0,
    1,
    2,
    1,
    0,
    2,
    3,
    0,
    0,
    0,
    0,
    0,
    0,
    2,
    0,
    0,
    2,
    1,
    0,
    0,
    0,
    0,
    0,
    0,
    0,
    0,
    0,
    3,
    0,
    0,
    0,
    0,
    0,
    0,
    0,
    0,
    3,
    3,
    0,
    0,
    1,
    1,
    1,
    0,
    0,
    1,
    1,
    0,
    0,
    3,
    2,
    0,
    0,
    3,
    0,
    2,
    0,
    0,
    0,
    1,
    0,
    0,
    3,
    1,
    1,
    2,
    0,
    0,
    1,
    0,
    0,
    3,
    2,
    1,
    0,
    0,
    0,
    2,
    1,
    0,
    1,
    0,
    0,
    0,
    2,
    0,
    2,
    1,
    1,
    0,
    2,
    1,
    3,
    0,
    1,
    0,
    1,
    2,
    1,
    1,
    0,
    0,
    2,
    1,
    2,
    0,
    0,
    0,
    1,
    2,
    2,
    1,
    0,
    1,
    1,
    0,
    0,
    0,
    1,
    0,
    0,
    1,
    0
  ],