{
  "n_eval": 600,
  "elapsed": 208.65558917506132,
  "f1_raw": 0.22784578535563033,
  "acc_raw": 0.255,
  "f1_norm": 0.22784578535563033,
  "acc_norm": 0.255,
  "confusion_matrix_raw": [
    [
      77,
      32,
      26,
      15
    ],
    [
      102,
      33,
      44,
      21
    ],
    [
      81,
      22,
      34,
      13
    ],
    [
      50,
      22,
      19,
      9
    ]
  ],
  "preds_raw": [
    3,
    3,
    1,
    2,
    1,
    0,
    2,
    3,
    2,
    0,
    0,
    0,
    0,
    3,
    3,
    3,
    0,
    3,
    0,
    3,
    0,
    1,
    2,
    0,
    2,
    0,
    0,
    2,
    0,
    0,
    2,
    2,
    3,
    1,
    0,
    0,
    0,
    2,
    1,
    2,
    2,
    2,
    2,
    1,
    0,
    0,
    0,
    2,
    0,
    0,
    2,
    0,
    2,
    3,
    0,
    0,
    0,
    1,
    0,
    0,
    0,
    0,
    0,
    0,
    1,
    1,
    1,
    1,
    2,
    1,
    3,
    2,
    3,
    1,
    0,
    0,
    1,
    2,
    2,
    3,
    1,
    0,
    2,
    2,
    0,
    2,
    2,
    0,
    1,
    0,
    0,
    1,
    3,
    3,
    1,
    2,
    0,
    1,
    2,
    1,
    1,
    2,
    3,
    1,
    2,
    0,
    3,
    0,
    1,
    0,
    2,
    0,
    0,
    1,
    0,
    0,
    0,
    1,
    1,
    2,
    2,
    0,
    0,
    2,
    0,
    1,
    1,
    3,
    1,
    3,
    0,
    3,
    0,
    0,
    3,
    0,
    0,
    0,
    3,
    0,
    3,
    0,
    0,
    1,
    2,
    0,
    0,
    0,
    0,
    0,
    0,
    0,
    0,
    2,
    0,
    0,
    0,
    0,
    0,
    0,
    3,
    0,
    0,
    0,
    0,
    1,
    0,
    2,
    1,
    3,
    1,
    0,
    1,
    1,
    2,
    0,
    3,
    2,
    2,
    2,
    0,
    0,
    3,
    0,
    1,
    0,
    1,
    0,
    0,
    0,
    1,
    0,
    0,
    0,
    2,
    1,
    2,
    1,
    2,
    0,
    1,
    2,
    0,
    1,
    2,
    0,
    2,
    0,
    2,
    0,
    3,
    0,
    0,
    1,
    2,
    0,
    2,
    3,
    0,
    0,
    1,
    0,
    0,
    3,
    0,
    2,
    0,
    3,
    1,
    0,
    2,
    2,
    0,
    0,
    3,
    1,
    2,
    3,
    0,
    2,
    0,
    2,
    0,
    1,
    0,
    0,
    0,
    3,
    2,
    0,
    2,
    0,
    0,
    0,
    0,
    3,
    0,
    0,
    1,
    0,
    0,
    0,
    0,
    1,
    0,
    2,
    0,
    0,
    3,
    2,
    0,
    1,
    0,
    0,
    1,
    0,
    0,
    0,
    0,
    1,
    2,
    2,
    2,
    0,
    0,
    2,
    0,
    1,
    0,
    0,
    0,
    2,
    0,
    1,
    2,
    2,
    0,
    0,
    2,
    1,
    3,
    0,
    0,
    1,
    0,
    1,
    2,
    0,
    1,
    2,
    2,
    0,
    2,
    0,
    2,
    0,
    1,
    2,
    0,
    0,
    2,
    0,
    0,
    3,
    0,
    0,
    1,
    1,
    0,
    0,
    0,
    2,
    3,
    2,
    0,
    0,
    2,
    1,
    2,
    2,
    0,
    3,
    2,
    0,
    0,
    1,
    0,
    0,
    1,
    0,
    0,
    0,
    1,
    0,
    0,
    0,
    0,
    0,
    0,
    2,
    0,
    2,
    1,
    0,
    0,
    0,
    0,
    0,
    0,
    2,
    0,
    2,
    2,
    0,
    1,
    0,
    3,
    0,
    3,
    1,
    1,
    3,
    0,
    0,
    0,
    0,
    2,
    3,
    0,
    0,
    2,
    2,
    1,
    0,
    1,
    0,
    1,
    0,
    0,
    2,
    0,
    0,
    1,
    1,
    1,
    0,
    2,
    0,
    0,
    2,
    0,
    3,
    0,
    1,
    0,
    0,
    1,
    0,
    1,
    0,
    0,
    0,
    0,
    0,
    2,
    0,
    2,
    0,
    0,
    1,
    3,
    0,
    0,
    0,
    0,
    0,
    2,
    3,
    0,
    2,
    2,
    2,
    2,
    0,
    0,
    1,
    0,
    0,
    0,
    0,
    0,
    1,
    0,
    3,
    2,
    0,
    1,
    1,
    1,
    0,
    2,
    0,
    2,
    2,
    0,
    0,
    1,
    2,
    0,
    1,
    0,
    0,
    0,
    0,
    0,
    0,
    0,
    0,
    2,
    0,
    0,
    0,
    2,
    3,
    0,
    0,
    0,
    3,
    0,
    1,
    2,
    0,
    0,
    3,
    1,
    0,
    0,
    0,
    0,
    0,
    0,
    0,
    0,
    0,
    2,
    0,
    0,
    0,
    0,
    0,
    0,
    1,
    0,
    3,
    1,
    2,
    0,
    0,
    0,
    1,
    2,
    0,
    3,
    1,
    0,
    0,
    2,
    2,
    0,
    2,
    0,
    1,
    2,
    0,
    0,
    0,
    1,
    1,
    0,
    0,
    1,
    1,
    1,
    0,
    0,
    0,
    0,
    0,
    3,
    1,
    0,
    3,
    1,
    0,
    3,
    1,
    0,
    1,
    1,
    1,
    0,
    0,
    1,
    2,
    3,
    1,
    0,
    2,
    0,
    3,
    0,
    0,
    0,
    2,
    2,
    0,
    0,
    0,
    0,
    2,
    1,
    2,
    0,
    0,
    0,
    0,
    2,
    2,
    0,
    0,
    2,
    0,
    2,
    1,
    0,
    1,
    2,
    0,
    0,
    0
  ],