{
  "n_eval": 600,
  "elapsed": 208.55000151402783,
  "f1_raw": 0.2343477451653857,
  "acc_raw": 0.265,
  "f1_norm": 0.2343477451653857,
  "acc_norm": 0.265,
  "confusion_matrix_raw": [
    [
      80,
      31,
      28,
      11
    ],
    [
      102,
      37,
      41,
      20
    ],
    [
      78,
      23,
      34,
      15
    ],
    [
      50,
      23,
      19,
      8
    ]
  ],
  "preds_raw": [
    3,
    3,
    1,
    2,
    1,
    0,
    2,
    3,
    2,
    0,
    0,
    0,
    0,
    3,
    3,
    3,
    0,
    1,
    0,
    3,
    0,
    0,
    0,
    0,
    2,
    0,
    0,
    2,
    3,
    0,
    2,
    2,
    3,
    1,
    2,
    1,
    0,
    2,
    0,
    1,
    2,
    2,
    3,
    1,
    0,
    0,
    0,
    2,
    0,
    0,
    2,
    0,
    2,
    3,
    0,
    0,
    1,
    1,
    0,
    0,
    0,
    0,
    2,
    0,
    0,
    1,
    0,
    1,
    2,
    1,
    3,
    0,
    3,
    1,
    0,
    0,
    0,
    2,
    2,
    0,
    3,
    0,
    2,
    2,
    2,
    2,
    0,
    0,
    1,
    1,
    1,
    1,
    1,
    3,
    1,
    2,
    1,
    1,
    2,
    1,
    1,
    2,
    3,
    1,
    2,
    0,
    3,
    0,
    1,
    0,
    0,
    0,
    0,
    1,
    0,
    0,
    0,
    1,
    1,
    2,
    1,
    0,
    0,
    2,
    0,
    1,
    1,
    3,
    1,
    3,
    2,
    3,
    3,
    0,
    3,
    0,
    0,
    0,
    0,
    0,
    3,
    0,
    0,
    1,
    2,
    0,
    0,
    0,
    3,
    0,
    0,
    0,
    0,
    2,
    0,
    0,
    0,
    1,
    0,
    0,
    3,
    0,
    0,
    0,
    0,
    0,
    0,
    2,
    1,
    3,
    1,
    0,
    1,
    1,
    0,
    0,
    3,
    2,
    2,
    2,
    0,
    0,
    2,
    3,
    1,
    0,
    1,
    0,
    0,
    0,
    1,
    0,
    0,
    0,
    2,
    1,
    2,
    1,
    2,
    0,
    1,
    2,
    0,
    1,
    2,
    0,
    2,
    0,
    2,
    0,
    1,
    0,
    0,
    1,
    0,
    0,
    2,
    3,
    0,
    0,
    1,
    0,
    0,
    3,
    1,
    2,
    0,
    3,
    0,
    0,
    2,
    2,
    0,
    1,
    3,
    1,
    2,
    3,
    0,
    2,
    0,
    2,
    0,
    1,
    0,
    0,
    0,
    3,
    2,
    1,
    2,
    0,
    0,
    0,
    0,
    3,
    0,
    0,
    1,
    0,
    0,
    2,
    0,
    0,
    0,
    2,
    1,
    0,
    0,
    2,
    0,
    1,
    0,
    2,
    0,
    0,
    0,
    0,
    0,
    1,
    2,
    2,
    2,
    0,
    0,
    2,
    0,
    1,
    0,
    0,
    0,
    2,
    0,
    1,
    2,
    2,
    0,
    0,
    2,
    1,
    3,
    0,
    0,
    1,
    0,
    2,
    2,
    0,
    1,
    2,
    2,
    0,
    2,
    0,
    2,
    0,
    0,
    2,
    0,
    0,
    2,
    0,
    0,
    3,
    1,
    0,
    1,
    1,
    0,
    0,
    0,
    2,
    2,
    2,
    0,
    0,
    2,
    1,
    1,
    2,
    0,
    3,
    2,
    0,
    0,
    1,
    0,
    0,
    0,
    0,
    0,
    0,
    0,
    0,
    0,
    0,
    0,
    0,
    0,
    2,
    0,
    2,
    1,
    1,
    0,
    0,
    0,
    0,
    0,
    2,
    0,
    2,
    2,
    0,
    2,
    0,
    1,
    0,
    3,
    2,
    3,
    2,
    0,
    0,
    0,
    0,
    2,
    3,
    0,
    0,
    1,
    2,
    1,
    0,
    1,
    0,
    1,
    0,
    0,
    0,
    0,
    3,
    1,
    1,
    1,
    0,
    2,
    0,
    0,
    2,
    0,
    3,
    0,
    3,
    0,
    0,
    1,
    0,
    1,
    0,
    0,
    0,
    1,
    0,
    2,
    2,
    2,
    0,
    0,
    0,
    3,
    0,
    1,
    0,
    0,
    0,
    2,
    3,
    0,
    2,
    2,
    2,
    1,
    0,
    0,
    0,
    0,
    0,
    0,
    2,
    0,
    1,
    0,
    1,
    2,
    0,
    1,
    1,
    1,
    0,
    3,
    0,
    0,
    2,
    0,
    0,
    1,
    0,
    0,
    1,
    0,
    0,
    0,
    0,
    0,
    0,
    0,
    0,
    2,
    2,
    0,
    0,
    2,
    0,
    0,
    0,
    0,
    0,
    0,
    1,
    2,
    0,
    0,
    3,
    1,
    0,
    0,
    0,
    0,
    0,
    0,
    0,
    0,
    0,
    2,
    0,
    0,
    0,
    0,
    0,
    0,
    0,
    0,
    3,
    1,
    2,
    0,
    0,
    0,
    1,
    0,
    0,
    3,
    1,
    0,
    0,
    2,
    2,
    0,
    2,
    2,
    1,
    2,
    0,
    0,
    0,
    1,
    1,
    0,
    0,
    1,
    1,
    1,
    1,
    0,
    0,
    0,
    0,
    0,
    2,
    0,
    1,
    1,
    0,
    3,
    1,
    0,
    1,
    1,
    0,
    0,
    0,
    1,
    2,
    1,
    1,
    0,
    2,
    1,
    3,
    0,
    0,
    0,
    3,
    2,
    2,
    0,
    0,
    0,
    2,
    3,
    2,
    0,
    0,
    0,
    0,
    2,
    2,
    0,
    0,
    1,
    1,
    0,
    2,
    0,
    1,
    2,
    0,
    0,
    0
  ],