{
  "n_eval": 600,
  "elapsed": 208.75916575605515,
  "f1_raw": 0.2145351257156962,
  "acc_raw": 0.24666666666666667,
  "f1_norm": 0.2145351257156962,
  "acc_norm": 0.24666666666666667,
  "confusion_matrix_raw": [
    [
      83,
      31,
      26,
      10
    ],
    [
      113,
      31,
      40,
      16
    ],
    [
      79,
      27,
      25,
      19
    ],
    [
      65,
      16,
      10,
      9
    ]
  ],
  "preds_raw": [
    3,
    3,
    1,
    3,
    0,
    0,
    2,
    3,
    2,
    0,
    0,
    0,
    0,
    3,
    1,
    3,
    0,
    0,
    0,
    0,
    0,
    1,
    2,
    0,
    2,
    0,
    0,
    2,
    3,
    0,
    2,
    2,
    0,
    0,
    0,
    1,
    1,
    2,
    0,
    0,
    2,
    2,
    0,
    1,
    2,
    0,
    0,
    2,
    0,
    0,
    2,
    0,
    2,
    3,
    0,
    1,
    0,
    1,
    0,
    0,
    0,
    0,
    0,
    0,
    1,
    1,
    1,
    1,
    2,
    1,
    2,
    0,
    3,
    1,
    1,
    2,
    0,
    2,
    2,
    0,
    0,
    0,
    0,
    2,
    2,
    2,
    2,
    0,
    0,
    0,
    1,
    2,
    0,
    3,
    1,
    2,
    0,
    1,
    2,
    0,
    1,
    3,
    3,
    1,
    2,
    0,
    3,
    2,
    1,
    0,
    0,
    0,
    2,
    1,
    0,
    0,
    0,
    1,
    2,
    0,
    2,
    0,
    0,
    2,
    0,
    0,
    1,
    0,
    2,
    3,
    0,
    1,
    0,
    2,
    1,
    0,
    0,
    0,
    0,
    0,
    1,
    0,
    3,
    1,
    2,
    0,
    0,
    0,
    1,
    0,
    0,
    0,
    0,
    2,
    0,
    0,
    0,
    1,
    0,
    0,
    3,
    0,
    0,
    0,
    0,
    1,
    0,
    0,
    1,
    0,
    1,
    0,
    0,
    1,
    0,
    0,
    0,
    2,
    0,
    2,
    0,
    0,
    2,
    3,
    0,
    0,
    1,
    0,
    1,
    0,
    1,
    0,
    0,
    0,
    0,
    0,
    2,
    0,
    2,
    0,
    1,
    2,
    1,
    0,
    2,
    0,
    2,
    0,
    2,
    0,
    0,
    0,
    0,
    0,
    2,
    0,
    0,
    1,
    0,
    0,
    3,
    3,
    0,
    1,
    1,
    0,
    0,
    3,
    0,
    0,
    1,
    2,
    0,
    1,
    0,
    0,
    2,
    3,
    0,
    2,
    0,
    0,
    0,
    1,
    0,
    0,
    0,
    3,
    2,
    1,
    2,
    1,
    0,
    0,
    0,
    3,
    0,
    0,
    0,
    0,
    0,
    0,
    0,
    1,
    2,
    2,
    0,
    0,
    0,
    2,
    0,
    1,
    0,
    2,
    0,
    0,
    0,
    0,
    0,
    0,
    2,
    1,
    2,
    3,
    0,
    2,
    0,
    3,
    0,
    0,
    0,
    2,
    1,
    2,
    2,
    2,
    0,
    0,
    0,
    0,
    0,
    2,
    0,
    1,
    2,
    1,
    2,
    0,
    3,
    2,
    0,
    0,
    2,
    0,
    3,
    0,
    1,
    2,
    0,
    0,
    2,
    0,
    1,
    3,
    1,
    1,
    0,
    1,
    1,
    0,
    0,
    3,
    0,
    0,
    0,
    0,
    2,
    0,
    3,
    2,
    0,
    3,
    2,
    0,
    0,
    3,
    0,
    0,
    0,
    3,
    0,
    0,
    1,
    0,
    0,
    0,
    0,
    1,
    0,
    2,
    0,
    2,
    1,
    1,
    0,
    0,
    0,
    0,
    1,
    1,
    0,
    0,
    2,
    0,
    1,
    3,
    1,
    0,
    3,
    1,
    1,
    2,
    0,
    0,
    0,
    0,
    1,
    1,
    0,
    2,
    0,
    1,
    3,
    0,
    1,
    0,
    1,
    0,
    0,
    2,
    0,
    2,
    1,
    1,
    0,
    0,
    2,
    0,
    0,
    0,
    0,
    0,
    0,
    1,
    0,
    0,
    1,
    0,
    0,
    0,
    0,
    0,
    0,
    0,
    0,
    2,
    0,
    0,
    0,
    0,
    3,
    0,
    0,
    3,
    0,
    0,
    0,
    3,
    0,
    2,
    2,
    2,
    2,
    3,
    2,
    0,
    0,
    0,
    0,
    2,
    0,
    1,
    0,
    0,
    0,
    0,
    3,
    1,
    0,
    3,
    0,
    0,
    0,
    0,
    0,
    3,
    1,
    0,
    1,
    3,
    0,
    0,
    0,
    0,
    0,
    0,
    0,
    0,
    3,
    0,
    1,
    0,
    2,
    0,
    0,
    0,
    0,
    0,
    2,
    1,
    2,
    0,
    0,
    3,
    1,
    0,
    1,
    0,
    0,
    3,
    0,
    0,
    0,
    0,
    2,
    0,
    0,
    0,
    0,
    0,
    0,
    0,
    0,
    0,
    0,
    2,
    2,
    0,
    0,
    1,
    0,
    0,
    3,
    1,
    0,
    0,
    3,
    1,
    0,
    0,
    3,
    1,
    0,
    0,
    0,
    2,
    0,
    0,
    0,
    0,
    0,
    1,
    1,
    0,
    0,
    1,
    0,
    0,
    0,
    2,
    0,
    0,
    1,
    0,
    0,
    2,
    0,
    0,
    2,
    0,
    0,
    3,
    0,
    2,
    3,
    1,
    0,
    2,
    1,
    0,
    1,
    0,
    0,
    0,
    3,
    3,
    0,
    0,
    0,
    0,
    1,
    2,
    1,
    1,
    0,
    1,
    0,
    2,
    0,
    0,
    1,
    1,
    0,
    0,
    1,
    1,
    0,
    0,
    0,
    0
  ],