{
  "n_eval": 600,
  "elapsed": 208.74746403098106,
  "f1_raw": 0.24087909142161534,
  "acc_raw": 0.265,
  "f1_norm": 0.24087909142161534,
  "acc_norm": 0.265,
  "confusion_matrix_raw": [
    [
      78,
      32,
      29,
      11
    ],
    [
      110,
      36,
      37,
      17
    ],
    [
      75,
      24,
      34,
      17
    ],
    [
      62,
      15,
      12,
      11
    ]
  ],
  "preds_raw": [
    3,
    3,
    1,
    2,
    0,
    0,
    2,
    3,
    0,
    0,
    0,
    0,
    0,
    3,
    1,
    3,
    0,
    3,
    0,
    3,
    0,
    0,
    0,
    0,
    2,
    0,
    0,
    1,
    3,
    0,
    2,
    2,
    3,
    1,
    0,
    0,
    1,
    2,
    0,
    2,
    2,
    2,
    0,
    1,
    0,
    0,
    0,
    2,
    0,
    0,
    2,
    0,
    2,
    3,
    2,
    0,
    0,
    1,
    2,
    0,
    1,
    0,
    0,
    0,
    0,
    1,
    1,
    1,
    2,
    1,
    2,
    2,
    3,
    1,
    1,
    0,
    0,
    2,
    1,
    0,
    3,
    0,
    0,
    3,
    0,
    2,
    2,
    0,
    0,
    0,
    1,
    2,
    1,
    3,
    1,
    2,
    0,
    1,
    2,
    0,
    1,
    2,
    1,
    1,
    2,
    0,
    3,
    2,
    1,
    0,
    1,
    0,
    0,
    1,
    0,
    0,
    0,
    2,
    2,
    0,
    2,
    0,
    0,
    2,
    0,
    0,
    1,
    0,
    1,
    3,
    0,
    1,
    0,
    2,
    1,
    1,
    0,
    0,
    0,
    0,
    1,
    0,
    3,
    1,
    2,
    0,
    0,
    0,
    0,
    0,
    0,
    0,
    0,
    2,
    0,
    0,
    0,
    1,
    0,
    0,
    3,
    3,
    0,
    0,
    0,
    1,
    0,
    1,
    1,
    3,
    1,
    0,
    0,
    1,
    2,
    0,
    0,
    0,
    2,
    2,
    0,
    0,
    3,
    3,
    2,
    0,
    0,
    0,
    0,
    0,
    1,
    0,
    0,
    0,
    0,
    1,
    2,
    0,
    2,
    1,
    1,
    2,
    0,
    1,
    2,
    0,
    2,
    0,
    1,
    0,
    3,
    0,
    0,
    0,
    3,
    0,
    0,
    0,
    0,
    0,
    3,
    0,
    0,
    3,
    0,
    2,
    0,
    0,
    0,
    0,
    2,
    3,
    1,
    0,
    3,
    0,
    2,
    3,
    0,
    2,
    0,
    2,
    0,
    1,
    0,
    0,
    0,
    3,
    2,
    1,
    2,
    1,
    0,
    0,
    0,
    3,
    0,
    0,
    0,
    0,
    0,
    2,
    0,
    0,
    2,
    2,
    0,
    0,
    0,
    2,
    0,
    1,
    0,
    2,
    0,
    0,
    1,
    0,
    0,
    0,
    2,
    1,
    2,
    0,
    1,
    3,
    0,
    3,
    0,
    0,
    0,
    2,
    0,
    1,
    2,
    2,
    0,
    0,
    0,
    0,
    1,
    1,
    1,
    3,
    2,
    3,
    3,
    0,
    1,
    2,
    2,
    0,
    2,
    0,
    2,
    0,
    1,
    2,
    0,
    0,
    2,
    0,
    1,
    3,
    1,
    1,
    0,
    1,
    0,
    0,
    0,
    3,
    3,
    0,
    0,
    0,
    2,
    1,
    2,
    2,
    0,
    3,
    2,
    0,
    1,
    2,
    0,
    0,
    1,
    2,
    0,
    0,
    1,
    0,
    0,
    0,
    0,
    0,
    0,
    1,
    0,
    3,
    1,
    0,
    0,
    0,
    0,
    0,
    0,
    2,
    0,
    2,
    2,
    2,
    1,
    0,
    0,
    0,
    3,
    1,
    0,
    2,
    0,
    0,
    0,
    0,
    2,
    0,
    0,
    2,
    2,
    2,
    0,
    0,
    1,
    0,
    0,
    0,
    2,
    1,
    0,
    1,
    1,
    1,
    1,
    0,
    1,
    0,
    0,
    0,
    0,
    0,
    2,
    1,
    2,
    0,
    1,
    0,
    0,
    0,
    0,
    0,
    0,
    0,
    0,
    0,
    2,
    0,
    2,
    0,
    3,
    0,
    1,
    0,
    0,
    0,
    0,
    3,
    0,
    2,
    2,
    2,
    2,
    0,
    0,
    0,
    0,
    0,
    0,
    3,
    0,
    1,
    0,
    2,
    0,
    0,
    1,
    0,
    0,
    0,
    0,
    0,
    0,
    2,
    0,
    0,
    1,
    0,
    1,
    1,
    0,
    0,
    0,
    0,
    0,
    0,
    0,
    0,
    3,
    2,
    0,
    0,
    2,
    0,
    0,
    0,
    0,
    2,
    2,
    1,
    2,
    0,
    0,
    3,
    0,
    0,
    1,
    0,
    0,
    0,
    0,
    0,
    0,
    0,
    2,
    0,
    0,
    0,
    0,
    0,
    0,
    0,
    0,
    1,
    3,
    2,
    0,
    0,
    0,
    1,
    1,
    0,
    3,
    1,
    0,
    1,
    3,
    2,
    0,
    1,
    1,
    1,
    2,
    2,
    0,
    2,
    1,
    0,
    0,
    3,
    0,
    1,
    2,
    3,
    0,
    0,
    0,
    0,
    0,
    2,
    0,
    3,
    0,
    0,
    3,
    1,
    0,
    0,
    2,
    0,
    0,
    0,
    1,
    1,
    0,
    1,
    0,
    2,
    0,
    0,
    0,
    0,
    0,
    2,
    3,
    1,
    0,
    0,
    0,
    0,
    1,
    2,
    0,
    0,
    0,
    1,
    2,
    2,
    0,
    0,
    1,
    1,
    0,
    0,
    0,
    1,
    2,
    0,
    3,
    0
  ],