{
  "n_eval": 600,
  "elapsed": 208.7222578469664,
  "f1_raw": 0.22053280053280053,
  "acc_raw": 0.24833333333333332,
  "f1_norm": 0.22053280053280053,
  "acc_norm": 0.24833333333333332,
  "confusion_matrix_raw": [
    [
      76,
      29,
      30,
      15
    ],
    [
      112,
      28,
      42,
      18
    ],
    [
      75,
      23,
      37,
      15
    ],
    [
      62,
      14,
      16,
      8
    ]
  ],
  "preds_raw": [
    3,
    3,
    1,
    2,
    0,
    0,
    0,
    3,
    0,
    0,
    0,
    0,
    0,
    3,
    1,
    3,
    0,
    1,
    0,
    0,
    0,
    0,
    0,
    0,
    2,
    0,
    0,
    1,
    3,
    0,
    2,
    2,
    3,
    1,
    0,
    2,
    1,
    2,
    0,
    0,
    0,
    2,
    2,
    1,
    2,
    1,
    0,
    2,
    0,
    0,
    2,
    0,
    2,
    0,
    2,
    0,
    1,
    3,
    2,
    0,
    1,
    0,
    0,
    0,
    0,
    1,
    1,
    1,
    2,
    1,
    2,
    0,
    3,
    1,
    1,
    0,
    0,
    2,
    2,
    0,
    3,
    0,
    0,
    2,
    0,
    2,
    2,
    0,
    0,
    0,
    1,
    2,
    3,
    3,
    1,
    0,
    0,
    1,
    2,
    0,
    1,
    2,
    2,
    1,
    2,
    0,
    3,
    2,
    1,
    0,
    0,
    0,
    0,
    1,
    0,
    0,
    0,
    2,
    2,
    0,
    2,
    1,
    0,
    2,
    0,
    0,
    1,
    0,
    1,
    0,
    0,
    1,
    0,
    2,
    2,
    1,
    0,
    0,
    0,
    1,
    1,
    0,
    3,
    0,
    2,
    0,
    0,
    0,
    0,
    0,
    0,
    0,
    0,
    2,
    0,
    0,
    0,
    1,
    0,
    0,
    3,
    3,
    0,
    0,
    0,
    1,
    0,
    2,
    1,
    0,
    1,
    0,
    0,
    1,
    2,
    0,
    2,
    3,
    0,
    2,
    0,
    0,
    3,
    0,
    0,
    2,
    0,
    0,
    0,
    0,
    1,
    0,
    0,
    0,
    0,
    1,
    2,
    0,
    2,
    1,
    3,
    2,
    0,
    1,
    2,
    0,
    2,
    0,
    2,
    0,
    0,
    0,
    1,
    0,
    3,
    0,
    0,
    2,
    0,
    0,
    3,
    0,
    0,
    3,
    0,
    2,
    0,
    0,
    2,
    0,
    1,
    3,
    1,
    0,
    3,
    0,
    2,
    3,
    0,
    2,
    0,
    2,
    0,
    1,
    0,
    0,
    0,
    3,
    2,
    1,
    2,
    1,
    0,
    0,
    0,
    3,
    0,
    0,
    0,
    0,
    0,
    2,
    0,
    3,
    2,
    2,
    2,
    0,
    0,
    2,
    0,
    1,
    0,
    2,
    0,
    0,
    1,
    0,
    0,
    0,
    2,
    1,
    2,
    0,
    1,
    3,
    0,
    3,
    0,
    0,
    0,
    2,
    0,
    2,
    2,
    2,
    0,
    0,
    0,
    0,
    2,
    1,
    1,
    3,
    2,
    3,
    3,
    0,
    1,
    2,
    2,
    0,
    2,
    0,
    2,
    0,
    1,
    2,
    0,
    0,
    2,
    0,
    0,
    3,
    1,
    0,
    0,
    1,
    1,
    0,
    0,
    3,
    3,
    0,
    0,
    0,
    2,
    1,
    3,
    2,
    0,
    3,
    2,
    0,
    0,
    1,
    0,
    0,
    1,
    0,
    0,
    0,
    1,
    0,
    0,
    0,
    0,
    0,
    0,
    0,
    0,
    3,
    1,
    0,
    0,
    0,
    0,
    0,
    0,
    2,
    0,
    2,
    2,
    2,
    1,
    0,
    2,
    1,
    3,
    0,
    2,
    2,
    0,
    0,
    0,
    0,
    2,
    0,
    0,
    2,
    2,
    2,
    2,
    0,
    1,
    0,
    0,
    0,
    2,
    1,
    0,
    3,
    1,
    1,
    1,
    0,
    3,
    0,
    0,
    2,
    0,
    3,
    2,
    1,
    2,
    0,
    1,
    0,
    0,
    0,
    0,
    0,
    0,
    0,
    0,
    0,
    2,
    0,
    2,
    0,
    3,
    0,
    0,
    0,
    0,
    2,
    0,
    3,
    0,
    2,
    2,
    2,
    2,
    0,
    0,
    0,
    0,
    0,
    0,
    2,
    0,
    1,
    0,
    0,
    2,
    0,
    1,
    0,
    0,
    0,
    0,
    0,
    0,
    2,
    0,
    0,
    1,
    2,
    1,
    1,
    0,
    0,
    0,
    0,
    0,
    0,
    0,
    0,
    3,
    2,
    0,
    0,
    1,
    0,
    0,
    0,
    0,
    2,
    2,
    1,
    2,
    0,
    0,
    3,
    0,
    0,
    0,
    0,
    0,
    0,
    0,
    0,
    0,
    0,
    2,
    0,
    0,
    2,
    0,
    0,
    0,
    0,
    0,
    1,
    3,
    2,
    0,
    0,
    0,
    1,
    0,
    0,
    3,
    1,
    0,
    1,
    3,
    1,
    0,
    1,
    2,
    1,
    2,
    2,
    0,
    2,
    0,
    0,
    0,
    3,
    0,
    1,
    2,
    3,
    0,
    2,
    3,
    0,
    0,
    2,
    0,
    3,
    0,
    0,
    3,
    1,
    0,
    0,
    2,
    0,
    0,
    2,
    1,
    1,
    0,
    1,
    0,
    2,
    0,
    0,
    0,
    0,
    0,
    2,
    3,
    1,
    0,
    0,
    0,
    0,
    1,
    2,
    0,
    0,
    0,
    1,
    2,
    2,
    0,
    0,
    1,
    0,
    0,
    0,
    0,
    1,
    0,
    0,
    0,
    0
  ],