{
  "n_eval": 600,
  "elapsed": 194.80609662109055,
  "f1_raw": 0.2453704226602912,
  "acc_raw": 0.27166666666666667,
  "f1_norm": 0.2453704226602912,
  "acc_norm": 0.27166666666666667,
  "confusion_matrix_raw": [
    [
      83,
      27,
      15,
      25
    ],
    [
      102,
      34,
      42,
      22
    ],
    [
      77,
      22,
      34,
      17
    ],
    [
      55,
      10,
      23,
      12
    ]
  ],
  "preds_raw": [
    0,
    1,
    0,
    0,
    0,
    0,
    0,
    0,
    0,
    0,
    0,
    1,
    0,
    3,
    3,
    1,
    0,
    0,
    2,
    0,
    1,
    0,
    0,
    1,
    2,
    0,
    0,
    1,
    3,
    0,
    1,
    0,
    0,
    0,
    3,
    3,
    0,
    3,
    0,
    0,
    3,
    2,
    2,
    1,
    2,
    0,
    0,
    0,
    0,
    0,
    2,
    0,
    2,
    2,
    0,
    0,
    0,
    0,
    0,
    0,
    0,
    0,
    1,
    0,
    1,
    1,
    1,
    3,
    3,
    0,
    2,
    2,
    3,
    0,
    1,
    0,
    0,
    2,
    1,
    0,
    3,
    0,
    0,
    3,
    0,
    2,
    0,
    0,
    1,
    0,
    0,
    1,
    0,
    0,
    0,
    0,
    3,
    3,
    0,
    0,
    1,
    0,
    2,
    3,
    0,
    0,
    3,
    1,
    0,
    0,
    0,
    0,
    0,
    1,
    0,
    0,
    0,
    0,
    2,
    0,
    0,
    2,
    1,
    3,
    3,
    1,
    0,
    2,
    2,
    2,
    0,
    0,
    0,
    3,
    3,
    0,
    2,
    2,
    0,
    1,
    3,
    0,
    2,
    0,
    1,
    0,
    0,
    0,
    2,
    0,
    0,
    0,
    2,
    2,
    0,
    2,
    0,
    0,
    0,
    0,
    2,
    0,
    0,
    0,
    1,
    3,
    2,
    2,
    1,
    1,
    1,
    0,
    0,
    1,
    0,
    0,
    1,
    3,
    0,
    2,
    2,
    0,
    2,
    0,
    1,
    0,
    0,
    0,
    0,
    0,
    3,
    0,
    0,
    3,
    0,
    0,
    0,
    1,
    2,
    1,
    0,
    3,
    3,
    2,
    2,
    2,
    3,
    0,
    0,
    2,
    1,
    0,
    3,
    0,
    0,
    0,
    0,
    2,
    2,
    0,
    3,
    3,
    0,
    3,
    0,
    2,
    0,
    3,
    0,
    0,
    1,
    3,
    0,
    3,
    3,
    0,
    0,
    1,
    3,
    2,
    0,
    2,
    0,
    0,
    0,
    0,
    0,
    3,
    1,
    2,
    3,
    3,
    0,
    0,
    0,
    3,
    0,
    0,
    0,
    0,
    0,
    0,
    0,
    0,
    2,
    1,
    3,
    0,
    0,
    2,
    2,
    1,
    0,
    2,
    2,
    0,
    0,
    0,
    0,
    1,
    3,
    3,
    0,
    1,
    1,
    2,
    0,
    2,
    0,
    1,
    2,
    2,
    0,
    2,
    2,
    0,
    0,
    0,
    2,
    0,
    3,
    2,
    2,
    3,
    0,
    0,
    1,
    0,
    2,
    2,
    0,
    0,
    2,
    0,
    0,
    0,
    1,
    2,
    0,
    0,
    2,
    0,
    3,
    3,
    0,
    0,
    0,
    0,
    0,
    1,
    1,
    0,
    1,
    2,
    0,
    2,
    2,
    2,
    0,
    2,
    0,
    3,
    2,
    2,
    0,
    2,
    0,
    2,
    1,
    2,
    0,
    0,
    3,
    0,
    3,
    0,
    0,
    1,
    0,
    1,
    0,
    3,
    0,
    0,
    0,
    3,
    0,
    0,
    0,
    1,
    0,
    1,
    2,
    2,
    2,
    0,
    0,
    2,
    1,
    3,
    0,
    3,
    0,
    0,
    1,
    1,
    1,
    3,
    0,
    0,
    0,
    0,
    2,
    0,
    2,
    0,
    2,
    0,
    0,
    0,
    0,
    0,
    1,
    0,
    0,
    0,
    1,
    2,
    2,
    1,
    0,
    3,
    0,
    1,
    0,
    2,
    1,
    0,
    0,
    0,
    2,
    0,
    0,
    0,
    0,
    0,
    2,
    1,
    3,
    3,
    0,
    0,
    0,
    0,
    0,
    0,
    0,
    2,
    2,
    2,
    2,
    2,
    2,
    0,
    1,
    0,
    0,
    0,
    1,
    0,
    0,
    2,
    0,
    2,
    2,
    2,
    2,
    0,
    0,
    2,
    0,
    0,
    0,
    3,
    0,
    0,
    1,
    0,
    3,
    2,
    0,
    0,
    0,
    0,
    0,
    0,
    0,
    0,
    3,
    2,
    1,
    0,
    0,
    0,
    1,
    0,
    0,
    2,
    0,
    0,
    2,
    0,
    0,
    2,
    0,
    0,
    0,
    0,
    0,
    0,
    2,
    0,
    0,
    2,
    3,
    1,
    0,
    2,
    0,
    1,
    0,
    1,
    0,
    3,
    2,
    1,
    0,
    1,
    0,
    1,
    0,
    0,
    0,
    1,
    0,
    2,
    1,
    0,
    1,
    0,
    1,
    1,
    3,
    2,
    1,
    3,
    1,
    0,
    0,
    1,
    1,
    0,
    0,
    3,
    2,
    1,
    0,
    2,
    1,
    0,
    3,
    3,
    0,
    0,
    0,
    1,
    0,
    0,
    1,
    3,
    0,
    2,
    1,
    0,
    0,
    1,
    0,
    2,
    1,
    0,
    0,
    2,
    0,
    3,
    0,
    2,
    0,
    0,
    0,
    0,
    1,
    3,
    0,
    0,
    3,
    3,
    3,
    2,
    0,
    0,
    1,
    0,
    2,
    0,
    1,
    1,
    3,
    0,
    0,
    0
  ],