{
  "n_eval": 600,
  "elapsed": 194.83451710804366,
  "f1_raw": 0.2514771016666059,
  "acc_raw": 0.27166666666666667,
  "f1_norm": 0.2514771016666059,
  "acc_norm": 0.27166666666666667,
  "confusion_matrix_raw": [
    [
      74,
      37,
      21,
      18
    ],
    [
      100,
      49,
      27,
      24
    ],
    [
      81,
      28,
      24,
      17
    ],
    [
      55,
      14,
      15,
      16
    ]
  ],
  "preds_raw": [
    3,
    1,
    1,
    2,
    1,
    0,
    0,
    0,
    2,
    0,
    0,
    1,
    0,
    2,
    3,
    0,
    0,
    1,
    1,
    1,
    1,
    3,
    0,
    0,
    0,
    2,
    0,
    0,
    0,
    0,
    1,
    3,
    3,
    2,
    2,
    3,
    0,
    1,
    2,
    0,
    2,
    2,
    2,
    3,
    2,
    1,
    1,
    0,
    0,
    0,
    2,
    0,
    2,
    0,
    2,
    0,
    0,
    1,
    0,
    0,
    0,
    0,
    0,
    0,
    1,
    1,
    0,
    3,
    2,
    0,
    3,
    2,
    2,
    0,
    3,
    0,
    0,
    3,
    1,
    0,
    3,
    0,
    0,
    2,
    0,
    0,
    0,
    0,
    0,
    0,
    0,
    2,
    0,
    0,
    1,
    0,
    3,
    3,
    0,
    0,
    0,
    1,
    0,
    3,
    1,
    0,
    3,
    2,
    0,
    1,
    0,
    0,
    2,
    1,
    0,
    0,
    0,
    0,
    2,
    0,
    0,
    1,
    3,
    0,
    0,
    1,
    0,
    2,
    2,
    0,
    2,
    0,
    0,
    2,
    1,
    1,
    0,
    1,
    0,
    0,
    1,
    1,
    3,
    0,
    1,
    0,
    0,
    0,
    0,
    0,
    0,
    0,
    2,
    2,
    0,
    0,
    1,
    0,
    0,
    0,
    2,
    1,
    0,
    2,
    1,
    3,
    2,
    2,
    1,
    1,
    1,
    0,
    0,
    1,
    0,
    0,
    0,
    3,
    0,
    2,
    2,
    0,
    3,
    0,
    1,
    1,
    0,
    0,
    1,
    1,
    0,
    0,
    0,
    3,
    0,
    0,
    0,
    1,
    0,
    1,
    1,
    0,
    1,
    2,
    1,
    0,
    3,
    0,
    0,
    2,
    1,
    0,
    0,
    0,
    0,
    0,
    0,
    0,
    0,
    0,
    3,
    3,
    0,
    3,
    0,
    2,
    0,
    0,
    0,
    0,
    1,
    2,
    0,
    1,
    2,
    0,
    0,
    1,
    3,
    2,
    0,
    2,
    2,
    0,
    0,
    0,
    0,
    1,
    0,
    1,
    3,
    0,
    0,
    3,
    1,
    3,
    0,
    0,
    2,
    0,
    0,
    1,
    0,
    0,
    2,
    1,
    1,
    0,
    0,
    2,
    2,
    1,
    0,
    3,
    1,
    0,
    0,
    3,
    0,
    3,
    1,
    3,
    0,
    0,
    1,
    0,
    0,
    3,
    1,
    0,
    0,
    2,
    0,
    2,
    2,
    0,
    0,
    3,
    3,
    0,
    0,
    3,
    2,
    3,
    0,
    0,
    2,
    0,
    3,
    2,
    0,
    3,
    0,
    0,
    0,
    0,
    3,
    0,
    0,
    0,
    2,
    1,
    3,
    3,
    0,
    0,
    1,
    1,
    0,
    0,
    1,
    2,
    1,
    3,
    0,
    1,
    0,
    1,
    0,
    3,
    0,
    3,
    3,
    3,
    1,
    3,
    0,
    3,
    0,
    2,
    0,
    0,
    0,
    0,
    3,
    0,
    0,
    1,
    0,
    1,
    0,
    1,
    1,
    0,
    0,
    3,
    0,
    0,
    0,
    2,
    0,
    0,
    2,
    2,
    1,
    0,
    0,
    1,
    0,
    3,
    2,
    0,
    0,
    2,
    2,
    1,
    1,
    3,
    2,
    0,
    0,
    0,
    3,
    0,
    0,
    0,
    0,
    0,
    0,
    1,
    0,
    0,
    1,
    1,
    0,
    0,
    2,
    1,
    2,
    1,
    0,
    1,
    0,
    1,
    0,
    2,
    1,
    0,
    0,
    2,
    3,
    0,
    0,
    0,
    1,
    2,
    0,
    0,
    0,
    3,
    0,
    0,
    0,
    3,
    0,
    0,
    3,
    0,
    0,
    2,
    3,
    1,
    1,
    1,
    1,
    0,
    0,
    0,
    0,
    0,
    0,
    2,
    1,
    0,
    2,
    2,
    1,
    0,
    0,
    3,
    1,
    0,
    0,
    1,
    0,
    1,
    1,
    0,
    0,
    3,
    0,
    0,
    1,
    0,
    0,
    0,
    0,
    0,
    1,
    2,
    2,
    0,
    0,
    1,
    1,
    0,
    0,
    2,
    0,
    2,
    3,
    0,
    0,
    0,
    0,
    0,
    0,
    0,
    0,
    0,
    3,
    2,
    1,
    0,
    3,
    1,
    0,
    1,
    0,
    3,
    0,
    1,
    0,
    1,
    3,
    1,
    0,
    1,
    0,
    1,
    0,
    0,
    0,
    0,
    0,
    2,
    0,
    0,
    0,
    1,
    1,
    1,
    0,
    2,
    0,
    3,
    1,
    0,
    0,
    1,
    1,
    3,
    0,
    3,
    2,
    1,
    0,
    2,
    0,
    0,
    3,
    3,
    0,
    1,
    0,
    1,
    3,
    0,
    1,
    0,
    0,
    2,
    1,
    0,
    0,
    1,
    0,
    2,
    2,
    0,
    1,
    1,
    0,
    0,
    2,
    0,
    0,
    0,
    0,
    0,
    1,
    0,
    1,
    1,
    0,
    1,
    3,
    2,
    2,
    0,
    1,
    0,
    2,
    0,
    1,
    0,
    0,
    0,
    0,
    1
  ],