{
  "n_eval": 600,
  "elapsed": 208.80523988499772,
  "f1_raw": 0.22716770764715974,
  "acc_raw": 0.26,
  "f1_norm": 0.22716770764715974,
  "acc_norm": 0.26,
  "confusion_matrix_raw": [
    [
      84,
      29,
      26,
      11
    ],
    [
      120,
      27,
      32,
      21
    ],
    [
      75,
      22,
      38,
      15
    ],
    [
      66,
      14,
      13,
      7
    ]
  ],
  "preds_raw": [
    3,
    0,
    1,
    0,
    0,
    0,
    0,
    3,
    2,
    0,
    0,
    2,
    0,
    0,
    2,
    3,
    0,
    1,
    0,
    0,
    0,
    0,
    0,
    2,
    2,
    0,
    0,
    1,
    0,
    0,
    2,
    2,
    3,
    1,
    0,
    1,
    0,
    2,
    0,
    1,
    2,
    2,
    2,
    1,
    0,
    0,
    0,
    2,
    0,
    0,
    2,
    0,
    2,
    3,
    0,
    0,
    1,
    3,
    1,
    0,
    1,
    0,
    0,
    0,
    0,
    1,
    2,
    1,
    2,
    1,
    2,
    0,
    3,
    1,
    0,
    0,
    0,
    2,
    2,
    0,
    3,
    0,
    2,
    2,
    0,
    0,
    3,
    0,
    0,
    3,
    1,
    1,
    1,
    3,
    1,
    0,
    0,
    1,
    2,
    0,
    1,
    2,
    1,
    1,
    1,
    0,
    3,
    2,
    1,
    0,
    1,
    0,
    0,
    1,
    0,
    0,
    0,
    1,
    2,
    2,
    2,
    0,
    0,
    0,
    0,
    1,
    0,
    0,
    1,
    3,
    0,
    3,
    3,
    1,
    3,
    0,
    0,
    0,
    0,
    0,
    3,
    0,
    3,
    0,
    2,
    0,
    0,
    0,
    0,
    0,
    0,
    0,
    0,
    2,
    0,
    0,
    0,
    3,
    0,
    0,
    1,
    0,
    0,
    0,
    2,
    0,
    0,
    0,
    1,
    0,
    1,
    0,
    0,
    1,
    0,
    0,
    0,
    0,
    0,
    2,
    0,
    0,
    2,
    0,
    1,
    0,
    0,
    1,
    0,
    0,
    1,
    0,
    0,
    0,
    0,
    1,
    2,
    0,
    2,
    0,
    3,
    2,
    0,
    1,
    2,
    0,
    2,
    0,
    2,
    0,
    0,
    0,
    0,
    0,
    2,
    0,
    0,
    0,
    0,
    0,
    2,
    0,
    2,
    0,
    0,
    2,
    0,
    1,
    0,
    0,
    2,
    2,
    1,
    3,
    3,
    0,
    2,
    3,
    0,
    2,
    0,
    0,
    0,
    1,
    0,
    3,
    0,
    0,
    2,
    1,
    2,
    2,
    0,
    0,
    0,
    3,
    0,
    0,
    0,
    0,
    0,
    2,
    0,
    1,
    0,
    2,
    0,
    1,
    3,
    2,
    0,
    1,
    0,
    0,
    0,
    0,
    1,
    1,
    0,
    0,
    2,
    1,
    2,
    0,
    0,
    2,
    0,
    3,
    0,
    0,
    0,
    2,
    0,
    2,
    2,
    2,
    2,
    0,
    0,
    0,
    1,
    2,
    0,
    3,
    0,
    1,
    0,
    0,
    3,
    2,
    2,
    1,
    2,
    0,
    2,
    0,
    3,
    2,
    0,
    0,
    2,
    2,
    0,
    3,
    1,
    0,
    0,
    1,
    0,
    0,
    0,
    3,
    0,
    2,
    0,
    0,
    2,
    1,
    2,
    2,
    0,
    3,
    2,
    0,
    0,
    3,
    0,
    0,
    0,
    0,
    0,
    0,
    0,
    0,
    0,
    0,
    0,
    0,
    0,
    0,
    0,
    0,
    1,
    1,
    0,
    0,
    0,
    0,
    0,
    3,
    0,
    2,
    2,
    0,
    1,
    1,
    1,
    0,
    0,
    3,
    3,
    3,
    0,
    0,
    0,
    0,
    2,
    3,
    0,
    0,
    0,
    0,
    0,
    0,
    2,
    0,
    0,
    0,
    0,
    0,
    0,
    2,
    1,
    1,
    0,
    0,
    0,
    3,
    0,
    0,
    0,
    3,
    0,
    1,
    0,
    0,
    1,
    0,
    1,
    0,
    3,
    0,
    0,
    0,
    0,
    0,
    2,
    0,
    2,
    0,
    1,
    0,
    0,
    3,
    0,
    0,
    2,
    2,
    0,
    2,
    2,
    2,
    2,
    0,
    0,
    0,
    0,
    0,
    0,
    0,
    0,
    1,
    0,
    0,
    0,
    0,
    3,
    0,
    0,
    0,
    0,
    0,
    3,
    2,
    0,
    3,
    1,
    0,
    2,
    3,
    0,
    0,
    0,
    2,
    0,
    0,
    0,
    0,
    1,
    0,
    1,
    0,
    1,
    0,
    0,
    0,
    2,
    2,
    2,
    1,
    2,
    0,
    0,
    0,
    1,
    0,
    0,
    0,
    0,
    0,
    3,
    0,
    0,
    0,
    1,
    0,
    0,
    2,
    0,
    0,
    0,
    0,
    0,
    0,
    3,
    0,
    0,
    3,
    1,
    1,
    0,
    0,
    0,
    0,
    0,
    0,
    3,
    2,
    0,
    2,
    2,
    1,
    2,
    0,
    0,
    0,
    1,
    0,
    0,
    3,
    0,
    1,
    2,
    1,
    0,
    1,
    3,
    0,
    3,
    0,
    2,
    0,
    1,
    0,
    2,
    1,
    0,
    1,
    0,
    0,
    0,
    0,
    1,
    2,
    0,
    0,
    0,
    2,
    1,
    2,
    0,
    0,
    0,
    2,
    2,
    2,
    0,
    0,
    0,
    2,
    1,
    2,
    0,
    0,
    0,
    1,
    0,
    0,
    0,
    0,
    1,
    1,
    0,
    0,
    0,
    1,
    0,
    0,
    1,
    0
  ],