{
  "n_eval": 600,
  "elapsed": 194.7722187610343,
  "f1_raw": 0.25366816969108985,
  "acc_raw": 0.275,
  "f1_norm": 0.25366816969108985,
  "acc_norm": 0.275,
  "confusion_matrix_raw": [
    [
      82,
      31,
      24,
      13
    ],
    [
      103,
      38,
      39,
      20
    ],
    [
      83,
      22,
      29,
      16
    ],
    [
      47,
      13,
      24,
      16
    ]
  ],
  "preds_raw": [
    0,
    1,
    0,
    2,
    0,
    0,
    2,
    3,
    2,
    0,
    0,
    1,
    0,
    1,
    3,
    2,
    0,
    1,
    3,
    1,
    1,
    0,
    0,
    0,
    0,
    0,
    0,
    0,
    0,
    0,
    1,
    0,
    1,
    1,
    1,
    2,
    0,
    1,
    2,
    0,
    1,
    2,
    2,
    1,
    2,
    0,
    0,
    0,
    0,
    0,
    2,
    0,
    2,
    2,
    0,
    0,
    0,
    0,
    0,
    0,
    0,
    0,
    0,
    0,
    3,
    1,
    3,
    2,
    2,
    0,
    2,
    2,
    0,
    0,
    1,
    0,
    0,
    0,
    1,
    0,
    0,
    0,
    0,
    2,
    0,
    2,
    0,
    0,
    1,
    0,
    0,
    0,
    0,
    0,
    0,
    0,
    0,
    3,
    0,
    0,
    0,
    3,
    1,
    3,
    0,
    0,
    3,
    1,
    2,
    1,
    0,
    0,
    3,
    1,
    0,
    0,
    0,
    3,
    2,
    0,
    0,
    1,
    1,
    0,
    0,
    0,
    0,
    2,
    2,
    2,
    0,
    1,
    0,
    2,
    3,
    1,
    1,
    1,
    0,
    0,
    3,
    0,
    1,
    0,
    3,
    0,
    0,
    0,
    2,
    0,
    0,
    0,
    2,
    2,
    0,
    0,
    0,
    0,
    0,
    0,
    2,
    1,
    0,
    0,
    0,
    3,
    0,
    2,
    2,
    1,
    1,
    0,
    0,
    1,
    2,
    0,
    2,
    3,
    0,
    2,
    2,
    0,
    2,
    0,
    1,
    0,
    0,
    0,
    0,
    1,
    3,
    0,
    0,
    3,
    0,
    1,
    2,
    1,
    1,
    1,
    0,
    0,
    3,
    2,
    2,
    2,
    0,
    0,
    0,
    2,
    0,
    0,
    0,
    0,
    0,
    0,
    3,
    2,
    0,
    0,
    3,
    3,
    0,
    3,
    0,
    2,
    0,
    0,
    0,
    0,
    1,
    2,
    0,
    1,
    2,
    0,
    0,
    0,
    3,
    2,
    0,
    2,
    2,
    2,
    0,
    0,
    0,
    1,
    0,
    1,
    3,
    0,
    0,
    0,
    0,
    3,
    0,
    0,
    0,
    0,
    0,
    0,
    0,
    0,
    2,
    1,
    0,
    0,
    1,
    3,
    2,
    1,
    0,
    2,
    0,
    0,
    0,
    2,
    0,
    1,
    1,
    2,
    2,
    0,
    1,
    2,
    0,
    1,
    0,
    3,
    2,
    2,
    2,
    2,
    1,
    0,
    0,
    1,
    0,
    0,
    3,
    3,
    1,
    3,
    0,
    2,
    1,
    2,
    1,
    2,
    0,
    0,
    0,
    0,
    0,
    0,
    3,
    0,
    3,
    0,
    2,
    1,
    2,
    3,
    0,
    0,
    0,
    0,
    0,
    0,
    1,
    3,
    3,
    0,
    0,
    1,
    2,
    1,
    0,
    2,
    1,
    3,
    2,
    1,
    3,
    1,
    0,
    3,
    0,
    2,
    0,
    0,
    3,
    0,
    2,
    0,
    2,
    1,
    0,
    1,
    0,
    2,
    1,
    2,
    0,
    2,
    0,
    0,
    0,
    0,
    0,
    0,
    2,
    1,
    1,
    0,
    0,
    3,
    0,
    2,
    0,
    3,
    0,
    2,
    3,
    0,
    1,
    0,
    0,
    0,
    3,
    1,
    2,
    0,
    0,
    0,
    0,
    0,
    1,
    2,
    0,
    0,
    1,
    3,
    0,
    0,
    1,
    1,
    0,
    0,
    0,
    1,
    0,
    1,
    0,
    2,
    1,
    0,
    0,
    2,
    3,
    0,
    0,
    0,
    3,
    3,
    2,
    2,
    2,
    1,
    3,
    0,
    0,
    3,
    0,
    0,
    0,
    2,
    0,
    2,
    2,
    2,
    1,
    1,
    1,
    0,
    0,
    0,
    0,
    0,
    0,
    1,
    0,
    2,
    0,
    2,
    1,
    2,
    0,
    3,
    3,
    0,
    0,
    0,
    3,
    0,
    1,
    0,
    0,
    2,
    2,
    0,
    0,
    0,
    0,
    0,
    0,
    0,
    3,
    2,
    1,
    3,
    2,
    0,
    1,
    0,
    3,
    2,
    0,
    2,
    0,
    0,
    0,
    2,
    0,
    0,
    0,
    0,
    0,
    0,
    3,
    2,
    0,
    2,
    2,
    0,
    1,
    2,
    0,
    2,
    0,
    0,
    0,
    3,
    2,
    0,
    0,
    1,
    0,
    1,
    0,
    0,
    1,
    1,
    0,
    2,
    0,
    0,
    0,
    3,
    1,
    1,
    0,
    2,
    0,
    3,
    1,
    0,
    0,
    1,
    1,
    0,
    0,
    3,
    2,
    1,
    0,
    2,
    1,
    0,
    3,
    2,
    0,
    0,
    0,
    0,
    0,
    0,
    0,
    1,
    0,
    3,
    1,
    0,
    0,
    0,
    0,
    2,
    1,
    0,
    0,
    1,
    0,
    3,
    2,
    2,
    1,
    0,
    0,
    0,
    1,
    0,
    0,
    0,
    0,
    3,
    2,
    2,
    2,
    0,
    1,
    0,
    2,
    0,
    1,
    0,
    2,
    0,
    0,
    0
  ],