{
  "n_eval": 600,
  "elapsed": 208.64250246505253,
  "f1_raw": 0.2116186208044115,
  "acc_raw": 0.23666666666666666,
  "f1_norm": 0.2116186208044115,
  "acc_norm": 0.23666666666666666,
  "confusion_matrix_raw": [
    [
      69,
      38,
      32,
      11
    ],
    [
      109,
      32,
      35,
      24
    ],
    [
      82,
      23,
      34,
      11
    ],
    [
      64,
      13,
      16,
      7
    ]
  ],
  "preds_raw": [
    3,
    3,
    1,
    0,
    1,
    0,
    0,
    3,
    2,
    0,
    0,
    0,
    0,
    0,
    3,
    3,
    0,
    0,
    0,
    0,
    0,
    0,
    1,
    0,
    2,
    0,
    0,
    2,
    3,
    0,
    2,
    2,
    2,
    1,
    0,
    2,
    1,
    2,
    1,
    0,
    2,
    2,
    2,
    1,
    0,
    0,
    0,
    2,
    0,
    0,
    2,
    0,
    2,
    0,
    2,
    0,
    0,
    1,
    0,
    0,
    1,
    0,
    0,
    0,
    0,
    1,
    2,
    1,
    2,
    1,
    3,
    2,
    3,
    1,
    0,
    0,
    0,
    2,
    2,
    0,
    0,
    3,
    1,
    2,
    0,
    2,
    0,
    0,
    1,
    1,
    1,
    2,
    3,
    3,
    1,
    2,
    0,
    1,
    2,
    0,
    1,
    2,
    2,
    1,
    2,
    0,
    3,
    2,
    1,
    0,
    0,
    0,
    0,
    1,
    0,
    0,
    0,
    1,
    1,
    0,
    2,
    0,
    0,
    2,
    0,
    0,
    1,
    3,
    1,
    0,
    0,
    1,
    2,
    0,
    3,
    0,
    0,
    0,
    0,
    0,
    3,
    0,
    3,
    1,
    2,
    0,
    0,
    0,
    0,
    0,
    0,
    0,
    2,
    2,
    0,
    0,
    0,
    1,
    0,
    0,
    3,
    0,
    0,
    0,
    0,
    1,
    0,
    0,
    1,
    0,
    1,
    0,
    0,
    1,
    2,
    0,
    3,
    2,
    0,
    2,
    0,
    0,
    2,
    3,
    1,
    2,
    1,
    0,
    0,
    0,
    3,
    0,
    0,
    0,
    0,
    1,
    2,
    0,
    2,
    0,
    1,
    2,
    1,
    1,
    2,
    0,
    1,
    0,
    2,
    0,
    1,
    1,
    0,
    0,
    0,
    0,
    0,
    0,
    0,
    0,
    1,
    3,
    1,
    3,
    1,
    2,
    0,
    1,
    0,
    0,
    2,
    2,
    0,
    0,
    2,
    0,
    2,
    3,
    0,
    2,
    0,
    2,
    2,
    1,
    0,
    0,
    0,
    3,
    2,
    0,
    2,
    0,
    0,
    0,
    0,
    3,
    0,
    2,
    0,
    0,
    0,
    0,
    0,
    3,
    0,
    2,
    2,
    0,
    3,
    2,
    0,
    0,
    0,
    2,
    0,
    0,
    0,
    0,
    0,
    0,
    2,
    1,
    2,
    2,
    1,
    2,
    0,
    1,
    0,
    0,
    0,
    2,
    0,
    1,
    2,
    2,
    2,
    0,
    3,
    1,
    2,
    3,
    0,
    1,
    0,
    1,
    3,
    0,
    0,
    0,
    2,
    0,
    2,
    0,
    2,
    0,
    0,
    2,
    0,
    0,
    2,
    0,
    3,
    3,
    1,
    1,
    1,
    1,
    0,
    0,
    0,
    2,
    2,
    2,
    0,
    0,
    2,
    0,
    3,
    2,
    0,
    3,
    2,
    0,
    1,
    0,
    0,
    0,
    1,
    0,
    0,
    0,
    1,
    0,
    0,
    0,
    0,
    1,
    0,
    2,
    0,
    0,
    1,
    0,
    0,
    0,
    0,
    0,
    0,
    2,
    0,
    2,
    1,
    0,
    1,
    0,
    2,
    0,
    3,
    1,
    3,
    2,
    0,
    0,
    0,
    0,
    1,
    0,
    0,
    0,
    0,
    1,
    0,
    0,
    1,
    0,
    1,
    0,
    0,
    2,
    0,
    1,
    1,
    0,
    0,
    0,
    3,
    0,
    0,
    2,
    0,
    2,
    0,
    3,
    0,
    2,
    1,
    3,
    0,
    0,
    0,
    0,
    0,
    0,
    0,
    2,
    2,
    3,
    0,
    1,
    3,
    0,
    0,
    3,
    0,
    0,
    1,
    0,
    0,
    0,
    2,
    2,
    2,
    0,
    0,
    1,
    0,
    0,
    0,
    2,
    0,
    1,
    0,
    0,
    0,
    0,
    0,
    3,
    2,
    0,
    0,
    0,
    0,
    2,
    0,
    3,
    1,
    0,
    0,
    0,
    0,
    0,
    0,
    2,
    0,
    0,
    0,
    0,
    2,
    0,
    1,
    0,
    2,
    3,
    0,
    0,
    0,
    0,
    0,
    1,
    2,
    0,
    0,
    2,
    1,
    0,
    0,
    0,
    0,
    3,
    0,
    0,
    0,
    0,
    2,
    0,
    0,
    2,
    0,
    0,
    0,
    1,
    0,
    0,
    3,
    2,
    0,
    1,
    0,
    1,
    0,
    0,
    1,
    1,
    0,
    0,
    3,
    2,
    0,
    2,
    3,
    0,
    2,
    0,
    0,
    0,
    0,
    1,
    0,
    0,
    0,
    1,
    1,
    0,
    0,
    1,
    2,
    0,
    0,
    0,
    1,
    0,
    1,
    0,
    0,
    1,
    3,
    1,
    0,
    0,
    0,
    3,
    1,
    2,
    0,
    1,
    0,
    2,
    1,
    3,
    1,
    0,
    0,
    2,
    1,
    2,
    0,
    0,
    0,
    2,
    1,
    2,
    1,
    1,
    0,
    1,
    3,
    2,
    0,
    0,
    1,
    0,
    2,
    0,
    0,
    1,
    0,
    0,
    0,
    0
  ],