{
  "n_eval": 600,
  "elapsed": 464.75086754607037,
  "f1_raw": 0.2669715501413785,
  "acc_raw": 0.2966666666666667,
  "f1_norm": 0.2669715501413785,
  "acc_norm": 0.2966666666666667,
  "confusion_matrix_raw": [
    [
      59,
      22,
      48,
      21
    ],
    [
      68,
      24,
      87,
      21
    ],
    [
      37,
      13,
      82,
      18
    ],
    [
      30,
      10,
      47,
      13
    ]
  ],
  "preds_raw": [
    0,
    2,
    2,
    2,
    0,
    0,
    2,
    2,
    0,
    2,
    2,
    2,
    0,
    2,
    2,
    0,
    2,
    1,
    0,
    2,
    0,
    0,
    0,
    0,
    2,
    2,
    2,
    2,
    0,
    3,
    0,
    0,
    0,
    1,
    2,
    0,
    2,
    0,
    1,
    1,
    2,
    1,
    0,
    2,
    2,
    1,
    2,
    2,
    0,
    2,
    0,
    0,
    2,
    0,
    2,
    2,
    2,
    2,
    0,
    0,
    3,
    3,
    1,
    0,
    2,
    2,
    2,
    2,
    0,
    3,
    2,
    3,
    2,
    2,
    1,
    2,
    2,
    2,
    2,
    3,
    3,
    2,
    3,
    3,
    2,
    2,
    1,
    2,
    0,
    2,
    2,
    2,
    2,
    0,
    2,
    0,
    0,
    0,
    3,
    3,
    0,
    2,
    2,
    2,
    2,
    2,
    2,
    2,
    2,
    2,
    2,
    0,
    2,
    2,
    3,
    0,
    0,
    1,
    0,
    0,
    1,
    0,
    0,
    2,
    2,
    2,
    0,
    1,
    0,
    2,
    0,
    1,
    3,
    0,
    0,
    0,
    2,
    2,
    2,
    3,
    2,
    0,
    2,
    1,
    2,
    3,
    1,
    0,
    0,
    3,
    2,
    1,
    0,
    2,
    0,
    0,
    3,
    2,
    0,
    3,
    3,
    0,
    3,
    0,
    2,
    2,
    0,
    0,
    0,
    0,
    0,
    2,
    0,
    1,
    2,
    1,
    0,
    2,
    0,
    0,
    0,
    0,
    2,
    0,
    2,
    3,
    2,
    1,
    2,
    2,
    2,
    2,
    2,
    1,
    2,
    3,
    2,
    3,
    1,
    0,
    0,
    2,
    2,
    2,
    1,
    2,
    2,
    3,
    0,
    0,
    0,
    1,
    1,
    0,
    0,
    3,
    2,
    0,
    1,
    0,
    2,
    0,
    1,
    1,
    2,
    0,
    0,
    0,
    0,
    0,
    2,
    2,
    2,
    2,
    2,
    2,
    2,
    1,
    0,
    2,
    0,
    0,
    1,
    0,
    0,
    0,
    2,
    0,
    2,
    2,
    1,
    0,
    3,
    0,
    0,
    1,
    2,
    2,
    3,
    2,
    0,
    2,
    2,
    1,
    2,
    0,
    1,
    3,
    0,
    0,
    2,
    0,
    2,
    0,
    0,
    0,
    3,
    0,
    0,
    3,
    0,
    1,
    2,
    3,
    3,
    2,
    1,
    2,
    3,
    1,
    1,
    2,
    2,
    0,
    2,
    0,
    2,
    2,
    0,
    0,
    3,
    0,
    0,
    0,
    2,
    0,
    2,
    0,
    2,
    1,
    2,
    1,
    2,
    2,
    0,
    0,
    2,
    2,
    2,
    2,
    2,
    2,
    2,
    0,
    1,
    2,
    2,
    2,
    2,
    2,
    2,
    2,
    3,
    2,
    3,
    0,
    2,
    3,
    2,
    0,
    0,
    3,
    2,
    2,
    0,
    2,
    1,
    2,
    1,
    0,
    0,
    2,
    0,
    3,
    2,
    0,
    2,
    2,
    3,
    2,
    0,
    2,
    2,
    2,
    2,
    2,
    0,
    2,
    2,
    2,
    2,
    3,
    2,
    0,
    0,
    2,
    2,
    2,
    0,
    0,
    0,
    3,
    2,
    0,
    2,
    2,
    0,
    0,
    2,
    1,
    2,
    3,
    2,
    2,
    3,
    0,
    0,
    0,
    3,
    2,
    0,
    2,
    3,
    0,
    3,
    0,
    2,
    2,
    0,
    0,
    2,
    1,
    0,
    2,
    2,
    0,
    1,
    1,
    0,
    3,
    2,
    3,
    3,
    2,
    2,
    2,
    3,
    2,
    2,
    2,
    2,
    2,
    0,
    2,
    2,
    2,
    2,
    2,
    1,
    2,
    0,
    2,
    1,
    2,
    0,
    1,
    2,
    2,
    3,
    2,
    3,
    0,
    0,
    0,
    1,
    0,
    2,
    1,
    2,
    2,
    3,
    2,
    0,
    2,
    0,
    0,
    1,
    0,
    2,
    2,
    0,
    0,
    0,
    1,
    2,
    1,
    0,
    1,
    2,
    0,
    2,
    2,
    0,
    3,
    2,
    0,
    3,
    0,
    2,
    0,
    2,
    0,
    2,
    2,
    1,
    2,
    2,
    0,
    2,
    1,
    0,
    2,
    3,
    1,
    1,
    1,
    2,
    2,
    2,
    3,
    0,
    0,
    2,
    2,
    0,
    2,
    0,
    0,
    0,
    0,
    0,
    2,
    3,
    2,
    2,
    1,
    0,
    2,
    2,
    3,
    0,
    0,
    2,
    2,
    2,
    2,
    1,
    0,
    3,
    2,
    2,
    3,
    1,
    2,
    2,
    2,
    0,
    3,
    2,
    2,
    0,
    2,
    2,
    0,
    0,
    0,
    3,
    2,
    3,
    0,
    2,
    0,
    2,
    3,
    1,
    2,
    3,
    2,
    0,
    2,
    2,
    0,
    1,
    3,
    1,
    2,
    3,
    2,
    0,
    0,
    3,
    1,
    0,
    1,
    2,
    2,
    0,
    2,
    3,
    3,
    0,
    2,
    2,
    3,
    0,
    2,
    2,
    2,
    0,
    1
  ],