{
  "n_eval": 600,
  "elapsed": 516.763725477038,
  "f1_raw": 0.2542497908955286,
  "acc_raw": 0.2683333333333333,
  "f1_norm": 0.2542497908955286,
  "acc_norm": 0.2683333333333333,
  "confusion_matrix_raw": [
    [
      41,
      44,
      36,
      29
    ],
    [
      53,
      67,
      43,
      37
    ],
    [
      52,
      41,
      37,
      20
    ],
    [
      37,
      26,
      21,
      16
    ]
  ],
  "preds_raw": [
    0,
    1,
    2,
    2,
    0,
    2,
    1,
    1,
    0,
    2,
    3,
    1,
    2,
    1,
    2,
    0,
    3,
    0,
    1,
    2,
    3,
    1,
    3,
    0,
    1,
    2,
    1,
    2,
    2,
    2,
    1,
    1,
    3,
    2,
    1,
    2,
    1,
    1,
    0,
    2,
    2,
    2,
    1,
    2,
    2,
    0,
    0,
    2,
    0,
    2,
    0,
    2,
    2,
    1,
    2,
    3,
    2,
    3,
    3,
    0,
    3,
    0,
    0,
    0,
    1,
    0,
    1,
    3,
    1,
    3,
    1,
    3,
    1,
    1,
    2,
    2,
    2,
    2,
    2,
    2,
    2,
    2,
    3,
    0,
    0,
    1,
    1,
    2,
    0,
    2,
    0,
    3,
    2,
    2,
    1,
    1,
    0,
    1,
    3,
    0,
    1,
    1,
    3,
    3,
    2,
    2,
    1,
    1,
    2,
    1,
    2,
    1,
    1,
    0,
    0,
    0,
    2,
    3,
    3,
    0,
    3,
    1,
    1,
    1,
    1,
    2,
    0,
    3,
    0,
    1,
    0,
    1,
    0,
    1,
    1,
    2,
    1,
    1,
    2,
    0,
    1,
    2,
    1,
    0,
    1,
    0,
    0,
    0,
    3,
    0,
    3,
    0,
    2,
    1,
    0,
    0,
    0,
    2,
    0,
    2,
    3,
    2,
    1,
    1,
    1,
    1,
    0,
    2,
    1,
    0,
    0,
    2,
    0,
    0,
    1,
    2,
    0,
    1,
    2,
    1,
    2,
    0,
    1,
    0,
    2,
    3,
    1,
    3,
    0,
    3,
    1,
    2,
    1,
    2,
    3,
    3,
    1,
    0,
    0,
    0,
    0,
    1,
    1,
    0,
    2,
    2,
    1,
    2,
    2,
    0,
    3,
    3,
    2,
    0,
    0,
    2,
    1,
    0,
    0,
    0,
    2,
    0,
    0,
    0,
    0,
    0,
    3,
    0,
    0,
    0,
    1,
    0,
    0,
    1,
    1,
    0,
    1,
    2,
    0,
    1,
    0,
    3,
    3,
    1,
    1,
    0,
    2,
    0,
    2,
    1,
    0,
    1,
    2,
    1,
    0,
    2,
    2,
    1,
    2,
    0,
    0,
    0,
    0,
    3,
    1,
    0,
    3,
    3,
    1,
    2,
    1,
    0,
    3,
    0,
    0,
    0,
    3,
    0,
    0,
    0,
    0,
    0,
    1,
    2,
    0,
    1,
    1,
    1,
    3,
    0,
    0,
    2,
    3,
    3,
    1,
    1,
    1,
    1,
    1,
    3,
    0,
    1,
    0,
    2,
    1,
    0,
    1,
    0,
    1,
    0,
    1,
    0,
    3,
    0,
    0,
    1,
    3,
    1,
    3,
    1,
    3,
    1,
    0,
    2,
    0,
    3,
    2,
    1,
    3,
    1,
    3,
    2,
    0,
    1,
    2,
    1,
    2,
    2,
    2,
    2,
    0,
    2,
    1,
    1,
    2,
    1,
    3,
    1,
    0,
    0,
    0,
    0,
    1,
    3,
    2,
    0,
    1,
    3,
    0,
    3,
    2,
    1,
    1,
    2,
    2,
    1,
    1,
    3,
    0,
    1,
    2,
    3,
    1,
    0,
    3,
    3,
    2,
    1,
    0,
    1,
    0,
    2,
    1,
    2,
    1,
    0,
    1,
    0,
    3,
    2,
    1,
    2,
    3,
    3,
    2,
    3,
    3,
    2,
    3,
    1,
    0,
    2,
    3,
    1,
    0,
    0,
    1,
    1,
    0,
    0,
    1,
    3,
    0,
    3,
    2,
    3,
    2,
    3,
    3,
    0,
    1,
    0,
    3,
    0,
    1,
    1,
    0,
    2,
    3,
    2,
    2,
    3,
    3,
    1,
    1,
    1,
    0,
    1,
    0,
    2,
    1,
    2,
    0,
    1,
    0,
    0,
    2,
    2,
    3,
    1,
    3,
    0,
    1,
    0,
    0,
    0,
    1,
    3,
    2,
    1,
    3,
    1,
    0,
    2,
    0,
    0,
    1,
    0,
    1,
    1,
    1,
    0,
    0,
    0,
    3,
    1,
    0,
    0,
    1,
    0,
    1,
    2,
    1,
    3,
    1,
    2,
    0,
    2,
    2,
    2,
    1,
    3,
    3,
    1,
    3,
    2,
    0,
    0,
    1,
    0,
    1,
    1,
    0,
    2,
    3,
    0,
    2,
    2,
    0,
    3,
    0,
    0,
    1,
    2,
    2,
    1,
    0,
    1,
    1,
    0,
    0,
    1,
    2,
    1,
    3,
    2,
    0,
    1,
    1,
    2,
    1,
    3,
    1,
    2,
    1,
    1,
    2,
    3,
    3,
    1,
    1,
    0,
    3,
    3,
    3,
    1,
    0,
    0,
    3,
    2,
    3,
    3,
    0,
    0,
    0,
    2,
    0,
    2,
    3,
    0,
    2,
    0,
    2,
    0,
    2,
    3,
    0,
    3,
    1,
    0,
    0,
    1,
    2,
    0,
    0,
    1,
    3,
    2,
    0,
    1,
    0,
    1,
    0,
    3,
    1,
    1,
    1,
    1,
    0,
    3,
    1,
    0,
    3,
    2,
    2,
    2,
    1,
    0,
    2,
    0
  ],