{
  "n_eval": 600,
  "elapsed": 517.3225561620202,
  "f1_raw": 0.2267589027356878,
  "acc_raw": 0.23,
  "f1_norm": 0.2267589027356878,
  "acc_norm": 0.23,
  "confusion_matrix_raw": [
    [
      39,
      26,
      44,
      41
    ],
    [
      51,
      25,
      61,
      63
    ],
    [
      54,
      20,
      48,
      28
    ],
    [
      35,
      15,
      24,
      26
    ]
  ],
  "preds_raw": [
    0,
    1,
    2,
    2,
    0,
    3,
    1,
    3,
    0,
    2,
    3,
    1,
    1,
    2,
    2,
    0,
    3,
    1,
    1,
    2,
    3,
    3,
    3,
    0,
    3,
    2,
    1,
    2,
    0,
    0,
    3,
    0,
    3,
    0,
    1,
    2,
    2,
    2,
    0,
    2,
    2,
    2,
    3,
    0,
    2,
    0,
    0,
    2,
    0,
    2,
    0,
    2,
    2,
    0,
    3,
    3,
    2,
    3,
    3,
    0,
    3,
    0,
    0,
    0,
    2,
    0,
    1,
    2,
    2,
    3,
    3,
    3,
    1,
    3,
    1,
    2,
    2,
    2,
    2,
    0,
    0,
    2,
    3,
    0,
    3,
    1,
    1,
    2,
    3,
    2,
    0,
    2,
    2,
    2,
    1,
    1,
    0,
    3,
    3,
    0,
    2,
    3,
    3,
    2,
    3,
    2,
    1,
    0,
    2,
    1,
    2,
    3,
    3,
    0,
    0,
    1,
    2,
    2,
    3,
    1,
    3,
    2,
    2,
    1,
    1,
    0,
    0,
    3,
    0,
    0,
    0,
    1,
    0,
    1,
    2,
    2,
    3,
    3,
    2,
    0,
    3,
    3,
    3,
    0,
    3,
    2,
    0,
    0,
    2,
    2,
    2,
    0,
    2,
    2,
    0,
    0,
    0,
    2,
    0,
    2,
    2,
    0,
    1,
    3,
    3,
    2,
    0,
    3,
    1,
    0,
    0,
    1,
    3,
    2,
    3,
    3,
    0,
    1,
    0,
    3,
    3,
    0,
    2,
    0,
    2,
    3,
    1,
    2,
    0,
    3,
    1,
    2,
    2,
    3,
    2,
    3,
    1,
    0,
    2,
    0,
    0,
    2,
    0,
    0,
    2,
    2,
    1,
    2,
    2,
    0,
    3,
    3,
    2,
    3,
    0,
    2,
    3,
    0,
    1,
    0,
    2,
    0,
    0,
    0,
    2,
    0,
    1,
    0,
    0,
    0,
    1,
    2,
    0,
    2,
    2,
    0,
    1,
    2,
    0,
    0,
    0,
    2,
    1,
    1,
    0,
    0,
    2,
    0,
    2,
    3,
    0,
    1,
    1,
    2,
    0,
    3,
    2,
    2,
    2,
    0,
    0,
    2,
    3,
    3,
    2,
    0,
    3,
    3,
    1,
    3,
    2,
    0,
    3,
    2,
    0,
    0,
    3,
    3,
    0,
    0,
    0,
    2,
    1,
    2,
    3,
    1,
    1,
    3,
    3,
    0,
    2,
    2,
    3,
    0,
    2,
    2,
    2,
    2,
    2,
    3,
    1,
    3,
    0,
    3,
    2,
    0,
    1,
    0,
    1,
    0,
    1,
    3,
    2,
    0,
    0,
    2,
    3,
    1,
    3,
    2,
    3,
    0,
    0,
    2,
    0,
    3,
    0,
    0,
    3,
    2,
    3,
    0,
    0,
    3,
    2,
    2,
    0,
    2,
    2,
    3,
    0,
    2,
    1,
    1,
    2,
    3,
    3,
    3,
    1,
    0,
    0,
    0,
    1,
    1,
    3,
    0,
    1,
    3,
    0,
    3,
    3,
    3,
    1,
    2,
    2,
    3,
    3,
    3,
    0,
    1,
    2,
    3,
    1,
    3,
    1,
    3,
    2,
    1,
    0,
    1,
    0,
    2,
    2,
    2,
    1,
    0,
    2,
    0,
    3,
    3,
    3,
    3,
    3,
    3,
    2,
    3,
    3,
    3,
    3,
    1,
    0,
    2,
    3,
    3,
    0,
    0,
    0,
    1,
    0,
    2,
    1,
    3,
    0,
    2,
    2,
    2,
    2,
    3,
    3,
    0,
    3,
    0,
    3,
    0,
    1,
    3,
    0,
    2,
    2,
    2,
    2,
    3,
    3,
    1,
    3,
    0,
    2,
    1,
    0,
    2,
    2,
    2,
    2,
    0,
    3,
    0,
    2,
    2,
    3,
    3,
    3,
    0,
    2,
    0,
    1,
    1,
    3,
    3,
    2,
    2,
    3,
    3,
    0,
    2,
    0,
    1,
    1,
    0,
    1,
    1,
    2,
    3,
    3,
    0,
    3,
    3,
    0,
    2,
    2,
    0,
    2,
    3,
    3,
    1,
    0,
    2,
    0,
    2,
    2,
    2,
    2,
    1,
    3,
    3,
    3,
    2,
    0,
    0,
    2,
    3,
    2,
    2,
    0,
    2,
    3,
    0,
    0,
    2,
    2,
    2,
    0,
    0,
    2,
    2,
    3,
    1,
    0,
    3,
    1,
    0,
    0,
    0,
    2,
    1,
    3,
    3,
    0,
    2,
    2,
    3,
    3,
    3,
    0,
    2,
    3,
    1,
    2,
    0,
    1,
    3,
    1,
    0,
    2,
    3,
    3,
    1,
    0,
    0,
    2,
    2,
    3,
    3,
    0,
    0,
    0,
    3,
    0,
    2,
    3,
    0,
    2,
    0,
    2,
    0,
    2,
    3,
    0,
    3,
    1,
    3,
    0,
    2,
    2,
    0,
    0,
    1,
    3,
    2,
    0,
    3,
    1,
    3,
    0,
    0,
    2,
    0,
    3,
    0,
    0,
    3,
    2,
    0,
    0,
    2,
    0,
    2,
    1,
    0,
    2,
    0
  ],