{
  "n_eval": 600,
  "elapsed": 517.0584866099525,
  "f1_raw": 0.27102210059819076,
  "acc_raw": 0.2866666666666667,
  "f1_norm": 0.27102210059819076,
  "acc_norm": 0.2866666666666667,
  "confusion_matrix_raw": [
    [
      49,
      45,
      28,
      28
    ],
    [
      51,
      73,
      36,
      40
    ],
    [
      51,
      42,
      30,
      27
    ],
    [
      35,
      26,
      19,
      20
    ]
  ],
  "preds_raw": [
    0,
    1,
    2,
    1,
    0,
    3,
    1,
    1,
    0,
    2,
    3,
    1,
    1,
    1,
    2,
    0,
    3,
    3,
    1,
    2,
    3,
    3,
    2,
    0,
    3,
    2,
    1,
    2,
    0,
    0,
    1,
    1,
    3,
    3,
    1,
    0,
    1,
    1,
    0,
    2,
    2,
    2,
    1,
    2,
    2,
    3,
    0,
    2,
    0,
    2,
    0,
    0,
    2,
    1,
    3,
    3,
    2,
    3,
    0,
    0,
    3,
    0,
    1,
    3,
    1,
    0,
    1,
    3,
    1,
    3,
    1,
    1,
    1,
    1,
    2,
    2,
    2,
    2,
    2,
    0,
    2,
    2,
    3,
    0,
    2,
    1,
    1,
    3,
    0,
    2,
    2,
    0,
    2,
    2,
    1,
    1,
    0,
    3,
    3,
    0,
    1,
    1,
    3,
    2,
    3,
    2,
    1,
    1,
    3,
    1,
    2,
    1,
    1,
    0,
    0,
    0,
    2,
    2,
    3,
    2,
    3,
    1,
    1,
    1,
    1,
    3,
    0,
    0,
    0,
    1,
    0,
    1,
    0,
    1,
    1,
    2,
    1,
    1,
    2,
    0,
    1,
    3,
    1,
    0,
    1,
    0,
    3,
    0,
    3,
    0,
    3,
    3,
    2,
    1,
    0,
    0,
    0,
    1,
    0,
    0,
    2,
    0,
    1,
    1,
    3,
    1,
    0,
    2,
    1,
    0,
    0,
    2,
    3,
    0,
    1,
    2,
    0,
    1,
    0,
    1,
    3,
    0,
    1,
    0,
    2,
    3,
    1,
    2,
    0,
    3,
    1,
    0,
    1,
    2,
    3,
    3,
    1,
    0,
    3,
    0,
    0,
    1,
    1,
    0,
    0,
    0,
    1,
    2,
    2,
    0,
    3,
    3,
    2,
    0,
    0,
    2,
    3,
    0,
    1,
    0,
    2,
    0,
    0,
    0,
    0,
    0,
    3,
    0,
    0,
    0,
    1,
    0,
    0,
    1,
    1,
    0,
    1,
    2,
    0,
    1,
    0,
    2,
    1,
    3,
    1,
    0,
    2,
    0,
    3,
    1,
    0,
    1,
    3,
    1,
    0,
    2,
    2,
    1,
    3,
    0,
    0,
    0,
    3,
    2,
    3,
    1,
    1,
    3,
    1,
    2,
    1,
    0,
    3,
    0,
    0,
    0,
    3,
    0,
    0,
    0,
    0,
    0,
    1,
    3,
    3,
    1,
    1,
    1,
    3,
    0,
    3,
    2,
    3,
    0,
    1,
    1,
    0,
    1,
    1,
    0,
    0,
    1,
    0,
    2,
    1,
    0,
    1,
    0,
    1,
    0,
    1,
    2,
    1,
    0,
    0,
    1,
    3,
    1,
    3,
    1,
    3,
    1,
    0,
    2,
    0,
    3,
    0,
    1,
    0,
    1,
    3,
    2,
    0,
    1,
    2,
    1,
    0,
    2,
    2,
    3,
    0,
    3,
    1,
    1,
    2,
    1,
    2,
    1,
    0,
    0,
    0,
    0,
    1,
    0,
    2,
    0,
    1,
    2,
    0,
    3,
    3,
    3,
    1,
    2,
    2,
    1,
    1,
    3,
    0,
    1,
    1,
    3,
    1,
    0,
    0,
    3,
    2,
    1,
    0,
    1,
    0,
    2,
    1,
    2,
    3,
    0,
    1,
    0,
    3,
    0,
    1,
    2,
    1,
    3,
    2,
    3,
    3,
    3,
    3,
    1,
    0,
    2,
    3,
    3,
    0,
    0,
    1,
    1,
    0,
    3,
    1,
    1,
    0,
    2,
    2,
    3,
    2,
    3,
    3,
    0,
    1,
    0,
    3,
    0,
    1,
    1,
    0,
    2,
    3,
    1,
    1,
    3,
    1,
    1,
    1,
    1,
    0,
    1,
    1,
    2,
    1,
    2,
    3,
    1,
    0,
    0,
    1,
    2,
    3,
    1,
    3,
    0,
    1,
    0,
    3,
    1,
    1,
    2,
    2,
    1,
    3,
    1,
    0,
    2,
    0,
    1,
    0,
    0,
    1,
    1,
    1,
    3,
    0,
    0,
    3,
    1,
    0,
    2,
    1,
    0,
    1,
    3,
    1,
    3,
    1,
    2,
    0,
    2,
    2,
    0,
    1,
    3,
    3,
    3,
    0,
    2,
    0,
    0,
    1,
    2,
    1,
    1,
    0,
    2,
    3,
    2,
    0,
    2,
    0,
    3,
    0,
    0,
    1,
    2,
    2,
    3,
    0,
    1,
    1,
    0,
    3,
    1,
    1,
    1,
    3,
    2,
    0,
    1,
    0,
    2,
    1,
    0,
    1,
    2,
    1,
    1,
    3,
    0,
    1,
    1,
    1,
    0,
    0,
    2,
    3,
    1,
    0,
    3,
    2,
    2,
    1,
    3,
    0,
    0,
    0,
    3,
    2,
    2,
    3,
    0,
    2,
    0,
    2,
    0,
    2,
    3,
    2,
    3,
    1,
    2,
    0,
    1,
    2,
    0,
    0,
    1,
    3,
    2,
    0,
    3,
    0,
    3,
    0,
    0,
    1,
    1,
    1,
    1,
    0,
    0,
    1,
    0,
    2,
    1,
    0,
    1,
    1,
    0,
    0,
    0
  ],