{
  "n_eval": 600,
  "elapsed": 516.8210749049904,
  "f1_raw": 0.25503128020379506,
  "acc_raw": 0.2683333333333333,
  "f1_norm": 0.25503128020379506,
  "acc_norm": 0.2683333333333333,
  "confusion_matrix_raw": [
    [
      45,
      43,
      35,
      27
    ],
    [
      55,
      65,
      44,
      36
    ],
    [
      53,
      44,
      34,
      19
    ],
    [
      41,
      26,
      16,
      17
    ]
  ],
  "preds_raw": [
    0,
    1,
    2,
    2,
    0,
    2,
    1,
    1,
    0,
    2,
    3,
    1,
    0,
    1,
    2,
    0,
    3,
    0,
    1,
    2,
    3,
    1,
    3,
    0,
    1,
    2,
    1,
    2,
    0,
    2,
    1,
    1,
    3,
    0,
    1,
    0,
    1,
    1,
    0,
    2,
    2,
    2,
    1,
    2,
    2,
    0,
    0,
    2,
    0,
    2,
    0,
    2,
    2,
    1,
    2,
    1,
    2,
    3,
    3,
    0,
    3,
    0,
    0,
    0,
    1,
    0,
    1,
    3,
    1,
    3,
    1,
    3,
    1,
    1,
    2,
    2,
    2,
    2,
    2,
    2,
    2,
    2,
    3,
    0,
    2,
    1,
    3,
    2,
    0,
    2,
    0,
    2,
    2,
    2,
    1,
    1,
    0,
    2,
    3,
    0,
    1,
    1,
    3,
    3,
    2,
    2,
    1,
    1,
    2,
    1,
    2,
    1,
    1,
    0,
    0,
    0,
    0,
    3,
    3,
    0,
    3,
    1,
    1,
    1,
    1,
    2,
    0,
    3,
    0,
    1,
    0,
    1,
    0,
    1,
    0,
    0,
    1,
    1,
    2,
    0,
    1,
    2,
    1,
    0,
    1,
    0,
    0,
    0,
    3,
    0,
    3,
    0,
    0,
    1,
    0,
    0,
    0,
    2,
    0,
    0,
    3,
    0,
    1,
    1,
    3,
    1,
    0,
    2,
    1,
    0,
    0,
    2,
    0,
    0,
    1,
    2,
    0,
    1,
    0,
    1,
    2,
    0,
    1,
    0,
    2,
    3,
    1,
    3,
    0,
    1,
    1,
    2,
    1,
    3,
    3,
    3,
    1,
    0,
    0,
    0,
    0,
    1,
    1,
    0,
    2,
    2,
    1,
    2,
    2,
    0,
    3,
    3,
    2,
    0,
    0,
    2,
    1,
    0,
    0,
    2,
    2,
    0,
    0,
    0,
    0,
    0,
    3,
    0,
    0,
    0,
    1,
    2,
    0,
    1,
    1,
    0,
    1,
    2,
    0,
    1,
    0,
    3,
    3,
    1,
    1,
    0,
    2,
    0,
    2,
    1,
    0,
    1,
    3,
    1,
    0,
    0,
    2,
    1,
    2,
    0,
    0,
    0,
    0,
    3,
    1,
    2,
    3,
    3,
    1,
    0,
    2,
    0,
    3,
    0,
    0,
    0,
    3,
    0,
    0,
    0,
    0,
    0,
    1,
    2,
    3,
    1,
    1,
    1,
    3,
    0,
    0,
    2,
    2,
    3,
    1,
    1,
    1,
    1,
    1,
    3,
    0,
    1,
    0,
    2,
    1,
    0,
    1,
    0,
    1,
    0,
    1,
    0,
    3,
    0,
    0,
    1,
    1,
    1,
    3,
    1,
    3,
    1,
    0,
    2,
    0,
    3,
    0,
    1,
    3,
    3,
    2,
    2,
    0,
    1,
    2,
    1,
    2,
    0,
    2,
    2,
    0,
    2,
    1,
    1,
    0,
    1,
    3,
    1,
    0,
    0,
    0,
    0,
    1,
    3,
    2,
    0,
    1,
    2,
    0,
    3,
    2,
    1,
    1,
    2,
    2,
    1,
    1,
    3,
    0,
    1,
    1,
    3,
    2,
    2,
    0,
    3,
    2,
    1,
    0,
    1,
    0,
    2,
    1,
    0,
    1,
    0,
    1,
    0,
    1,
    2,
    1,
    2,
    3,
    3,
    2,
    3,
    3,
    0,
    3,
    1,
    0,
    2,
    3,
    1,
    0,
    0,
    1,
    1,
    0,
    3,
    1,
    0,
    0,
    3,
    2,
    3,
    2,
    3,
    3,
    0,
    1,
    0,
    3,
    0,
    1,
    1,
    0,
    2,
    3,
    2,
    2,
    3,
    1,
    1,
    1,
    1,
    0,
    1,
    0,
    2,
    1,
    2,
    0,
    1,
    0,
    0,
    2,
    2,
    3,
    1,
    3,
    0,
    1,
    0,
    0,
    0,
    1,
    3,
    2,
    1,
    3,
    1,
    0,
    2,
    0,
    0,
    1,
    0,
    1,
    1,
    2,
    0,
    0,
    0,
    3,
    1,
    0,
    1,
    1,
    0,
    1,
    1,
    1,
    3,
    1,
    2,
    0,
    2,
    2,
    2,
    1,
    3,
    3,
    1,
    3,
    2,
    0,
    0,
    1,
    0,
    1,
    3,
    0,
    2,
    3,
    0,
    0,
    2,
    2,
    3,
    0,
    0,
    1,
    2,
    2,
    1,
    0,
    1,
    1,
    0,
    0,
    1,
    2,
    1,
    3,
    2,
    0,
    1,
    3,
    0,
    1,
    3,
    1,
    2,
    1,
    1,
    2,
    3,
    3,
    1,
    1,
    2,
    3,
    3,
    3,
    1,
    0,
    0,
    3,
    2,
    1,
    3,
    0,
    0,
    0,
    0,
    0,
    2,
    3,
    0,
    2,
    0,
    2,
    0,
    2,
    3,
    0,
    1,
    1,
    1,
    0,
    1,
    2,
    0,
    0,
    1,
    3,
    2,
    0,
    1,
    0,
    3,
    0,
    3,
    1,
    1,
    1,
    1,
    0,
    3,
    1,
    2,
    3,
    2,
    2,
    2,
    1,
    0,
    2,
    0
  ],