{
  "n_eval": 600,
  "elapsed": 465.4063364150934,
  "f1_raw": 0.27801696212635085,
  "acc_raw": 0.3,
  "f1_norm": 0.27801696212635085,
  "acc_norm": 0.3,
  "confusion_matrix_raw": [
    [
      67,
      16,
      46,
      21
    ],
    [
      83,
      24,
      67,
      26
    ],
    [
      41,
      15,
      71,
      23
    ],
    [
      28,
      12,
      42,
      18
    ]
  ],
  "preds_raw": [
    0,
    2,
    1,
    2,
    0,
    0,
    0,
    2,
    2,
    3,
    3,
    2,
    0,
    2,
    2,
    3,
    2,
    3,
    0,
    2,
    3,
    0,
    2,
    0,
    2,
    0,
    3,
    2,
    0,
    2,
    2,
    0,
    0,
    3,
    0,
    0,
    2,
    0,
    0,
    1,
    0,
    3,
    0,
    3,
    1,
    3,
    2,
    1,
    2,
    2,
    0,
    2,
    2,
    0,
    2,
    2,
    2,
    2,
    0,
    0,
    3,
    3,
    0,
    0,
    2,
    1,
    2,
    2,
    0,
    3,
    2,
    1,
    0,
    3,
    1,
    1,
    2,
    2,
    2,
    2,
    3,
    2,
    1,
    3,
    0,
    2,
    1,
    2,
    0,
    2,
    2,
    2,
    2,
    0,
    0,
    0,
    1,
    0,
    3,
    0,
    0,
    0,
    2,
    2,
    0,
    2,
    2,
    2,
    2,
    1,
    2,
    0,
    2,
    2,
    3,
    0,
    0,
    1,
    0,
    0,
    1,
    0,
    0,
    0,
    0,
    0,
    0,
    1,
    0,
    2,
    0,
    0,
    3,
    0,
    0,
    0,
    2,
    2,
    2,
    0,
    0,
    1,
    0,
    1,
    2,
    3,
    0,
    0,
    2,
    2,
    2,
    3,
    2,
    0,
    0,
    2,
    3,
    2,
    0,
    3,
    3,
    2,
    3,
    0,
    0,
    1,
    0,
    2,
    0,
    0,
    2,
    2,
    0,
    1,
    0,
    3,
    0,
    2,
    0,
    0,
    0,
    0,
    2,
    0,
    2,
    3,
    3,
    1,
    0,
    2,
    3,
    2,
    3,
    1,
    2,
    3,
    2,
    3,
    3,
    2,
    3,
    2,
    2,
    3,
    2,
    3,
    2,
    1,
    0,
    0,
    0,
    1,
    1,
    0,
    2,
    2,
    2,
    0,
    3,
    0,
    2,
    0,
    0,
    2,
    2,
    0,
    3,
    0,
    0,
    2,
    2,
    2,
    0,
    3,
    2,
    2,
    2,
    2,
    0,
    0,
    3,
    0,
    1,
    0,
    0,
    0,
    2,
    2,
    2,
    0,
    1,
    0,
    2,
    0,
    0,
    2,
    2,
    2,
    3,
    2,
    0,
    0,
    2,
    1,
    2,
    0,
    0,
    3,
    0,
    2,
    3,
    0,
    1,
    0,
    0,
    0,
    0,
    0,
    2,
    3,
    1,
    2,
    0,
    3,
    3,
    2,
    1,
    2,
    0,
    0,
    3,
    2,
    2,
    0,
    2,
    0,
    3,
    2,
    0,
    0,
    3,
    0,
    0,
    0,
    3,
    2,
    2,
    0,
    2,
    1,
    2,
    2,
    2,
    3,
    0,
    0,
    2,
    2,
    0,
    3,
    1,
    2,
    0,
    2,
    1,
    0,
    0,
    0,
    2,
    2,
    2,
    2,
    1,
    2,
    0,
    0,
    1,
    1,
    2,
    0,
    0,
    0,
    3,
    2,
    2,
    2,
    0,
    2,
    3,
    0,
    0,
    0,
    0,
    1,
    2,
    2,
    0,
    1,
    3,
    2,
    1,
    2,
    2,
    2,
    2,
    2,
    0,
    2,
    0,
    2,
    1,
    3,
    3,
    0,
    2,
    3,
    2,
    1,
    0,
    0,
    0,
    2,
    2,
    0,
    2,
    2,
    0,
    0,
    0,
    1,
    0,
    3,
    2,
    1,
    1,
    3,
    0,
    0,
    3,
    0,
    0,
    2,
    3,
    2,
    0,
    0,
    0,
    2,
    0,
    1,
    2,
    1,
    0,
    2,
    2,
    0,
    1,
    1,
    2,
    0,
    2,
    2,
    3,
    2,
    2,
    2,
    3,
    2,
    2,
    2,
    3,
    1,
    2,
    2,
    2,
    0,
    2,
    2,
    3,
    2,
    0,
    2,
    3,
    2,
    2,
    1,
    1,
    2,
    2,
    0,
    3,
    1,
    0,
    0,
    3,
    0,
    0,
    0,
    1,
    2,
    3,
    2,
    0,
    2,
    0,
    0,
    0,
    0,
    0,
    2,
    0,
    2,
    0,
    1,
    1,
    0,
    0,
    2,
    0,
    0,
    3,
    2,
    0,
    3,
    0,
    0,
    0,
    0,
    2,
    0,
    1,
    0,
    3,
    2,
    1,
    2,
    2,
    0,
    2,
    0,
    0,
    2,
    3,
    2,
    1,
    2,
    2,
    2,
    2,
    3,
    0,
    0,
    2,
    2,
    0,
    2,
    2,
    0,
    0,
    0,
    0,
    1,
    3,
    2,
    1,
    3,
    0,
    2,
    2,
    3,
    0,
    0,
    2,
    1,
    2,
    2,
    3,
    0,
    3,
    2,
    2,
    2,
    1,
    2,
    2,
    2,
    0,
    3,
    2,
    2,
    0,
    2,
    0,
    0,
    3,
    2,
    3,
    3,
    2,
    0,
    0,
    0,
    0,
    2,
    2,
    2,
    2,
    2,
    0,
    2,
    1,
    0,
    3,
    0,
    0,
    2,
    1,
    2,
    0,
    0,
    1,
    3,
    2,
    0,
    3,
    2,
    0,
    2,
    1,
    1,
    0,
    2,
    2,
    3,
    0,
    2,
    0,
    2,
    2,
    2
  ],