{
  "n_eval": 600,
  "elapsed": 517.0083201450761,
  "f1_raw": 0.21103463358708113,
  "acc_raw": 0.22,
  "f1_norm": 0.21103463358708113,
  "acc_norm": 0.22,
  "confusion_matrix_raw": [
    [
      40,
      20,
      54,
      36
    ],
    [
      54,
      21,
      68,
      57
    ],
    [
      58,
      10,
      52,
      30
    ],
    [
      36,
      9,
      36,
      19
    ]
  ],
  "preds_raw": [
    0,
    3,
    2,
    2,
    0,
    3,
    1,
    3,
    0,
    3,
    3,
    2,
    2,
    2,
    2,
    0,
    3,
    2,
    1,
    2,
    3,
    1,
    3,
    0,
    3,
    2,
    1,
    2,
    0,
    3,
    2,
    0,
    3,
    0,
    2,
    0,
    2,
    2,
    0,
    2,
    2,
    2,
    2,
    0,
    2,
    0,
    2,
    3,
    0,
    2,
    0,
    2,
    0,
    2,
    3,
    3,
    2,
    3,
    1,
    0,
    3,
    0,
    0,
    0,
    0,
    0,
    3,
    2,
    2,
    3,
    3,
    1,
    1,
    1,
    1,
    2,
    2,
    2,
    2,
    0,
    0,
    2,
    3,
    0,
    3,
    3,
    1,
    2,
    0,
    2,
    0,
    2,
    2,
    2,
    2,
    1,
    0,
    3,
    3,
    0,
    2,
    2,
    3,
    2,
    3,
    2,
    3,
    2,
    2,
    2,
    2,
    1,
    3,
    0,
    0,
    1,
    2,
    2,
    3,
    2,
    3,
    2,
    2,
    1,
    1,
    2,
    0,
    3,
    0,
    0,
    0,
    1,
    0,
    1,
    2,
    2,
    2,
    3,
    2,
    0,
    3,
    3,
    2,
    0,
    3,
    2,
    0,
    0,
    2,
    2,
    2,
    0,
    2,
    2,
    0,
    0,
    0,
    2,
    0,
    2,
    3,
    0,
    3,
    3,
    3,
    2,
    0,
    3,
    2,
    0,
    0,
    1,
    0,
    0,
    3,
    3,
    2,
    1,
    0,
    2,
    3,
    0,
    2,
    0,
    2,
    3,
    3,
    2,
    0,
    3,
    2,
    2,
    2,
    3,
    3,
    3,
    2,
    0,
    2,
    0,
    0,
    3,
    2,
    0,
    2,
    2,
    1,
    2,
    2,
    0,
    3,
    3,
    2,
    3,
    0,
    2,
    3,
    0,
    0,
    0,
    2,
    0,
    0,
    0,
    0,
    0,
    1,
    0,
    0,
    0,
    2,
    3,
    0,
    0,
    1,
    0,
    2,
    2,
    0,
    2,
    0,
    2,
    1,
    1,
    2,
    0,
    2,
    0,
    2,
    2,
    0,
    0,
    0,
    2,
    0,
    3,
    2,
    2,
    2,
    0,
    0,
    0,
    3,
    3,
    3,
    0,
    3,
    3,
    1,
    3,
    2,
    0,
    3,
    0,
    0,
    0,
    3,
    0,
    2,
    0,
    0,
    2,
    1,
    2,
    0,
    1,
    1,
    3,
    3,
    0,
    2,
    2,
    3,
    3,
    2,
    1,
    2,
    2,
    3,
    0,
    0,
    2,
    0,
    3,
    2,
    0,
    1,
    0,
    2,
    0,
    3,
    3,
    2,
    0,
    0,
    2,
    2,
    0,
    3,
    2,
    2,
    2,
    3,
    2,
    0,
    3,
    3,
    3,
    1,
    2,
    2,
    0,
    0,
    3,
    2,
    2,
    2,
    2,
    2,
    3,
    0,
    2,
    1,
    2,
    2,
    2,
    3,
    3,
    0,
    0,
    0,
    0,
    2,
    1,
    3,
    0,
    1,
    3,
    0,
    3,
    3,
    3,
    3,
    2,
    2,
    3,
    3,
    3,
    0,
    2,
    2,
    3,
    2,
    3,
    0,
    3,
    2,
    1,
    0,
    0,
    0,
    2,
    2,
    2,
    3,
    0,
    0,
    0,
    3,
    0,
    3,
    3,
    3,
    3,
    2,
    3,
    3,
    3,
    0,
    3,
    0,
    2,
    3,
    2,
    0,
    0,
    2,
    0,
    0,
    3,
    2,
    0,
    0,
    2,
    2,
    3,
    2,
    3,
    1,
    0,
    2,
    0,
    3,
    0,
    1,
    3,
    0,
    2,
    2,
    2,
    2,
    3,
    3,
    1,
    3,
    0,
    2,
    1,
    0,
    2,
    2,
    2,
    0,
    2,
    0,
    0,
    2,
    2,
    3,
    3,
    3,
    0,
    2,
    0,
    1,
    1,
    2,
    2,
    2,
    2,
    3,
    2,
    0,
    2,
    0,
    1,
    1,
    0,
    1,
    3,
    3,
    3,
    0,
    0,
    3,
    1,
    0,
    2,
    2,
    0,
    2,
    3,
    1,
    1,
    0,
    2,
    0,
    2,
    2,
    2,
    2,
    1,
    3,
    2,
    3,
    2,
    0,
    0,
    2,
    0,
    1,
    2,
    0,
    2,
    3,
    0,
    0,
    2,
    2,
    2,
    0,
    0,
    2,
    2,
    2,
    3,
    0,
    3,
    1,
    0,
    0,
    0,
    2,
    1,
    3,
    2,
    0,
    2,
    0,
    2,
    3,
    3,
    0,
    2,
    1,
    2,
    2,
    0,
    1,
    2,
    1,
    0,
    2,
    2,
    3,
    2,
    0,
    0,
    2,
    2,
    3,
    3,
    3,
    0,
    0,
    3,
    0,
    2,
    3,
    0,
    2,
    0,
    2,
    0,
    2,
    3,
    0,
    3,
    1,
    3,
    0,
    2,
    2,
    0,
    0,
    1,
    3,
    2,
    0,
    3,
    1,
    1,
    0,
    0,
    2,
    2,
    1,
    0,
    0,
    3,
    2,
    0,
    2,
    2,
    2,
    0,
    1,
    0,
    2,
    3
  ],