{
  "n_eval": 600,
  "elapsed": 516.915378420963,
  "f1_raw": 0.2013744859714458,
  "acc_raw": 0.23333333333333334,
  "f1_norm": 0.2013744859714458,
  "acc_norm": 0.23333333333333334,
  "confusion_matrix_raw": [
    [
      38,
      15,
      68,
      29
    ],
    [
      51,
      10,
      108,
      31
    ],
    [
      42,
      6,
      79,
      23
    ],
    [
      33,
      0,
      54,
      13
    ]
  ],
  "preds_raw": [
    0,
    2,
    2,
    2,
    0,
    2,
    1,
    2,
    0,
    2,
    2,
    2,
    0,
    2,
    2,
    0,
    2,
    2,
    2,
    3,
    0,
    3,
    2,
    0,
    2,
    2,
    2,
    2,
    0,
    0,
    2,
    2,
    3,
    0,
    2,
    2,
    2,
    1,
    0,
    2,
    2,
    2,
    2,
    0,
    2,
    0,
    0,
    2,
    0,
    2,
    0,
    0,
    2,
    2,
    2,
    2,
    2,
    2,
    0,
    0,
    3,
    2,
    0,
    0,
    2,
    3,
    2,
    2,
    1,
    3,
    2,
    3,
    1,
    3,
    3,
    2,
    2,
    0,
    2,
    3,
    1,
    2,
    2,
    0,
    2,
    2,
    2,
    2,
    0,
    2,
    0,
    2,
    2,
    2,
    2,
    1,
    2,
    2,
    2,
    0,
    2,
    2,
    3,
    2,
    3,
    2,
    2,
    2,
    0,
    2,
    3,
    1,
    2,
    2,
    3,
    0,
    0,
    2,
    3,
    0,
    2,
    2,
    1,
    2,
    2,
    0,
    0,
    3,
    0,
    2,
    0,
    0,
    2,
    1,
    2,
    2,
    2,
    2,
    2,
    0,
    2,
    3,
    2,
    0,
    2,
    0,
    3,
    0,
    2,
    3,
    3,
    0,
    2,
    2,
    0,
    0,
    2,
    3,
    0,
    2,
    3,
    2,
    0,
    1,
    3,
    2,
    0,
    2,
    2,
    0,
    0,
    2,
    0,
    2,
    2,
    3,
    3,
    1,
    2,
    2,
    3,
    2,
    2,
    0,
    2,
    3,
    3,
    2,
    3,
    2,
    2,
    2,
    2,
    3,
    3,
    3,
    2,
    2,
    2,
    0,
    0,
    2,
    2,
    0,
    2,
    2,
    2,
    0,
    2,
    0,
    3,
    1,
    2,
    0,
    1,
    0,
    2,
    0,
    0,
    0,
    2,
    0,
    0,
    0,
    0,
    0,
    3,
    0,
    0,
    0,
    2,
    2,
    0,
    2,
    2,
    0,
    2,
    2,
    0,
    2,
    0,
    0,
    2,
    0,
    2,
    0,
    2,
    0,
    3,
    2,
    0,
    1,
    2,
    2,
    2,
    3,
    2,
    2,
    3,
    0,
    2,
    0,
    0,
    0,
    2,
    2,
    0,
    3,
    1,
    0,
    2,
    0,
    3,
    0,
    0,
    0,
    2,
    0,
    0,
    2,
    2,
    0,
    2,
    3,
    3,
    2,
    2,
    2,
    3,
    0,
    2,
    2,
    3,
    2,
    2,
    0,
    2,
    2,
    2,
    3,
    0,
    1,
    0,
    2,
    2,
    2,
    2,
    0,
    2,
    0,
    2,
    0,
    2,
    0,
    0,
    2,
    2,
    2,
    2,
    2,
    3,
    2,
    0,
    2,
    0,
    3,
    2,
    2,
    0,
    2,
    2,
    0,
    3,
    2,
    2,
    2,
    2,
    0,
    2,
    3,
    0,
    2,
    2,
    2,
    2,
    2,
    0,
    2,
    0,
    1,
    0,
    0,
    2,
    2,
    0,
    0,
    2,
    3,
    2,
    2,
    3,
    2,
    2,
    2,
    2,
    2,
    3,
    2,
    0,
    2,
    2,
    3,
    2,
    0,
    3,
    1,
    2,
    2,
    3,
    2,
    2,
    2,
    2,
    2,
    2,
    2,
    2,
    0,
    3,
    0,
    2,
    3,
    2,
    3,
    2,
    2,
    2,
    3,
    3,
    2,
    3,
    2,
    3,
    2,
    0,
    0,
    1,
    2,
    0,
    0,
    2,
    0,
    0,
    3,
    2,
    3,
    3,
    2,
    3,
    0,
    2,
    2,
    3,
    0,
    2,
    2,
    1,
    2,
    3,
    2,
    3,
    2,
    2,
    2,
    2,
    2,
    0,
    2,
    1,
    2,
    2,
    2,
    0,
    2,
    0,
    0,
    1,
    2,
    3,
    2,
    3,
    0,
    2,
    0,
    0,
    0,
    2,
    3,
    2,
    2,
    3,
    2,
    0,
    2,
    0,
    2,
    1,
    0,
    2,
    2,
    2,
    2,
    0,
    0,
    2,
    1,
    2,
    2,
    2,
    0,
    3,
    2,
    1,
    3,
    2,
    2,
    0,
    0,
    2,
    2,
    2,
    3,
    2,
    2,
    1,
    0,
    0,
    0,
    2,
    0,
    2,
    2,
    2,
    2,
    2,
    2,
    0,
    3,
    2,
    3,
    0,
    0,
    2,
    2,
    0,
    2,
    2,
    2,
    1,
    0,
    0,
    2,
    3,
    1,
    3,
    3,
    0,
    2,
    2,
    2,
    2,
    3,
    2,
    2,
    2,
    2,
    0,
    3,
    1,
    2,
    2,
    3,
    1,
    3,
    3,
    2,
    0,
    3,
    2,
    2,
    2,
    2,
    3,
    0,
    3,
    2,
    3,
    2,
    3,
    0,
    2,
    2,
    0,
    2,
    2,
    1,
    0,
    2,
    2,
    0,
    0,
    2,
    2,
    3,
    0,
    2,
    2,
    2,
    0,
    2,
    0,
    0,
    2,
    3,
    2,
    2,
    2,
    2,
    2,
    3,
    2,
    0,
    3,
    3,
    2,
    2,
    2,
    3,
    0,
    0
  ],