{
  "n_eval": 600,
  "elapsed": 516.2546913459664,
  "f1_raw": 0.21185770462343423,
  "acc_raw": 0.245,
  "f1_norm": 0.21185770462343423,
  "acc_norm": 0.245,
  "confusion_matrix_raw": [
    [
      39,
      19,
      72,
      20
    ],
    [
      58,
      9,
      100,
      33
    ],
    [
      40,
      6,
      84,
      20
    ],
    [
      29,
      1,
      55,
      15
    ]
  ],
  "preds_raw": [
    0,
    2,
    2,
    2,
    0,
    2,
    1,
    2,
    0,
    3,
    2,
    2,
    0,
    2,
    2,
    0,
    2,
    2,
    2,
    0,
    0,
    1,
    2,
    3,
    2,
    2,
    2,
    2,
    0,
    0,
    2,
    2,
    3,
    0,
    2,
    2,
    2,
    2,
    0,
    2,
    2,
    2,
    2,
    0,
    0,
    0,
    0,
    3,
    0,
    2,
    0,
    0,
    2,
    2,
    2,
    2,
    2,
    2,
    2,
    0,
    3,
    2,
    0,
    0,
    2,
    3,
    2,
    3,
    1,
    2,
    2,
    3,
    1,
    3,
    1,
    2,
    2,
    0,
    2,
    3,
    2,
    2,
    0,
    0,
    2,
    2,
    2,
    2,
    0,
    2,
    2,
    2,
    2,
    2,
    2,
    1,
    0,
    3,
    2,
    0,
    2,
    2,
    2,
    2,
    3,
    2,
    1,
    2,
    2,
    2,
    2,
    1,
    2,
    2,
    0,
    1,
    0,
    3,
    3,
    2,
    3,
    1,
    2,
    1,
    2,
    2,
    0,
    3,
    0,
    2,
    0,
    0,
    2,
    1,
    2,
    2,
    2,
    2,
    2,
    0,
    2,
    3,
    2,
    0,
    2,
    2,
    0,
    0,
    2,
    3,
    2,
    0,
    2,
    2,
    0,
    0,
    2,
    3,
    0,
    0,
    3,
    3,
    0,
    1,
    3,
    2,
    2,
    2,
    2,
    0,
    0,
    2,
    0,
    2,
    2,
    2,
    2,
    1,
    2,
    2,
    3,
    0,
    2,
    0,
    2,
    3,
    3,
    3,
    0,
    2,
    2,
    2,
    2,
    3,
    2,
    3,
    2,
    2,
    2,
    0,
    2,
    2,
    2,
    0,
    2,
    2,
    2,
    0,
    2,
    0,
    2,
    0,
    3,
    0,
    1,
    0,
    2,
    0,
    0,
    0,
    2,
    0,
    0,
    0,
    0,
    0,
    3,
    1,
    0,
    0,
    2,
    3,
    0,
    2,
    2,
    0,
    2,
    2,
    0,
    2,
    0,
    0,
    1,
    0,
    2,
    0,
    2,
    0,
    3,
    1,
    0,
    2,
    2,
    2,
    0,
    2,
    0,
    2,
    3,
    0,
    2,
    0,
    2,
    0,
    2,
    2,
    0,
    3,
    1,
    2,
    2,
    0,
    3,
    0,
    0,
    0,
    2,
    0,
    2,
    2,
    2,
    0,
    2,
    3,
    3,
    2,
    1,
    2,
    2,
    1,
    2,
    2,
    3,
    0,
    2,
    0,
    2,
    2,
    2,
    3,
    0,
    2,
    0,
    0,
    2,
    2,
    2,
    0,
    2,
    0,
    2,
    0,
    2,
    2,
    0,
    2,
    2,
    2,
    2,
    2,
    2,
    2,
    0,
    2,
    0,
    3,
    2,
    2,
    0,
    2,
    2,
    2,
    0,
    2,
    2,
    2,
    2,
    2,
    2,
    0,
    2,
    2,
    2,
    2,
    2,
    2,
    0,
    2,
    0,
    0,
    0,
    0,
    2,
    1,
    3,
    0,
    2,
    2,
    2,
    3,
    3,
    2,
    2,
    2,
    2,
    2,
    1,
    2,
    0,
    2,
    2,
    3,
    2,
    0,
    0,
    1,
    2,
    2,
    3,
    2,
    2,
    1,
    2,
    2,
    2,
    0,
    2,
    0,
    3,
    0,
    2,
    2,
    2,
    3,
    2,
    3,
    2,
    0,
    3,
    2,
    0,
    2,
    3,
    2,
    0,
    0,
    1,
    2,
    0,
    0,
    2,
    0,
    0,
    2,
    2,
    3,
    0,
    3,
    3,
    0,
    2,
    1,
    3,
    0,
    2,
    2,
    2,
    2,
    3,
    2,
    3,
    2,
    0,
    2,
    2,
    2,
    0,
    2,
    2,
    2,
    2,
    2,
    0,
    2,
    2,
    2,
    3,
    2,
    3,
    1,
    3,
    0,
    2,
    0,
    0,
    0,
    2,
    3,
    2,
    2,
    3,
    2,
    0,
    2,
    2,
    1,
    0,
    0,
    2,
    2,
    2,
    2,
    0,
    0,
    3,
    3,
    2,
    2,
    2,
    0,
    3,
    2,
    1,
    3,
    2,
    2,
    0,
    0,
    2,
    3,
    2,
    3,
    2,
    2,
    1,
    2,
    2,
    0,
    2,
    0,
    2,
    2,
    2,
    2,
    3,
    2,
    0,
    3,
    2,
    3,
    0,
    0,
    2,
    2,
    2,
    2,
    0,
    1,
    1,
    0,
    0,
    2,
    1,
    2,
    3,
    2,
    0,
    2,
    0,
    2,
    2,
    3,
    2,
    2,
    2,
    2,
    0,
    3,
    3,
    2,
    2,
    3,
    3,
    3,
    2,
    2,
    0,
    3,
    0,
    2,
    2,
    2,
    3,
    0,
    3,
    2,
    3,
    2,
    3,
    0,
    2,
    2,
    0,
    2,
    2,
    0,
    0,
    2,
    2,
    3,
    0,
    2,
    2,
    3,
    0,
    2,
    3,
    2,
    0,
    2,
    0,
    0,
    2,
    3,
    2,
    2,
    2,
    2,
    0,
    2,
    2,
    0,
    3,
    1,
    2,
    2,
    2,
    3,
    0,
    0
  ],