{
  "n_eval": 600,
  "elapsed": 464.5305024650879,
  "f1_raw": 0.2887654447273242,
  "acc_raw": 0.31166666666666665,
  "f1_norm": 0.2887654447273242,
  "acc_norm": 0.31166666666666665,
  "confusion_matrix_raw": [
    [
      64,
      12,
      51,
      23
    ],
    [
      71,
      24,
      82,
      23
    ],
    [
      36,
      13,
      79,
      22
    ],
    [
      30,
      7,
      43,
      20
    ]
  ],
  "preds_raw": [
    0,
    2,
    3,
    2,
    0,
    0,
    2,
    2,
    2,
    3,
    2,
    1,
    0,
    2,
    2,
    0,
    2,
    3,
    0,
    1,
    0,
    0,
    0,
    0,
    2,
    2,
    2,
    2,
    0,
    1,
    2,
    0,
    3,
    0,
    2,
    0,
    2,
    0,
    0,
    3,
    0,
    3,
    0,
    1,
    2,
    1,
    2,
    3,
    1,
    2,
    0,
    0,
    2,
    0,
    2,
    2,
    2,
    2,
    0,
    2,
    3,
    3,
    0,
    0,
    2,
    1,
    2,
    2,
    0,
    3,
    2,
    2,
    0,
    3,
    1,
    2,
    3,
    2,
    2,
    2,
    3,
    2,
    3,
    3,
    0,
    2,
    1,
    2,
    0,
    2,
    0,
    2,
    3,
    0,
    0,
    0,
    0,
    2,
    3,
    3,
    0,
    0,
    2,
    1,
    2,
    2,
    2,
    2,
    1,
    2,
    2,
    0,
    2,
    0,
    0,
    0,
    0,
    2,
    2,
    0,
    1,
    0,
    0,
    0,
    0,
    0,
    0,
    2,
    0,
    2,
    0,
    0,
    3,
    0,
    2,
    0,
    2,
    2,
    2,
    0,
    1,
    0,
    2,
    0,
    2,
    3,
    3,
    0,
    0,
    3,
    2,
    3,
    0,
    0,
    0,
    0,
    3,
    2,
    0,
    3,
    3,
    3,
    3,
    1,
    3,
    2,
    2,
    2,
    0,
    0,
    0,
    2,
    0,
    2,
    1,
    3,
    0,
    2,
    0,
    2,
    0,
    1,
    2,
    0,
    2,
    3,
    3,
    2,
    2,
    2,
    2,
    2,
    2,
    3,
    2,
    3,
    0,
    3,
    1,
    0,
    0,
    2,
    2,
    3,
    0,
    2,
    1,
    1,
    2,
    0,
    0,
    2,
    1,
    0,
    2,
    3,
    2,
    0,
    3,
    0,
    2,
    0,
    0,
    1,
    1,
    2,
    0,
    0,
    0,
    2,
    1,
    2,
    0,
    2,
    2,
    2,
    2,
    0,
    0,
    2,
    3,
    0,
    1,
    0,
    2,
    0,
    2,
    2,
    2,
    0,
    1,
    0,
    3,
    0,
    0,
    2,
    2,
    2,
    3,
    0,
    0,
    0,
    3,
    1,
    2,
    0,
    0,
    1,
    0,
    0,
    2,
    0,
    2,
    0,
    0,
    1,
    3,
    0,
    0,
    3,
    0,
    2,
    2,
    3,
    3,
    2,
    1,
    2,
    3,
    1,
    1,
    3,
    2,
    0,
    2,
    0,
    2,
    2,
    2,
    0,
    3,
    0,
    0,
    0,
    2,
    0,
    2,
    0,
    2,
    3,
    2,
    1,
    2,
    2,
    0,
    0,
    2,
    2,
    1,
    1,
    2,
    2,
    2,
    2,
    0,
    2,
    2,
    2,
    3,
    2,
    2,
    2,
    1,
    2,
    3,
    0,
    2,
    3,
    2,
    0,
    0,
    2,
    2,
    1,
    0,
    2,
    0,
    2,
    1,
    0,
    0,
    2,
    0,
    2,
    2,
    2,
    2,
    2,
    3,
    2,
    0,
    2,
    2,
    2,
    2,
    2,
    0,
    2,
    2,
    2,
    2,
    3,
    2,
    0,
    2,
    3,
    1,
    2,
    0,
    0,
    0,
    2,
    2,
    0,
    2,
    2,
    0,
    0,
    2,
    0,
    0,
    3,
    2,
    2,
    2,
    3,
    0,
    0,
    0,
    2,
    0,
    2,
    3,
    2,
    2,
    0,
    2,
    2,
    0,
    2,
    2,
    1,
    0,
    2,
    2,
    0,
    1,
    2,
    0,
    0,
    2,
    3,
    2,
    0,
    2,
    2,
    3,
    2,
    2,
    1,
    2,
    2,
    0,
    2,
    2,
    2,
    2,
    2,
    3,
    2,
    0,
    2,
    3,
    2,
    0,
    2,
    1,
    2,
    2,
    2,
    3,
    0,
    0,
    0,
    3,
    0,
    1,
    3,
    2,
    2,
    3,
    2,
    0,
    2,
    0,
    0,
    0,
    0,
    2,
    2,
    0,
    2,
    0,
    0,
    2,
    1,
    0,
    1,
    2,
    0,
    2,
    2,
    0,
    3,
    2,
    0,
    0,
    2,
    2,
    3,
    2,
    0,
    2,
    2,
    2,
    2,
    3,
    0,
    2,
    3,
    0,
    2,
    3,
    2,
    2,
    0,
    2,
    2,
    2,
    3,
    0,
    0,
    2,
    2,
    0,
    2,
    1,
    0,
    0,
    0,
    0,
    2,
    3,
    2,
    2,
    3,
    0,
    1,
    2,
    3,
    0,
    0,
    2,
    2,
    1,
    2,
    2,
    0,
    3,
    2,
    2,
    3,
    2,
    2,
    2,
    2,
    0,
    3,
    2,
    2,
    0,
    2,
    3,
    0,
    3,
    0,
    3,
    2,
    2,
    0,
    0,
    0,
    3,
    2,
    2,
    2,
    3,
    2,
    0,
    2,
    0,
    1,
    1,
    0,
    0,
    2,
    1,
    2,
    0,
    0,
    1,
    3,
    2,
    0,
    2,
    2,
    0,
    1,
    3,
    1,
    0,
    2,
    2,
    3,
    0,
    0,
    2,
    1,
    3,
    1
  ],