{
  "n_eval": 600,
  "elapsed": 517.2262247770559,
  "f1_raw": 0.2171881834714261,
  "acc_raw": 0.245,
  "f1_norm": 0.2171881834714261,
  "acc_norm": 0.245,
  "confusion_matrix_raw": [
    [
      42,
      19,
      68,
      21
    ],
    [
      55,
      12,
      102,
      31
    ],
    [
      41,
      10,
      78,
      21
    ],
    [
      30,
      3,
      52,
      15
    ]
  ],
  "preds_raw": [
    0,
    2,
    2,
    2,
    0,
    2,
    1,
    2,
    0,
    2,
    2,
    2,
    0,
    2,
    2,
    0,
    2,
    2,
    2,
    1,
    0,
    3,
    2,
    3,
    2,
    2,
    2,
    2,
    0,
    0,
    2,
    2,
    3,
    0,
    2,
    0,
    2,
    1,
    0,
    2,
    2,
    2,
    2,
    0,
    2,
    0,
    0,
    2,
    0,
    2,
    0,
    0,
    2,
    2,
    2,
    2,
    3,
    2,
    0,
    0,
    3,
    2,
    0,
    0,
    2,
    0,
    2,
    3,
    1,
    1,
    2,
    3,
    1,
    3,
    3,
    2,
    3,
    2,
    2,
    3,
    2,
    2,
    3,
    3,
    2,
    2,
    2,
    2,
    0,
    3,
    0,
    0,
    3,
    0,
    2,
    1,
    0,
    3,
    2,
    0,
    2,
    2,
    2,
    2,
    3,
    2,
    2,
    2,
    0,
    2,
    2,
    1,
    2,
    0,
    3,
    0,
    2,
    2,
    3,
    0,
    3,
    1,
    1,
    2,
    2,
    2,
    0,
    1,
    0,
    2,
    0,
    1,
    2,
    2,
    2,
    2,
    2,
    2,
    2,
    0,
    2,
    3,
    2,
    0,
    2,
    2,
    0,
    0,
    2,
    2,
    3,
    0,
    2,
    2,
    0,
    1,
    0,
    3,
    3,
    0,
    3,
    2,
    0,
    2,
    3,
    2,
    2,
    2,
    2,
    0,
    2,
    1,
    3,
    0,
    2,
    2,
    2,
    1,
    2,
    2,
    3,
    1,
    2,
    0,
    2,
    3,
    3,
    2,
    0,
    2,
    2,
    2,
    2,
    3,
    2,
    3,
    2,
    2,
    0,
    0,
    0,
    2,
    2,
    2,
    2,
    2,
    2,
    0,
    0,
    0,
    3,
    1,
    2,
    0,
    1,
    3,
    2,
    0,
    0,
    0,
    2,
    0,
    0,
    0,
    0,
    0,
    3,
    0,
    0,
    0,
    2,
    0,
    0,
    1,
    2,
    0,
    2,
    2,
    0,
    2,
    0,
    0,
    1,
    0,
    2,
    0,
    2,
    0,
    3,
    2,
    0,
    2,
    2,
    2,
    0,
    3,
    2,
    2,
    3,
    0,
    2,
    0,
    0,
    0,
    2,
    2,
    2,
    3,
    1,
    0,
    2,
    0,
    3,
    0,
    0,
    0,
    2,
    0,
    2,
    2,
    2,
    0,
    2,
    3,
    3,
    2,
    2,
    2,
    2,
    1,
    2,
    2,
    3,
    3,
    2,
    1,
    2,
    2,
    2,
    3,
    0,
    2,
    0,
    2,
    2,
    0,
    2,
    0,
    2,
    0,
    2,
    0,
    2,
    1,
    0,
    2,
    2,
    2,
    2,
    2,
    2,
    2,
    0,
    2,
    0,
    3,
    0,
    2,
    0,
    2,
    2,
    0,
    3,
    2,
    2,
    2,
    2,
    3,
    2,
    2,
    0,
    0,
    2,
    2,
    2,
    2,
    0,
    2,
    0,
    0,
    0,
    0,
    2,
    1,
    0,
    0,
    2,
    2,
    2,
    2,
    3,
    2,
    2,
    2,
    2,
    2,
    0,
    2,
    0,
    2,
    2,
    3,
    2,
    0,
    2,
    1,
    2,
    2,
    3,
    2,
    0,
    2,
    2,
    0,
    2,
    2,
    2,
    0,
    3,
    0,
    2,
    3,
    2,
    3,
    2,
    2,
    2,
    2,
    0,
    2,
    0,
    2,
    3,
    2,
    0,
    0,
    1,
    2,
    0,
    0,
    2,
    0,
    0,
    2,
    2,
    3,
    0,
    3,
    3,
    0,
    2,
    2,
    3,
    2,
    2,
    2,
    1,
    2,
    3,
    2,
    3,
    2,
    2,
    2,
    2,
    2,
    0,
    1,
    1,
    2,
    1,
    2,
    0,
    2,
    2,
    0,
    1,
    2,
    3,
    2,
    3,
    0,
    1,
    0,
    0,
    0,
    2,
    3,
    2,
    2,
    1,
    2,
    0,
    3,
    2,
    2,
    0,
    0,
    2,
    2,
    2,
    2,
    0,
    0,
    3,
    3,
    2,
    2,
    2,
    0,
    3,
    2,
    2,
    3,
    2,
    2,
    0,
    0,
    3,
    2,
    2,
    3,
    2,
    2,
    1,
    0,
    1,
    0,
    2,
    0,
    2,
    2,
    2,
    2,
    3,
    2,
    0,
    3,
    2,
    3,
    0,
    0,
    2,
    2,
    0,
    2,
    2,
    1,
    1,
    0,
    0,
    2,
    1,
    1,
    3,
    2,
    0,
    2,
    1,
    2,
    2,
    3,
    2,
    2,
    2,
    2,
    0,
    3,
    3,
    1,
    2,
    2,
    1,
    3,
    2,
    2,
    0,
    3,
    3,
    2,
    2,
    2,
    0,
    0,
    0,
    2,
    3,
    2,
    3,
    0,
    2,
    2,
    2,
    2,
    2,
    3,
    0,
    2,
    2,
    0,
    0,
    2,
    2,
    3,
    0,
    2,
    2,
    2,
    0,
    2,
    0,
    0,
    2,
    3,
    2,
    2,
    2,
    2,
    0,
    0,
    2,
    0,
    3,
    1,
    2,
    2,
    2,
    3,
    2,
    0
  ],