{
  "n_eval": 600,
  "elapsed": 516.9999811120797,
  "f1_raw": 0.2542675156643186,
  "acc_raw": 0.265,
  "f1_norm": 0.2542675156643186,
  "acc_norm": 0.265,
  "confusion_matrix_raw": [
    [
      44,
      39,
      32,
      35
    ],
    [
      51,
      64,
      41,
      44
    ],
    [
      50,
      44,
      30,
      26
    ],
    [
      38,
      27,
      14,
      21
    ]
  ],
  "preds_raw": [
    0,
    1,
    2,
    1,
    0,
    3,
    1,
    1,
    0,
    2,
    3,
    1,
    3,
    1,
    2,
    0,
    3,
    3,
    1,
    2,
    3,
    3,
    3,
    0,
    3,
    2,
    1,
    2,
    0,
    2,
    1,
    0,
    3,
    2,
    1,
    0,
    1,
    1,
    0,
    3,
    3,
    2,
    1,
    2,
    2,
    0,
    0,
    2,
    0,
    2,
    0,
    2,
    1,
    1,
    3,
    3,
    2,
    3,
    1,
    0,
    3,
    0,
    0,
    3,
    1,
    0,
    1,
    3,
    1,
    2,
    1,
    1,
    1,
    1,
    2,
    2,
    2,
    2,
    2,
    0,
    2,
    2,
    3,
    0,
    1,
    1,
    1,
    3,
    2,
    2,
    0,
    0,
    0,
    2,
    1,
    1,
    0,
    3,
    3,
    0,
    2,
    1,
    3,
    2,
    3,
    2,
    1,
    1,
    3,
    1,
    2,
    1,
    1,
    0,
    0,
    0,
    2,
    2,
    3,
    2,
    2,
    1,
    1,
    1,
    1,
    3,
    0,
    0,
    0,
    1,
    0,
    1,
    0,
    1,
    1,
    2,
    1,
    1,
    2,
    0,
    1,
    3,
    1,
    0,
    3,
    0,
    3,
    0,
    3,
    0,
    2,
    0,
    2,
    1,
    0,
    0,
    0,
    1,
    0,
    0,
    3,
    0,
    3,
    3,
    3,
    1,
    0,
    2,
    1,
    0,
    0,
    1,
    0,
    0,
    1,
    2,
    0,
    1,
    0,
    3,
    3,
    0,
    1,
    0,
    2,
    3,
    1,
    2,
    0,
    3,
    1,
    2,
    1,
    2,
    3,
    3,
    1,
    0,
    3,
    0,
    0,
    1,
    1,
    0,
    0,
    3,
    1,
    2,
    2,
    0,
    3,
    3,
    2,
    0,
    0,
    2,
    3,
    0,
    1,
    0,
    2,
    0,
    0,
    0,
    0,
    0,
    3,
    0,
    0,
    0,
    1,
    2,
    0,
    1,
    1,
    0,
    1,
    2,
    0,
    1,
    0,
    2,
    3,
    1,
    1,
    0,
    2,
    0,
    3,
    1,
    0,
    1,
    3,
    1,
    0,
    0,
    2,
    1,
    3,
    0,
    0,
    2,
    3,
    2,
    3,
    3,
    1,
    2,
    1,
    2,
    1,
    1,
    2,
    0,
    0,
    0,
    3,
    0,
    0,
    0,
    0,
    0,
    1,
    3,
    3,
    1,
    1,
    1,
    3,
    0,
    3,
    2,
    3,
    0,
    1,
    1,
    0,
    1,
    1,
    0,
    0,
    1,
    0,
    2,
    3,
    0,
    1,
    0,
    1,
    0,
    1,
    0,
    1,
    0,
    0,
    1,
    3,
    1,
    3,
    1,
    3,
    1,
    0,
    2,
    0,
    3,
    0,
    1,
    0,
    3,
    3,
    2,
    0,
    1,
    2,
    1,
    0,
    2,
    2,
    3,
    0,
    3,
    1,
    1,
    2,
    1,
    2,
    1,
    0,
    0,
    0,
    0,
    1,
    0,
    2,
    0,
    1,
    2,
    0,
    3,
    3,
    3,
    1,
    2,
    2,
    1,
    3,
    3,
    0,
    1,
    1,
    3,
    1,
    2,
    1,
    3,
    2,
    1,
    0,
    1,
    0,
    2,
    1,
    2,
    1,
    0,
    1,
    0,
    3,
    0,
    1,
    2,
    3,
    3,
    2,
    3,
    3,
    3,
    3,
    1,
    0,
    2,
    3,
    3,
    0,
    0,
    1,
    1,
    0,
    3,
    1,
    0,
    1,
    2,
    2,
    3,
    2,
    3,
    3,
    0,
    1,
    0,
    3,
    0,
    1,
    3,
    1,
    2,
    3,
    2,
    2,
    3,
    1,
    1,
    1,
    1,
    2,
    1,
    0,
    2,
    1,
    2,
    3,
    1,
    0,
    0,
    1,
    2,
    3,
    1,
    3,
    0,
    1,
    0,
    1,
    0,
    1,
    2,
    2,
    1,
    3,
    1,
    0,
    2,
    0,
    1,
    0,
    0,
    1,
    1,
    1,
    3,
    0,
    0,
    2,
    3,
    0,
    2,
    1,
    0,
    1,
    3,
    1,
    3,
    1,
    2,
    0,
    2,
    2,
    0,
    1,
    3,
    3,
    1,
    0,
    2,
    0,
    0,
    3,
    0,
    1,
    3,
    0,
    2,
    3,
    2,
    0,
    2,
    0,
    3,
    0,
    0,
    1,
    2,
    3,
    1,
    0,
    1,
    1,
    0,
    3,
    1,
    1,
    1,
    3,
    2,
    0,
    1,
    0,
    0,
    3,
    3,
    1,
    2,
    1,
    1,
    2,
    3,
    1,
    1,
    1,
    0,
    0,
    3,
    3,
    1,
    0,
    3,
    3,
    2,
    3,
    3,
    0,
    0,
    0,
    3,
    2,
    2,
    3,
    0,
    0,
    0,
    2,
    0,
    2,
    3,
    2,
    3,
    1,
    1,
    0,
    1,
    2,
    0,
    0,
    1,
    3,
    2,
    0,
    3,
    0,
    3,
    0,
    2,
    1,
    1,
    1,
    1,
    0,
    0,
    1,
    0,
    2,
    2,
    0,
    1,
    1,
    0,
    2,
    0
  ],