{
  "n_eval": 600,
  "elapsed": 312.51096785394475,
  "f1_raw": 0.2191575143769501,
  "acc_raw": 0.27,
  "f1_norm": 0.2191575143769501,
  "acc_norm": 0.27,
  "confusion_matrix_raw": [
    [
      71,
      24,
      48,
      7
    ],
    [
      101,
      25,
      69,
      5
    ],
    [
      61,
      21,
      65,
      3
    ],
    [
      52,
      16,
      31,
      1
    ]
  ],
  "preds_raw": [
    2,
    1,
    0,
    0,
    0,
    2,
    0,
    2,
    2,
    0,
    2,
    1,
    0,
    1,
    0,
    2,
    1,
    0,
    2,
    0,
    0,
    0,
    2,
    0,
    0,
    0,
    2,
    2,
    0,
    0,
    0,
    0,
    2,
    2,
    3,
    0,
    0,
    0,
    0,
    0,
    2,
    0,
    0,
    0,
    2,
    0,
    2,
    0,
    0,
    0,
    0,
    2,
    0,
    3,
    0,
    2,
    0,
    2,
    2,
    1,
    2,
    1,
    0,
    0,
    0,
    0,
    2,
    0,
    0,
    0,
    2,
    0,
    1,
    0,
    3,
    2,
    0,
    2,
    0,
    0,
    2,
    1,
    0,
    0,
    1,
    0,
    0,
    0,
    0,
    0,
    0,
    1,
    0,
    0,
    2,
    1,
    0,
    2,
    0,
    0,
    2,
    2,
    0,
    0,
    2,
    2,
    0,
    0,
    0,
    0,
    2,
    2,
    0,
    1,
    2,
    2,
    3,
    2,
    0,
    0,
    0,
    1,
    0,
    1,
    1,
    2,
    2,
    0,
    0,
    0,
    0,
    0,
    0,
    0,
    0,
    0,
    2,
    1,
    0,
    1,
    1,
    1,
    2,
    0,
    0,
    0,
    1,
    2,
    0,
    0,
    2,
    2,
    1,
    1,
    0,
    2,
    0,
    0,
    0,
    1,
    0,
    0,
    0,
    0,
    1,
    2,
    0,
    0,
    0,
    0,
    2,
    0,
    2,
    2,
    1,
    1,
    0,
    0,
    2,
    3,
    0,
    1,
    1,
    3,
    1,
    2,
    2,
    2,
    0,
    2,
    2,
    0,
    1,
    2,
    0,
    0,
    2,
    2,
    2,
    0,
    2,
    2,
    1,
    2,
    2,
    0,
    2,
    0,
    2,
    0,
    0,
    0,
    2,
    0,
    0,
    2,
    0,
    2,
    0,
    2,
    2,
    1,
    2,
    2,
    0,
    2,
    0,
    2,
    0,
    0,
    0,
    2,
    2,
    1,
    1,
    2,
    0,
    2,
    0,
    2,
    1,
    0,
    0,
    2,
    0,
    0,
    0,
    2,
    2,
    2,
    0,
    1,
    0,
    0,
    0,
    2,
    2,
    1,
    0,
    0,
    2,
    1,
    2,
    0,
    2,
    2,
    2,
    2,
    2,
    1,
    2,
    2,
    1,
    2,
    2,
    0,
    0,
    0,
    0,
    1,
    0,
    2,
    1,
    1,
    0,
    2,
    2,
    2,
    0,
    0,
    1,
    2,
    0,
    3,
    0,
    1,
    2,
    3,
    0,
    2,
    0,
    2,
    0,
    0,
    0,
    2,
    2,
    0,
    2,
    2,
    0,
    2,
    2,
    0,
    0,
    2,
    2,
    2,
    0,
    2,
    0,
    0,
    2,
    0,
    1,
    0,
    1,
    2,
    0,
    0,
    2,
    2,
    0,
    1,
    3,
    1,
    0,
    0,
    3,
    2,
    0,
    0,
    0,
    2,
    2,
    2,
    1,
    1,
    0,
    0,
    2,
    1,
    0,
    0,
    2,
    0,
    0,
    0,
    0,
    0,
    0,
    0,
    2,
    0,
    0,
    1,
    0,
    2,
    2,
    0,
    0,
    2,
    2,
    0,
    2,
    0,
    0,
    1,
    2,
    2,
    2,
    2,
    2,
    2,
    1,
    0,
    3,
    0,
    2,
    0,
    2,
    2,
    2,
    1,
    1,
    2,
    2,
    0,
    2,
    2,
    0,
    2,
    0,
    2,
    0,
    2,
    1,
    2,
    1,
    2,
    0,
    0,
    1,
    0,
    0,
    0,
    3,
    2,
    1,
    0,
    1,
    0,
    2,
    0,
    2,
    0,
    0,
    0,
    2,
    0,
    0,
    0,
    2,
    0,
    0,
    0,
    0,
    2,
    0,
    0,
    2,
    0,
    0,
    2,
    1,
    2,
    1,
    0,
    0,
    0,
    0,
    0,
    0,
    0,
    0,
    0,
    1,
    2,
    2,
    2,
    3,
    2,
    0,
    0,
    0,
    2,
    0,
    0,
    2,
    2,
    2,
    1,
    1,
    0,
    0,
    2,
    2,
    0,
    2,
    2,
    0,
    0,
    2,
    0,
    0,
    1,
    2,
    0,
    0,
    2,
    2,
    0,
    1,
    0,
    0,
    2,
    0,
    0,
    2,
    2,
    2,
    0,
    0,
    0,
    2,
    0,
    0,
    2,
    2,
    0,
    0,
    0,
    0,
    2,
    2,
    2,
    0,
    1,
    2,
    1,
    0,
    1,
    0,
    2,
    2,
    0,
    0,
    2,
    0,
    0,
    2,
    2,
    2,
    1,
    0,
    1,
    2,
    1,
    0,
    1,
    0,
    0,
    0,
    0,
    0,
    1,
    0,
    0,
    0,
    2,
    1,
    0,
    1,
    1,
    2,
    0,
    0,
    0,
    3,
    2,
    0,
    2,
    2,
    2,
    0,
    0,
    2,
    0,
    0,
    2,
    2,
    2,
    0,
    0,
    2,
    1,
    2,
    0,
    2,
    2,
    0,
    0,
    2,
    3,
    2,
    1,
    0,
    1,
    2,
    0,
    1,
    2,
    2,
    2,
    3,
    2,
    0,
    1,
    1,
    2
  ],