{
  "n_eval": 600,
  "elapsed": 312.22527256491594,
  "f1_raw": 0.20412997133664545,
  "acc_raw": 0.24833333333333332,
  "f1_norm": 0.20412997133664545,
  "acc_norm": 0.24833333333333332,
  "confusion_matrix_raw": [
    [
      66,
      21,
      55,
      8
    ],
    [
      94,
      18,
      83,
      5
    ],
    [
      64,
      14,
      62,
      10
    ],
    [
      46,
      12,
      39,
      3
    ]
  ],
  "preds_raw": [
    1,
    2,
    0,
    0,
    0,
    0,
    0,
    2,
    2,
    0,
    2,
    2,
    0,
    2,
    0,
    2,
    3,
    0,
    2,
    0,
    0,
    0,
    2,
    0,
    0,
    2,
    2,
    2,
    2,
    0,
    0,
    0,
    2,
    0,
    3,
    0,
    0,
    0,
    0,
    0,
    1,
    2,
    2,
    0,
    2,
    0,
    2,
    0,
    0,
    0,
    0,
    2,
    0,
    2,
    0,
    2,
    0,
    2,
    2,
    1,
    2,
    1,
    2,
    0,
    2,
    0,
    2,
    0,
    2,
    0,
    2,
    0,
    2,
    0,
    3,
    2,
    0,
    2,
    1,
    0,
    2,
    1,
    0,
    0,
    1,
    2,
    0,
    0,
    0,
    0,
    0,
    1,
    0,
    0,
    2,
    2,
    0,
    2,
    0,
    1,
    2,
    2,
    0,
    0,
    1,
    0,
    0,
    2,
    0,
    0,
    2,
    2,
    0,
    1,
    2,
    2,
    1,
    2,
    1,
    2,
    2,
    2,
    0,
    3,
    2,
    2,
    2,
    0,
    0,
    0,
    0,
    0,
    0,
    0,
    0,
    0,
    2,
    2,
    0,
    2,
    2,
    1,
    2,
    1,
    0,
    3,
    0,
    2,
    0,
    1,
    2,
    2,
    1,
    2,
    0,
    2,
    0,
    2,
    0,
    2,
    0,
    0,
    0,
    2,
    1,
    2,
    0,
    0,
    0,
    0,
    0,
    0,
    2,
    2,
    2,
    1,
    0,
    0,
    1,
    1,
    0,
    2,
    0,
    3,
    2,
    2,
    2,
    2,
    0,
    2,
    1,
    0,
    2,
    2,
    0,
    0,
    2,
    2,
    0,
    0,
    1,
    1,
    2,
    2,
    2,
    0,
    0,
    0,
    2,
    0,
    0,
    0,
    1,
    2,
    0,
    2,
    0,
    0,
    0,
    2,
    2,
    2,
    2,
    2,
    0,
    2,
    0,
    2,
    0,
    0,
    0,
    2,
    3,
    2,
    2,
    2,
    0,
    2,
    1,
    2,
    1,
    0,
    2,
    0,
    0,
    0,
    0,
    2,
    0,
    2,
    2,
    2,
    0,
    2,
    0,
    1,
    2,
    1,
    0,
    0,
    2,
    1,
    2,
    0,
    2,
    2,
    3,
    2,
    2,
    0,
    2,
    0,
    0,
    2,
    2,
    2,
    0,
    0,
    0,
    0,
    2,
    0,
    1,
    1,
    2,
    2,
    2,
    2,
    0,
    0,
    0,
    2,
    1,
    3,
    0,
    2,
    2,
    3,
    1,
    0,
    0,
    2,
    0,
    0,
    0,
    2,
    2,
    0,
    2,
    2,
    0,
    0,
    0,
    0,
    2,
    2,
    2,
    2,
    0,
    2,
    0,
    0,
    1,
    0,
    2,
    1,
    1,
    2,
    2,
    0,
    1,
    2,
    0,
    0,
    0,
    2,
    0,
    0,
    3,
    2,
    0,
    0,
    0,
    2,
    0,
    2,
    1,
    2,
    0,
    1,
    0,
    1,
    0,
    2,
    2,
    0,
    0,
    0,
    1,
    0,
    0,
    0,
    2,
    3,
    0,
    2,
    2,
    2,
    2,
    0,
    2,
    2,
    2,
    0,
    1,
    0,
    0,
    2,
    2,
    2,
    0,
    2,
    2,
    2,
    1,
    0,
    3,
    0,
    2,
    0,
    2,
    3,
    2,
    1,
    1,
    2,
    2,
    0,
    0,
    2,
    0,
    2,
    0,
    3,
    0,
    3,
    2,
    2,
    1,
    2,
    0,
    1,
    0,
    0,
    2,
    0,
    1,
    2,
    1,
    0,
    2,
    1,
    0,
    0,
    2,
    2,
    2,
    0,
    3,
    0,
    0,
    0,
    2,
    0,
    0,
    0,
    0,
    2,
    0,
    0,
    2,
    0,
    0,
    2,
    2,
    0,
    1,
    0,
    2,
    0,
    0,
    0,
    0,
    0,
    0,
    0,
    2,
    2,
    2,
    2,
    3,
    1,
    0,
    2,
    0,
    3,
    0,
    0,
    2,
    2,
    2,
    2,
    2,
    0,
    0,
    2,
    1,
    0,
    2,
    2,
    0,
    0,
    2,
    0,
    2,
    1,
    3,
    0,
    2,
    2,
    2,
    0,
    2,
    0,
    0,
    2,
    3,
    0,
    2,
    2,
    2,
    0,
    0,
    0,
    2,
    0,
    0,
    0,
    0,
    0,
    0,
    0,
    2,
    2,
    2,
    2,
    0,
    2,
    2,
    1,
    0,
    2,
    0,
    2,
    2,
    0,
    0,
    2,
    0,
    2,
    2,
    2,
    2,
    1,
    0,
    0,
    2,
    0,
    0,
    2,
    0,
    0,
    0,
    0,
    0,
    0,
    0,
    0,
    0,
    2,
    1,
    0,
    2,
    1,
    2,
    1,
    0,
    0,
    2,
    1,
    0,
    0,
    2,
    0,
    0,
    0,
    2,
    0,
    2,
    0,
    3,
    2,
    0,
    0,
    2,
    2,
    2,
    2,
    1,
    0,
    0,
    0,
    0,
    3,
    2,
    2,
    1,
    1,
    2,
    0,
    2,
    1,
    2,
    2,
    3,
    3,
    0,
    3,
    2,
    2
  ],