{
  "n_eval": 600,
  "elapsed": 312.53328545799013,
  "f1_raw": 0.20486290637877322,
  "acc_raw": 0.25666666666666665,
  "f1_norm": 0.20486290637877322,
  "acc_norm": 0.25666666666666665,
  "confusion_matrix_raw": [
    [
      70,
      21,
      51,
      8
    ],
    [
      98,
      19,
      79,
      4
    ],
    [
      62,
      18,
      64,
      6
    ],
    [
      50,
      13,
      36,
      1
    ]
  ],
  "preds_raw": [
    2,
    1,
    0,
    0,
    0,
    2,
    0,
    2,
    1,
    0,
    2,
    2,
    0,
    2,
    0,
    2,
    3,
    0,
    2,
    0,
    0,
    1,
    1,
    0,
    0,
    2,
    2,
    2,
    0,
    0,
    0,
    0,
    2,
    2,
    1,
    0,
    0,
    0,
    0,
    0,
    2,
    0,
    2,
    0,
    2,
    0,
    2,
    0,
    0,
    0,
    0,
    2,
    0,
    1,
    0,
    2,
    0,
    2,
    2,
    1,
    2,
    0,
    0,
    0,
    0,
    0,
    2,
    0,
    1,
    0,
    2,
    0,
    2,
    2,
    3,
    2,
    0,
    2,
    0,
    0,
    2,
    1,
    0,
    0,
    1,
    2,
    0,
    0,
    0,
    0,
    0,
    1,
    0,
    0,
    2,
    2,
    0,
    2,
    0,
    3,
    2,
    2,
    0,
    0,
    2,
    0,
    0,
    2,
    0,
    0,
    2,
    2,
    0,
    1,
    2,
    2,
    3,
    2,
    0,
    0,
    0,
    2,
    0,
    1,
    2,
    2,
    2,
    0,
    0,
    0,
    0,
    0,
    0,
    0,
    0,
    0,
    2,
    2,
    0,
    1,
    2,
    0,
    2,
    0,
    0,
    2,
    0,
    2,
    0,
    1,
    2,
    2,
    1,
    2,
    0,
    2,
    0,
    2,
    0,
    1,
    0,
    2,
    0,
    2,
    1,
    2,
    0,
    0,
    1,
    0,
    2,
    0,
    0,
    2,
    1,
    1,
    0,
    0,
    2,
    2,
    0,
    1,
    2,
    3,
    2,
    0,
    2,
    2,
    0,
    2,
    2,
    0,
    2,
    0,
    0,
    0,
    2,
    0,
    0,
    0,
    2,
    1,
    2,
    2,
    2,
    0,
    2,
    0,
    2,
    0,
    0,
    2,
    2,
    2,
    0,
    2,
    1,
    2,
    0,
    2,
    2,
    2,
    2,
    2,
    0,
    2,
    0,
    2,
    0,
    0,
    1,
    2,
    2,
    2,
    2,
    3,
    0,
    2,
    1,
    2,
    1,
    0,
    0,
    0,
    0,
    0,
    0,
    2,
    2,
    2,
    2,
    1,
    0,
    1,
    0,
    2,
    2,
    0,
    0,
    0,
    2,
    1,
    2,
    0,
    0,
    2,
    1,
    2,
    1,
    1,
    2,
    0,
    0,
    2,
    2,
    0,
    0,
    0,
    0,
    1,
    0,
    0,
    1,
    1,
    0,
    2,
    2,
    2,
    0,
    0,
    1,
    2,
    0,
    3,
    0,
    2,
    2,
    3,
    0,
    2,
    0,
    2,
    0,
    0,
    0,
    2,
    2,
    0,
    2,
    2,
    0,
    0,
    2,
    0,
    0,
    2,
    2,
    2,
    0,
    2,
    3,
    0,
    2,
    0,
    0,
    0,
    1,
    2,
    2,
    0,
    2,
    2,
    0,
    0,
    3,
    2,
    0,
    0,
    1,
    2,
    0,
    0,
    0,
    2,
    0,
    2,
    1,
    2,
    0,
    0,
    0,
    1,
    0,
    0,
    2,
    0,
    0,
    0,
    1,
    0,
    0,
    0,
    2,
    0,
    2,
    2,
    0,
    2,
    2,
    0,
    0,
    2,
    2,
    0,
    2,
    0,
    0,
    2,
    2,
    2,
    2,
    2,
    2,
    2,
    1,
    0,
    3,
    0,
    3,
    0,
    2,
    2,
    2,
    1,
    1,
    2,
    2,
    0,
    2,
    2,
    0,
    2,
    0,
    2,
    0,
    1,
    2,
    2,
    1,
    2,
    0,
    0,
    0,
    2,
    0,
    0,
    3,
    0,
    1,
    0,
    2,
    0,
    2,
    0,
    2,
    0,
    2,
    0,
    0,
    0,
    0,
    0,
    2,
    0,
    0,
    0,
    0,
    0,
    0,
    0,
    2,
    0,
    0,
    2,
    1,
    2,
    1,
    0,
    0,
    0,
    0,
    0,
    0,
    0,
    0,
    0,
    2,
    2,
    2,
    2,
    3,
    1,
    0,
    2,
    0,
    2,
    0,
    0,
    2,
    2,
    2,
    1,
    1,
    0,
    1,
    2,
    2,
    0,
    0,
    2,
    0,
    0,
    2,
    0,
    2,
    1,
    3,
    0,
    0,
    1,
    2,
    3,
    1,
    2,
    0,
    2,
    2,
    0,
    1,
    2,
    2,
    0,
    0,
    0,
    2,
    0,
    0,
    0,
    2,
    0,
    0,
    0,
    0,
    1,
    2,
    2,
    0,
    2,
    2,
    1,
    0,
    2,
    2,
    2,
    2,
    0,
    0,
    2,
    0,
    2,
    2,
    2,
    2,
    1,
    0,
    1,
    2,
    1,
    0,
    2,
    0,
    0,
    0,
    0,
    0,
    0,
    0,
    0,
    0,
    2,
    1,
    0,
    1,
    1,
    2,
    2,
    0,
    0,
    3,
    1,
    0,
    0,
    2,
    0,
    0,
    0,
    2,
    0,
    1,
    0,
    2,
    2,
    0,
    0,
    2,
    2,
    2,
    2,
    2,
    0,
    0,
    0,
    0,
    3,
    2,
    2,
    0,
    1,
    2,
    0,
    2,
    2,
    2,
    0,
    3,
    2,
    0,
    1,
    1,
    2
  ],