{
  "n_eval": 600,
  "elapsed": 288.21262924489565,
  "f1_raw": 0.26897742925410173,
  "acc_raw": 0.28833333333333333,
  "f1_norm": 0.26897742925410173,
  "acc_norm": 0.28833333333333333,
  "confusion_matrix_raw": [
    [
      68,
      34,
      34,
      14
    ],
    [
      86,
      56,
      46,
      12
    ],
    [
      74,
      27,
      36,
      13
    ],
    [
      46,
      14,
      27,
      13
    ]
  ],
  "preds_raw": [
    2,
    1,
    0,
    1,
    0,
    2,
    0,
    3,
    2,
    0,
    0,
    1,
    0,
    1,
    0,
    2,
    0,
    2,
    1,
    0,
    3,
    0,
    0,
    0,
    0,
    0,
    3,
    0,
    0,
    0,
    2,
    0,
    2,
    2,
    1,
    0,
    2,
    2,
    0,
    0,
    2,
    0,
    0,
    1,
    2,
    0,
    2,
    0,
    0,
    3,
    2,
    2,
    0,
    3,
    0,
    1,
    1,
    0,
    0,
    0,
    0,
    3,
    2,
    0,
    0,
    0,
    1,
    3,
    3,
    0,
    1,
    2,
    1,
    3,
    1,
    2,
    0,
    2,
    0,
    0,
    0,
    2,
    0,
    0,
    1,
    0,
    0,
    0,
    1,
    0,
    0,
    2,
    0,
    0,
    1,
    1,
    0,
    3,
    0,
    3,
    1,
    2,
    0,
    1,
    0,
    0,
    0,
    2,
    0,
    1,
    1,
    2,
    0,
    0,
    0,
    0,
    3,
    0,
    0,
    2,
    0,
    1,
    1,
    3,
    1,
    3,
    2,
    0,
    0,
    0,
    2,
    0,
    2,
    0,
    0,
    0,
    1,
    1,
    1,
    1,
    1,
    0,
    1,
    0,
    0,
    2,
    1,
    2,
    0,
    0,
    2,
    0,
    0,
    1,
    1,
    2,
    0,
    0,
    1,
    1,
    0,
    2,
    0,
    2,
    2,
    1,
    1,
    0,
    3,
    2,
    0,
    1,
    2,
    2,
    0,
    1,
    2,
    0,
    2,
    2,
    2,
    3,
    2,
    3,
    2,
    2,
    3,
    2,
    0,
    0,
    1,
    0,
    1,
    0,
    0,
    0,
    1,
    2,
    2,
    2,
    0,
    2,
    1,
    2,
    2,
    0,
    3,
    1,
    2,
    0,
    0,
    3,
    2,
    2,
    0,
    0,
    1,
    2,
    0,
    1,
    0,
    2,
    0,
    2,
    0,
    0,
    0,
    1,
    0,
    0,
    1,
    0,
    2,
    1,
    1,
    2,
    0,
    0,
    2,
    1,
    2,
    0,
    0,
    2,
    2,
    0,
    0,
    1,
    0,
    1,
    2,
    1,
    1,
    3,
    2,
    2,
    3,
    2,
    0,
    0,
    2,
    1,
    2,
    0,
    0,
    2,
    2,
    1,
    1,
    0,
    3,
    2,
    1,
    0,
    0,
    1,
    0,
    0,
    0,
    0,
    2,
    0,
    1,
    0,
    0,
    1,
    3,
    1,
    0,
    0,
    0,
    2,
    1,
    1,
    1,
    1,
    2,
    0,
    2,
    2,
    0,
    1,
    0,
    0,
    0,
    0,
    1,
    0,
    3,
    3,
    0,
    0,
    2,
    0,
    2,
    2,
    1,
    0,
    0,
    1,
    0,
    1,
    2,
    2,
    3,
    0,
    0,
    1,
    0,
    2,
    2,
    0,
    0,
    2,
    2,
    1,
    0,
    0,
    3,
    3,
    2,
    0,
    0,
    1,
    0,
    3,
    3,
    1,
    3,
    0,
    0,
    0,
    0,
    2,
    0,
    0,
    1,
    0,
    2,
    0,
    0,
    0,
    1,
    2,
    0,
    1,
    3,
    2,
    2,
    0,
    0,
    0,
    1,
    0,
    2,
    0,
    0,
    1,
    2,
    1,
    1,
    1,
    1,
    2,
    2,
    0,
    2,
    0,
    3,
    0,
    1,
    2,
    3,
    0,
    1,
    3,
    2,
    0,
    1,
    1,
    0,
    0,
    0,
    2,
    0,
    1,
    1,
    1,
    2,
    2,
    0,
    0,
    0,
    0,
    0,
    0,
    3,
    2,
    1,
    0,
    1,
    1,
    0,
    0,
    2,
    0,
    0,
    1,
    2,
    1,
    0,
    0,
    0,
    2,
    0,
    1,
    0,
    0,
    0,
    0,
    2,
    0,
    0,
    1,
    3,
    0,
    1,
    1,
    0,
    0,
    0,
    0,
    2,
    2,
    3,
    1,
    1,
    2,
    3,
    1,
    0,
    0,
    2,
    3,
    0,
    0,
    0,
    0,
    1,
    1,
    0,
    1,
    1,
    0,
    0,
    0,
    2,
    0,
    2,
    2,
    0,
    0,
    1,
    3,
    2,
    0,
    1,
    0,
    0,
    2,
    1,
    0,
    0,
    0,
    2,
    0,
    2,
    0,
    2,
    3,
    1,
    0,
    0,
    0,
    2,
    2,
    0,
    0,
    0,
    0,
    1,
    0,
    0,
    2,
    2,
    1,
    2,
    1,
    1,
    2,
    0,
    1,
    2,
    0,
    3,
    0,
    0,
    2,
    0,
    2,
    1,
    1,
    0,
    2,
    0,
    0,
    2,
    0,
    0,
    1,
    2,
    0,
    3,
    0,
    0,
    1,
    0,
    0,
    0,
    0,
    1,
    0,
    0,
    1,
    0,
    0,
    0,
    3,
    2,
    2,
    0,
    3,
    0,
    1,
    0,
    0,
    2,
    0,
    1,
    2,
    0,
    1,
    0,
    1,
    0,
    3,
    2,
    0,
    0,
    3,
    0,
    2,
    2,
    0,
    1,
    1,
    0,
    0,
    2,
    1,
    1,
    2,
    2,
    0,
    0,
    3,
    0,
    3,
    3,
    2
  ],