{
  "n_eval": 600,
  "elapsed": 312.2074918120634,
  "f1_raw": 0.19169688179840466,
  "acc_raw": 0.23666666666666666,
  "f1_norm": 0.19169688179840466,
  "acc_norm": 0.23666666666666666,
  "confusion_matrix_raw": [
    [
      65,
      22,
      58,
      5
    ],
    [
      95,
      13,
      86,
      6
    ],
    [
      64,
      13,
      61,
      12
    ],
    [
      46,
      12,
      39,
      3
    ]
  ],
  "preds_raw": [
    3,
    2,
    0,
    0,
    0,
    1,
    0,
    2,
    2,
    0,
    2,
    2,
    0,
    2,
    0,
    2,
    3,
    0,
    2,
    0,
    0,
    0,
    0,
    0,
    0,
    0,
    2,
    2,
    2,
    0,
    0,
    0,
    2,
    2,
    3,
    0,
    0,
    0,
    0,
    0,
    1,
    2,
    2,
    0,
    2,
    0,
    2,
    0,
    0,
    0,
    0,
    2,
    0,
    2,
    0,
    2,
    2,
    2,
    2,
    0,
    2,
    1,
    0,
    0,
    2,
    0,
    2,
    0,
    2,
    0,
    2,
    0,
    2,
    0,
    3,
    2,
    0,
    2,
    1,
    0,
    2,
    1,
    0,
    0,
    1,
    2,
    0,
    0,
    0,
    0,
    0,
    1,
    0,
    0,
    2,
    2,
    0,
    2,
    0,
    1,
    2,
    2,
    0,
    0,
    2,
    0,
    0,
    2,
    0,
    0,
    2,
    2,
    0,
    1,
    2,
    2,
    1,
    2,
    0,
    2,
    0,
    2,
    0,
    1,
    2,
    2,
    0,
    0,
    0,
    0,
    0,
    0,
    0,
    0,
    0,
    0,
    2,
    2,
    0,
    2,
    2,
    1,
    2,
    0,
    0,
    3,
    0,
    2,
    0,
    1,
    2,
    2,
    1,
    2,
    0,
    2,
    0,
    0,
    0,
    2,
    0,
    0,
    0,
    2,
    1,
    2,
    0,
    0,
    0,
    0,
    0,
    0,
    2,
    2,
    2,
    1,
    0,
    0,
    1,
    1,
    0,
    1,
    0,
    3,
    2,
    2,
    2,
    2,
    0,
    2,
    1,
    0,
    2,
    2,
    0,
    0,
    2,
    2,
    0,
    0,
    2,
    1,
    2,
    2,
    2,
    0,
    0,
    0,
    2,
    0,
    0,
    2,
    1,
    2,
    0,
    3,
    0,
    2,
    0,
    1,
    2,
    2,
    2,
    2,
    0,
    2,
    0,
    2,
    2,
    0,
    0,
    2,
    3,
    2,
    2,
    2,
    0,
    2,
    1,
    2,
    1,
    0,
    2,
    0,
    0,
    0,
    0,
    2,
    0,
    2,
    0,
    2,
    0,
    2,
    0,
    0,
    2,
    1,
    0,
    0,
    2,
    1,
    2,
    1,
    2,
    2,
    2,
    2,
    2,
    0,
    2,
    0,
    0,
    2,
    2,
    2,
    0,
    0,
    0,
    0,
    0,
    0,
    1,
    1,
    2,
    2,
    2,
    2,
    0,
    0,
    0,
    2,
    1,
    0,
    0,
    2,
    2,
    3,
    0,
    0,
    0,
    2,
    0,
    2,
    0,
    2,
    2,
    0,
    2,
    2,
    0,
    0,
    0,
    0,
    2,
    2,
    2,
    2,
    2,
    2,
    0,
    2,
    1,
    0,
    2,
    1,
    1,
    2,
    2,
    0,
    1,
    2,
    0,
    0,
    0,
    2,
    0,
    0,
    3,
    2,
    0,
    0,
    0,
    2,
    0,
    2,
    1,
    2,
    0,
    1,
    0,
    3,
    2,
    2,
    2,
    0,
    0,
    0,
    1,
    0,
    0,
    0,
    2,
    3,
    0,
    2,
    2,
    2,
    2,
    0,
    0,
    2,
    2,
    0,
    1,
    0,
    0,
    2,
    2,
    2,
    0,
    2,
    2,
    2,
    1,
    0,
    3,
    0,
    2,
    2,
    2,
    3,
    2,
    1,
    1,
    2,
    2,
    0,
    2,
    2,
    0,
    2,
    0,
    3,
    0,
    1,
    2,
    2,
    1,
    2,
    0,
    0,
    0,
    0,
    2,
    0,
    1,
    2,
    1,
    2,
    2,
    2,
    0,
    0,
    2,
    2,
    2,
    0,
    3,
    0,
    0,
    0,
    3,
    0,
    0,
    0,
    0,
    2,
    0,
    0,
    2,
    0,
    0,
    2,
    2,
    0,
    1,
    0,
    2,
    0,
    0,
    0,
    0,
    0,
    0,
    0,
    2,
    2,
    2,
    2,
    3,
    1,
    0,
    2,
    0,
    3,
    0,
    0,
    2,
    2,
    2,
    2,
    2,
    0,
    2,
    2,
    1,
    0,
    2,
    2,
    0,
    0,
    2,
    0,
    2,
    1,
    3,
    0,
    0,
    2,
    2,
    0,
    2,
    0,
    0,
    2,
    1,
    0,
    2,
    2,
    2,
    0,
    0,
    0,
    2,
    0,
    0,
    0,
    0,
    2,
    0,
    0,
    2,
    2,
    2,
    2,
    0,
    2,
    2,
    1,
    0,
    2,
    2,
    2,
    2,
    0,
    0,
    2,
    0,
    2,
    2,
    2,
    2,
    3,
    0,
    0,
    2,
    0,
    0,
    2,
    0,
    0,
    0,
    0,
    0,
    0,
    0,
    0,
    0,
    2,
    1,
    0,
    1,
    1,
    2,
    1,
    0,
    0,
    3,
    1,
    0,
    0,
    1,
    0,
    0,
    0,
    2,
    0,
    2,
    0,
    3,
    2,
    0,
    0,
    2,
    2,
    2,
    2,
    2,
    0,
    0,
    0,
    0,
    2,
    2,
    2,
    1,
    2,
    2,
    0,
    2,
    1,
    2,
    2,
    3,
    3,
    0,
    3,
    2,
    2
  ],