{
  "n_eval": 600,
  "elapsed": 288.35876722307876,
  "f1_raw": 0.2372381106618979,
  "acc_raw": 0.25833333333333336,
  "f1_norm": 0.2372381106618979,
  "acc_norm": 0.25833333333333336,
  "confusion_matrix_raw": [
    [
      71,
      31,
      30,
      18
    ],
    [
      90,
      47,
      49,
      14
    ],
    [
      74,
      34,
      24,
      18
    ],
    [
      40,
      17,
      30,
      13
    ]
  ],
  "preds_raw": [
    0,
    2,
    0,
    2,
    0,
    0,
    0,
    3,
    1,
    0,
    0,
    1,
    0,
    1,
    0,
    2,
    2,
    2,
    1,
    0,
    2,
    0,
    3,
    0,
    0,
    0,
    1,
    0,
    0,
    0,
    0,
    0,
    2,
    2,
    1,
    0,
    3,
    2,
    0,
    0,
    2,
    0,
    0,
    1,
    1,
    0,
    2,
    0,
    0,
    0,
    3,
    1,
    2,
    2,
    3,
    1,
    1,
    0,
    0,
    0,
    0,
    0,
    2,
    0,
    0,
    0,
    1,
    3,
    1,
    0,
    1,
    2,
    1,
    1,
    2,
    2,
    0,
    2,
    2,
    0,
    0,
    2,
    0,
    0,
    0,
    0,
    0,
    0,
    2,
    0,
    0,
    3,
    0,
    0,
    1,
    1,
    0,
    3,
    0,
    0,
    1,
    3,
    2,
    1,
    3,
    0,
    0,
    1,
    0,
    0,
    0,
    2,
    2,
    1,
    0,
    2,
    3,
    0,
    0,
    0,
    0,
    1,
    0,
    3,
    1,
    1,
    2,
    0,
    0,
    0,
    2,
    0,
    2,
    0,
    2,
    0,
    1,
    1,
    0,
    3,
    1,
    0,
    1,
    0,
    0,
    2,
    2,
    0,
    0,
    0,
    0,
    0,
    0,
    1,
    0,
    2,
    2,
    0,
    0,
    1,
    0,
    0,
    0,
    3,
    1,
    1,
    1,
    0,
    0,
    2,
    0,
    1,
    2,
    3,
    1,
    3,
    0,
    0,
    1,
    3,
    2,
    1,
    2,
    0,
    2,
    0,
    3,
    2,
    0,
    2,
    2,
    0,
    1,
    2,
    0,
    0,
    1,
    0,
    2,
    2,
    3,
    1,
    1,
    3,
    2,
    0,
    3,
    0,
    1,
    0,
    0,
    1,
    1,
    2,
    1,
    0,
    3,
    0,
    0,
    1,
    0,
    2,
    0,
    2,
    0,
    0,
    0,
    3,
    0,
    1,
    0,
    0,
    1,
    1,
    1,
    3,
    0,
    2,
    3,
    1,
    3,
    0,
    0,
    2,
    2,
    0,
    0,
    2,
    2,
    1,
    2,
    1,
    1,
    3,
    2,
    2,
    3,
    2,
    0,
    0,
    0,
    2,
    2,
    2,
    0,
    2,
    1,
    3,
    1,
    0,
    1,
    0,
    2,
    0,
    2,
    0,
    0,
    0,
    0,
    1,
    0,
    0,
    3,
    1,
    0,
    1,
    0,
    1,
    0,
    0,
    0,
    0,
    1,
    2,
    1,
    0,
    2,
    3,
    2,
    2,
    0,
    1,
    0,
    0,
    0,
    0,
    1,
    0,
    3,
    3,
    0,
    2,
    2,
    0,
    2,
    2,
    2,
    0,
    0,
    1,
    0,
    2,
    2,
    2,
    0,
    0,
    1,
    1,
    2,
    1,
    2,
    0,
    2,
    2,
    2,
    1,
    0,
    2,
    3,
    3,
    0,
    0,
    2,
    1,
    0,
    1,
    3,
    3,
    2,
    0,
    0,
    0,
    0,
    0,
    0,
    0,
    0,
    0,
    3,
    2,
    0,
    1,
    1,
    2,
    0,
    0,
    3,
    2,
    2,
    0,
    0,
    2,
    1,
    0,
    2,
    0,
    0,
    1,
    2,
    1,
    0,
    3,
    1,
    0,
    3,
    0,
    3,
    0,
    2,
    0,
    1,
    2,
    3,
    0,
    1,
    3,
    2,
    0,
    1,
    1,
    0,
    0,
    0,
    2,
    0,
    0,
    1,
    1,
    2,
    2,
    0,
    3,
    1,
    0,
    0,
    0,
    3,
    2,
    1,
    3,
    3,
    2,
    0,
    3,
    3,
    0,
    0,
    1,
    0,
    0,
    0,
    2,
    0,
    0,
    0,
    0,
    0,
    0,
    0,
    2,
    2,
    0,
    0,
    1,
    1,
    0,
    1,
    0,
    2,
    0,
    0,
    0,
    0,
    2,
    0,
    0,
    1,
    2,
    3,
    1,
    0,
    1,
    2,
    3,
    0,
    0,
    0,
    0,
    1,
    1,
    0,
    1,
    1,
    1,
    1,
    0,
    2,
    0,
    3,
    2,
    0,
    0,
    1,
    0,
    2,
    0,
    3,
    2,
    0,
    1,
    1,
    3,
    0,
    0,
    2,
    0,
    2,
    0,
    0,
    1,
    1,
    0,
    0,
    0,
    0,
    0,
    0,
    0,
    0,
    2,
    0,
    0,
    2,
    1,
    2,
    1,
    2,
    1,
    1,
    2,
    0,
    1,
    0,
    0,
    3,
    0,
    0,
    2,
    0,
    2,
    0,
    1,
    0,
    3,
    1,
    1,
    0,
    1,
    0,
    1,
    1,
    0,
    0,
    3,
    0,
    1,
    0,
    0,
    0,
    2,
    3,
    0,
    1,
    0,
    0,
    0,
    0,
    2,
    2,
    2,
    0,
    0,
    1,
    1,
    0,
    2,
    1,
    0,
    0,
    2,
    0,
    1,
    0,
    2,
    0,
    3,
    3,
    0,
    0,
    2,
    0,
    2,
    2,
    2,
    1,
    1,
    2,
    1,
    2,
    1,
    1,
    2,
    2,
    0,
    0,
    3,
    0,
    1,
    1,
    3
  ],