{
  "n_eval": 600,
  "elapsed": 288.2795297469711,
  "f1_raw": 0.2646322138387417,
  "acc_raw": 0.29,
  "f1_norm": 0.2646322138387417,
  "acc_norm": 0.29,
  "confusion_matrix_raw": [
    [
      73,
      35,
      25,
      17
    ],
    [
      86,
      60,
      31,
      23
    ],
    [
      70,
      38,
      28,
      14
    ],
    [
      45,
      22,
      20,
      13
    ]
  ],
  "preds_raw": [
    0,
    1,
    0,
    1,
    0,
    2,
    0,
    1,
    1,
    0,
    1,
    1,
    0,
    1,
    2,
    1,
    2,
    0,
    1,
    0,
    0,
    0,
    1,
    0,
    0,
    0,
    3,
    0,
    0,
    0,
    0,
    3,
    2,
    0,
    1,
    0,
    0,
    2,
    0,
    0,
    2,
    3,
    3,
    1,
    0,
    0,
    2,
    0,
    0,
    3,
    2,
    1,
    1,
    3,
    1,
    1,
    1,
    0,
    0,
    0,
    0,
    0,
    0,
    0,
    0,
    0,
    1,
    2,
    3,
    0,
    1,
    0,
    1,
    1,
    2,
    0,
    1,
    2,
    2,
    0,
    0,
    1,
    0,
    0,
    0,
    0,
    0,
    0,
    1,
    0,
    0,
    2,
    0,
    0,
    1,
    1,
    0,
    3,
    0,
    0,
    1,
    2,
    0,
    2,
    3,
    0,
    1,
    3,
    0,
    3,
    1,
    2,
    0,
    1,
    0,
    2,
    3,
    0,
    0,
    2,
    1,
    1,
    1,
    0,
    1,
    1,
    2,
    0,
    0,
    0,
    2,
    0,
    2,
    0,
    1,
    0,
    1,
    1,
    0,
    1,
    1,
    0,
    1,
    2,
    0,
    0,
    1,
    2,
    1,
    1,
    0,
    1,
    0,
    1,
    0,
    2,
    0,
    0,
    3,
    1,
    0,
    0,
    0,
    3,
    3,
    1,
    1,
    0,
    1,
    2,
    2,
    0,
    2,
    2,
    3,
    3,
    0,
    0,
    2,
    3,
    2,
    1,
    1,
    3,
    2,
    0,
    3,
    2,
    0,
    0,
    2,
    0,
    1,
    2,
    3,
    0,
    1,
    0,
    2,
    2,
    3,
    2,
    1,
    1,
    2,
    0,
    1,
    0,
    3,
    0,
    0,
    1,
    0,
    2,
    3,
    0,
    1,
    2,
    0,
    1,
    3,
    2,
    2,
    2,
    0,
    3,
    0,
    3,
    0,
    1,
    0,
    0,
    0,
    1,
    1,
    3,
    0,
    2,
    2,
    1,
    2,
    0,
    0,
    2,
    3,
    0,
    0,
    3,
    2,
    1,
    0,
    1,
    2,
    3,
    2,
    2,
    3,
    1,
    1,
    0,
    3,
    1,
    2,
    0,
    0,
    2,
    1,
    1,
    1,
    0,
    3,
    0,
    2,
    0,
    0,
    0,
    0,
    0,
    0,
    1,
    0,
    2,
    1,
    1,
    0,
    1,
    3,
    1,
    0,
    0,
    1,
    0,
    1,
    0,
    0,
    1,
    2,
    3,
    2,
    0,
    0,
    1,
    0,
    0,
    0,
    0,
    1,
    0,
    3,
    3,
    0,
    2,
    0,
    0,
    2,
    2,
    1,
    1,
    0,
    1,
    0,
    0,
    2,
    2,
    0,
    0,
    1,
    1,
    0,
    1,
    0,
    0,
    0,
    0,
    0,
    1,
    0,
    2,
    3,
    1,
    2,
    0,
    0,
    1,
    0,
    1,
    3,
    3,
    0,
    0,
    2,
    0,
    0,
    0,
    0,
    0,
    1,
    1,
    2,
    0,
    0,
    0,
    1,
    0,
    0,
    1,
    0,
    2,
    0,
    0,
    0,
    0,
    1,
    0,
    0,
    0,
    0,
    1,
    1,
    1,
    1,
    3,
    1,
    2,
    1,
    0,
    2,
    0,
    3,
    0,
    1,
    0,
    3,
    0,
    1,
    1,
    2,
    0,
    1,
    1,
    0,
    0,
    0,
    2,
    0,
    2,
    1,
    3,
    2,
    2,
    0,
    1,
    0,
    0,
    0,
    0,
    0,
    2,
    1,
    0,
    1,
    3,
    0,
    3,
    2,
    0,
    0,
    0,
    3,
    0,
    0,
    0,
    1,
    0,
    0,
    0,
    3,
    0,
    0,
    3,
    2,
    0,
    0,
    2,
    1,
    0,
    1,
    0,
    0,
    0,
    0,
    0,
    0,
    0,
    0,
    1,
    1,
    2,
    3,
    1,
    0,
    2,
    0,
    3,
    0,
    0,
    0,
    3,
    1,
    1,
    0,
    1,
    1,
    0,
    1,
    1,
    2,
    0,
    2,
    2,
    0,
    0,
    1,
    0,
    2,
    0,
    3,
    2,
    0,
    1,
    3,
    3,
    0,
    0,
    2,
    0,
    2,
    0,
    2,
    1,
    1,
    0,
    1,
    0,
    2,
    2,
    0,
    2,
    0,
    0,
    0,
    0,
    0,
    1,
    2,
    1,
    2,
    1,
    1,
    2,
    0,
    1,
    1,
    0,
    3,
    0,
    0,
    2,
    0,
    3,
    1,
    1,
    0,
    3,
    0,
    1,
    0,
    1,
    0,
    1,
    0,
    0,
    0,
    3,
    2,
    0,
    0,
    0,
    0,
    0,
    1,
    0,
    1,
    0,
    2,
    0,
    0,
    0,
    1,
    2,
    0,
    3,
    1,
    3,
    3,
    2,
    1,
    0,
    0,
    2,
    0,
    1,
    0,
    1,
    0,
    3,
    3,
    1,
    0,
    0,
    0,
    2,
    2,
    0,
    1,
    1,
    0,
    1,
    2,
    1,
    1,
    0,
    2,
    0,
    0,
    3,
    0,
    1,
    1,
    3
  ],