{
  "n_eval": 600,
  "elapsed": 312.3222826010315,
  "f1_raw": 0.19663890942384288,
  "acc_raw": 0.24333333333333335,
  "f1_norm": 0.19663890942384288,
  "acc_norm": 0.24333333333333335,
  "confusion_matrix_raw": [
    [
      70,
      24,
      51,
      5
    ],
    [
      98,
      17,
      79,
      6
    ],
    [
      66,
      19,
      57,
      8
    ],
    [
      49,
      13,
      36,
      2
    ]
  ],
  "preds_raw": [
    1,
    2,
    0,
    1,
    0,
    2,
    0,
    0,
    1,
    0,
    2,
    2,
    0,
    2,
    0,
    2,
    3,
    0,
    2,
    0,
    0,
    0,
    2,
    0,
    0,
    2,
    2,
    2,
    0,
    0,
    0,
    0,
    2,
    2,
    2,
    0,
    0,
    2,
    0,
    0,
    1,
    2,
    2,
    0,
    2,
    0,
    2,
    0,
    0,
    0,
    0,
    2,
    0,
    0,
    0,
    2,
    2,
    2,
    2,
    0,
    2,
    0,
    0,
    0,
    0,
    0,
    2,
    2,
    2,
    0,
    2,
    0,
    2,
    1,
    0,
    2,
    0,
    2,
    1,
    0,
    2,
    1,
    0,
    0,
    2,
    2,
    0,
    0,
    0,
    0,
    0,
    1,
    0,
    0,
    2,
    2,
    0,
    1,
    0,
    0,
    2,
    2,
    0,
    0,
    2,
    0,
    0,
    2,
    0,
    0,
    0,
    2,
    0,
    0,
    2,
    2,
    1,
    2,
    0,
    0,
    2,
    2,
    0,
    0,
    2,
    1,
    0,
    0,
    0,
    0,
    0,
    0,
    0,
    0,
    0,
    0,
    2,
    2,
    0,
    1,
    2,
    0,
    2,
    0,
    0,
    3,
    1,
    2,
    0,
    1,
    2,
    0,
    1,
    2,
    0,
    2,
    0,
    0,
    0,
    2,
    0,
    2,
    0,
    2,
    1,
    2,
    0,
    0,
    0,
    0,
    0,
    0,
    0,
    2,
    1,
    1,
    0,
    0,
    1,
    0,
    0,
    1,
    0,
    1,
    2,
    2,
    2,
    1,
    0,
    2,
    2,
    0,
    2,
    2,
    0,
    0,
    2,
    0,
    0,
    0,
    1,
    1,
    2,
    2,
    2,
    0,
    2,
    2,
    2,
    0,
    0,
    2,
    1,
    0,
    0,
    3,
    2,
    2,
    0,
    2,
    2,
    2,
    2,
    2,
    0,
    2,
    0,
    2,
    2,
    1,
    0,
    2,
    2,
    2,
    2,
    2,
    0,
    2,
    1,
    2,
    1,
    1,
    3,
    0,
    0,
    0,
    0,
    2,
    0,
    2,
    0,
    2,
    0,
    2,
    0,
    1,
    3,
    0,
    0,
    0,
    2,
    1,
    2,
    1,
    0,
    2,
    2,
    2,
    2,
    1,
    2,
    0,
    2,
    2,
    2,
    0,
    0,
    0,
    0,
    1,
    0,
    0,
    1,
    3,
    1,
    2,
    2,
    2,
    0,
    0,
    1,
    2,
    0,
    3,
    0,
    2,
    2,
    3,
    1,
    2,
    0,
    2,
    0,
    0,
    0,
    2,
    2,
    0,
    2,
    2,
    0,
    0,
    0,
    0,
    2,
    2,
    2,
    2,
    0,
    2,
    0,
    2,
    1,
    0,
    0,
    0,
    0,
    2,
    2,
    0,
    1,
    2,
    0,
    0,
    2,
    2,
    1,
    0,
    3,
    2,
    0,
    0,
    0,
    2,
    2,
    2,
    1,
    2,
    0,
    1,
    0,
    1,
    0,
    0,
    3,
    0,
    0,
    0,
    1,
    0,
    0,
    0,
    2,
    1,
    0,
    2,
    0,
    2,
    2,
    0,
    0,
    0,
    2,
    0,
    1,
    0,
    0,
    2,
    2,
    2,
    2,
    2,
    2,
    2,
    2,
    0,
    3,
    1,
    3,
    0,
    2,
    1,
    2,
    1,
    1,
    2,
    0,
    0,
    0,
    2,
    0,
    2,
    0,
    3,
    0,
    1,
    2,
    2,
    1,
    2,
    0,
    0,
    0,
    0,
    0,
    0,
    3,
    0,
    1,
    0,
    2,
    0,
    2,
    0,
    2,
    2,
    2,
    0,
    3,
    0,
    0,
    0,
    2,
    0,
    0,
    0,
    0,
    2,
    0,
    0,
    2,
    0,
    0,
    2,
    2,
    2,
    1,
    0,
    0,
    0,
    0,
    0,
    0,
    0,
    0,
    0,
    2,
    2,
    0,
    2,
    3,
    1,
    0,
    2,
    0,
    3,
    0,
    0,
    2,
    2,
    2,
    1,
    2,
    0,
    1,
    2,
    1,
    0,
    2,
    2,
    0,
    0,
    2,
    0,
    2,
    1,
    2,
    0,
    2,
    2,
    2,
    0,
    2,
    0,
    0,
    2,
    1,
    0,
    1,
    2,
    2,
    0,
    0,
    0,
    2,
    0,
    0,
    0,
    0,
    0,
    0,
    0,
    0,
    1,
    2,
    2,
    0,
    2,
    2,
    1,
    0,
    2,
    2,
    0,
    2,
    0,
    0,
    2,
    0,
    2,
    2,
    0,
    1,
    1,
    0,
    0,
    2,
    1,
    0,
    2,
    0,
    0,
    0,
    0,
    0,
    0,
    0,
    0,
    0,
    2,
    1,
    0,
    2,
    1,
    2,
    1,
    0,
    0,
    2,
    1,
    0,
    0,
    2,
    0,
    0,
    0,
    2,
    0,
    2,
    0,
    3,
    2,
    0,
    0,
    2,
    2,
    3,
    2,
    1,
    2,
    0,
    0,
    0,
    2,
    2,
    2,
    0,
    0,
    2,
    0,
    2,
    1,
    2,
    2,
    3,
    3,
    0,
    2,
    2,
    2
  ],