{
  "n_eval": 600,
  "elapsed": 312.71343314205296,
  "f1_raw": 0.21657994398401492,
  "acc_raw": 0.25833333333333336,
  "f1_norm": 0.21657994398401492,
  "acc_norm": 0.25833333333333336,
  "confusion_matrix_raw": [
    [
      70,
      17,
      54,
      9
    ],
    [
      90,
      14,
      90,
      6
    ],
    [
      61,
      17,
      65,
      7
    ],
    [
      47,
      12,
      35,
      6
    ]
  ],
  "preds_raw": [
    2,
    2,
    0,
    0,
    0,
    0,
    0,
    2,
    0,
    0,
    2,
    2,
    0,
    2,
    0,
    2,
    3,
    0,
    2,
    0,
    0,
    0,
    1,
    0,
    0,
    2,
    2,
    2,
    0,
    0,
    0,
    0,
    2,
    2,
    3,
    0,
    0,
    2,
    0,
    0,
    1,
    2,
    2,
    0,
    2,
    0,
    2,
    0,
    0,
    0,
    0,
    2,
    0,
    2,
    0,
    2,
    2,
    2,
    2,
    0,
    2,
    0,
    0,
    0,
    0,
    0,
    2,
    2,
    2,
    0,
    2,
    2,
    2,
    1,
    3,
    2,
    0,
    0,
    0,
    0,
    2,
    1,
    0,
    0,
    1,
    2,
    0,
    0,
    0,
    0,
    0,
    1,
    0,
    0,
    2,
    2,
    0,
    2,
    0,
    0,
    2,
    2,
    0,
    0,
    2,
    0,
    0,
    2,
    0,
    0,
    2,
    2,
    0,
    0,
    2,
    2,
    1,
    2,
    0,
    2,
    2,
    2,
    0,
    1,
    2,
    1,
    0,
    0,
    0,
    0,
    0,
    2,
    0,
    0,
    0,
    0,
    2,
    2,
    0,
    2,
    2,
    0,
    2,
    0,
    0,
    3,
    0,
    2,
    0,
    3,
    2,
    2,
    1,
    2,
    0,
    1,
    0,
    0,
    0,
    2,
    0,
    0,
    0,
    2,
    1,
    2,
    0,
    0,
    0,
    0,
    2,
    0,
    2,
    2,
    2,
    1,
    0,
    0,
    1,
    3,
    0,
    1,
    1,
    1,
    2,
    2,
    3,
    2,
    0,
    2,
    3,
    0,
    2,
    2,
    0,
    0,
    2,
    2,
    0,
    0,
    1,
    1,
    2,
    2,
    2,
    0,
    0,
    0,
    2,
    0,
    0,
    2,
    2,
    2,
    0,
    2,
    0,
    1,
    0,
    2,
    2,
    2,
    2,
    2,
    0,
    2,
    0,
    2,
    2,
    0,
    2,
    2,
    3,
    2,
    2,
    2,
    0,
    2,
    1,
    2,
    1,
    1,
    2,
    0,
    0,
    0,
    0,
    2,
    2,
    2,
    0,
    2,
    0,
    2,
    0,
    2,
    2,
    0,
    0,
    0,
    2,
    1,
    2,
    1,
    0,
    2,
    2,
    2,
    2,
    1,
    2,
    2,
    2,
    0,
    2,
    0,
    0,
    0,
    0,
    1,
    0,
    0,
    1,
    1,
    1,
    2,
    2,
    2,
    0,
    0,
    1,
    2,
    0,
    3,
    0,
    2,
    2,
    3,
    0,
    1,
    0,
    2,
    0,
    0,
    0,
    2,
    2,
    0,
    2,
    2,
    0,
    2,
    0,
    0,
    0,
    2,
    2,
    2,
    0,
    2,
    0,
    2,
    1,
    0,
    2,
    0,
    0,
    2,
    2,
    0,
    1,
    2,
    0,
    1,
    3,
    2,
    0,
    0,
    3,
    2,
    0,
    1,
    0,
    2,
    0,
    2,
    0,
    2,
    0,
    0,
    2,
    1,
    0,
    2,
    2,
    0,
    0,
    0,
    1,
    2,
    0,
    0,
    2,
    3,
    2,
    2,
    2,
    2,
    3,
    0,
    0,
    2,
    2,
    0,
    3,
    0,
    0,
    2,
    2,
    2,
    0,
    2,
    2,
    2,
    2,
    0,
    3,
    0,
    2,
    2,
    2,
    3,
    2,
    1,
    3,
    2,
    2,
    0,
    0,
    2,
    0,
    2,
    0,
    3,
    0,
    3,
    2,
    2,
    1,
    2,
    0,
    0,
    1,
    0,
    0,
    0,
    1,
    2,
    1,
    2,
    2,
    2,
    2,
    0,
    2,
    2,
    2,
    2,
    3,
    0,
    0,
    0,
    2,
    0,
    0,
    0,
    0,
    2,
    0,
    0,
    2,
    0,
    0,
    2,
    2,
    2,
    1,
    0,
    2,
    0,
    0,
    0,
    0,
    0,
    0,
    0,
    2,
    2,
    0,
    2,
    3,
    1,
    0,
    2,
    0,
    2,
    0,
    0,
    2,
    2,
    2,
    1,
    2,
    0,
    0,
    2,
    1,
    0,
    2,
    2,
    0,
    0,
    2,
    0,
    2,
    1,
    3,
    0,
    0,
    2,
    2,
    0,
    2,
    0,
    0,
    2,
    1,
    0,
    2,
    2,
    2,
    0,
    0,
    0,
    2,
    0,
    0,
    0,
    0,
    0,
    0,
    0,
    0,
    1,
    2,
    2,
    0,
    2,
    2,
    1,
    0,
    2,
    0,
    2,
    2,
    0,
    0,
    2,
    0,
    2,
    2,
    2,
    1,
    1,
    2,
    0,
    2,
    1,
    0,
    2,
    0,
    0,
    0,
    0,
    0,
    0,
    0,
    0,
    0,
    2,
    1,
    2,
    1,
    1,
    2,
    0,
    0,
    0,
    2,
    0,
    0,
    0,
    2,
    2,
    0,
    0,
    2,
    0,
    2,
    0,
    3,
    2,
    0,
    0,
    2,
    2,
    2,
    1,
    1,
    0,
    0,
    0,
    0,
    3,
    2,
    2,
    0,
    0,
    2,
    0,
    2,
    3,
    2,
    2,
    3,
    2,
    0,
    1,
    2,
    2
  ],