{
  "n_eval": 600,
  "elapsed": 312.3554189270362,
  "f1_raw": 0.19537322044171268,
  "acc_raw": 0.24166666666666667,
  "f1_norm": 0.19537322044171268,
  "acc_norm": 0.24166666666666667,
  "confusion_matrix_raw": [
    [
      70,
      20,
      52,
      8
    ],
    [
      98,
      16,
      78,
      8
    ],
    [
      62,
      22,
      57,
      9
    ],
    [
      48,
      13,
      37,
      2
    ]
  ],
  "preds_raw": [
    1,
    2,
    0,
    1,
    0,
    2,
    0,
    1,
    1,
    0,
    2,
    2,
    0,
    2,
    0,
    2,
    3,
    0,
    2,
    0,
    0,
    0,
    2,
    0,
    0,
    0,
    2,
    2,
    0,
    0,
    0,
    0,
    2,
    2,
    3,
    0,
    0,
    2,
    0,
    0,
    1,
    2,
    2,
    0,
    2,
    0,
    2,
    0,
    0,
    0,
    0,
    2,
    0,
    2,
    0,
    2,
    0,
    2,
    2,
    3,
    2,
    0,
    0,
    0,
    0,
    0,
    2,
    0,
    2,
    0,
    2,
    0,
    2,
    0,
    3,
    2,
    0,
    2,
    0,
    0,
    0,
    1,
    0,
    0,
    1,
    2,
    0,
    0,
    0,
    0,
    0,
    1,
    0,
    0,
    2,
    2,
    0,
    2,
    0,
    0,
    2,
    2,
    0,
    0,
    2,
    2,
    0,
    2,
    0,
    0,
    2,
    2,
    0,
    0,
    2,
    2,
    1,
    2,
    0,
    0,
    2,
    2,
    0,
    0,
    2,
    1,
    0,
    1,
    0,
    0,
    0,
    0,
    0,
    0,
    0,
    0,
    2,
    2,
    0,
    1,
    2,
    0,
    2,
    0,
    0,
    3,
    1,
    2,
    0,
    1,
    2,
    0,
    1,
    2,
    0,
    2,
    0,
    2,
    0,
    1,
    0,
    2,
    0,
    2,
    1,
    2,
    0,
    0,
    0,
    0,
    0,
    0,
    2,
    2,
    1,
    1,
    0,
    0,
    1,
    0,
    0,
    1,
    0,
    3,
    1,
    0,
    2,
    2,
    0,
    2,
    1,
    0,
    2,
    2,
    0,
    0,
    2,
    0,
    0,
    0,
    2,
    1,
    2,
    2,
    2,
    0,
    2,
    0,
    2,
    0,
    0,
    2,
    2,
    0,
    0,
    3,
    2,
    2,
    0,
    2,
    2,
    2,
    2,
    2,
    0,
    2,
    0,
    2,
    2,
    2,
    0,
    2,
    2,
    2,
    2,
    2,
    0,
    2,
    1,
    2,
    1,
    1,
    3,
    0,
    0,
    0,
    0,
    2,
    0,
    2,
    2,
    1,
    0,
    2,
    0,
    1,
    3,
    0,
    0,
    0,
    2,
    1,
    2,
    0,
    0,
    2,
    2,
    2,
    2,
    1,
    2,
    0,
    2,
    1,
    2,
    0,
    0,
    0,
    0,
    1,
    0,
    0,
    1,
    3,
    0,
    2,
    2,
    2,
    0,
    0,
    1,
    2,
    0,
    3,
    0,
    2,
    2,
    3,
    0,
    2,
    0,
    2,
    0,
    0,
    0,
    2,
    2,
    0,
    2,
    2,
    0,
    0,
    0,
    0,
    0,
    2,
    2,
    2,
    0,
    2,
    1,
    2,
    1,
    0,
    0,
    1,
    2,
    2,
    2,
    0,
    1,
    2,
    0,
    0,
    2,
    2,
    0,
    0,
    3,
    2,
    0,
    0,
    0,
    2,
    0,
    2,
    1,
    2,
    0,
    1,
    0,
    1,
    0,
    0,
    3,
    0,
    0,
    0,
    1,
    0,
    0,
    0,
    2,
    0,
    0,
    2,
    0,
    2,
    2,
    0,
    0,
    0,
    2,
    0,
    1,
    0,
    0,
    2,
    2,
    2,
    2,
    2,
    2,
    2,
    1,
    0,
    3,
    0,
    3,
    0,
    2,
    2,
    2,
    1,
    1,
    2,
    2,
    0,
    0,
    2,
    0,
    2,
    0,
    3,
    0,
    1,
    2,
    2,
    1,
    2,
    0,
    0,
    0,
    0,
    0,
    0,
    3,
    0,
    1,
    0,
    2,
    0,
    2,
    0,
    2,
    2,
    2,
    0,
    3,
    0,
    0,
    0,
    2,
    0,
    0,
    0,
    0,
    2,
    0,
    0,
    2,
    0,
    0,
    2,
    0,
    2,
    1,
    0,
    0,
    0,
    0,
    0,
    0,
    0,
    0,
    1,
    2,
    2,
    2,
    2,
    3,
    1,
    0,
    2,
    0,
    3,
    0,
    0,
    2,
    2,
    2,
    1,
    1,
    0,
    0,
    2,
    1,
    0,
    2,
    2,
    0,
    0,
    2,
    0,
    2,
    1,
    3,
    0,
    2,
    2,
    2,
    0,
    2,
    0,
    0,
    2,
    2,
    2,
    1,
    2,
    2,
    0,
    0,
    0,
    2,
    0,
    0,
    0,
    0,
    0,
    0,
    0,
    0,
    1,
    2,
    2,
    0,
    2,
    2,
    1,
    0,
    2,
    2,
    0,
    2,
    0,
    0,
    2,
    0,
    2,
    2,
    0,
    1,
    1,
    0,
    1,
    2,
    1,
    0,
    2,
    0,
    1,
    0,
    0,
    0,
    2,
    0,
    0,
    0,
    2,
    1,
    2,
    2,
    1,
    2,
    1,
    0,
    0,
    2,
    1,
    0,
    0,
    2,
    0,
    0,
    0,
    2,
    0,
    0,
    0,
    3,
    2,
    0,
    0,
    2,
    2,
    3,
    2,
    1,
    2,
    0,
    0,
    2,
    3,
    2,
    2,
    0,
    2,
    2,
    0,
    2,
    1,
    2,
    2,
    3,
    3,
    2,
    2,
    2,
    2
  ],