{
  "n_eval": 600,
  "elapsed": 312.50515895104036,
  "f1_raw": 0.21964401766127217,
  "acc_raw": 0.25833333333333336,
  "f1_norm": 0.21964401766127217,
  "acc_norm": 0.25833333333333336,
  "confusion_matrix_raw": [
    [
      68,
      16,
      56,
      10
    ],
    [
      93,
      15,
      86,
      6
    ],
    [
      62,
      16,
      65,
      7
    ],
    [
      46,
      9,
      38,
      7
    ]
  ],
  "preds_raw": [
    2,
    2,
    0,
    0,
    0,
    0,
    0,
    2,
    0,
    0,
    2,
    2,
    0,
    2,
    0,
    2,
    3,
    0,
    2,
    0,
    0,
    0,
    1,
    0,
    0,
    2,
    2,
    2,
    0,
    0,
    0,
    0,
    2,
    2,
    3,
    0,
    0,
    0,
    0,
    0,
    1,
    2,
    2,
    0,
    2,
    0,
    2,
    0,
    0,
    0,
    0,
    2,
    0,
    2,
    0,
    2,
    2,
    2,
    2,
    0,
    2,
    0,
    2,
    0,
    0,
    0,
    2,
    2,
    2,
    0,
    2,
    0,
    2,
    0,
    3,
    2,
    0,
    0,
    0,
    0,
    2,
    1,
    0,
    0,
    1,
    2,
    0,
    0,
    0,
    0,
    0,
    1,
    0,
    0,
    2,
    2,
    0,
    2,
    0,
    0,
    2,
    2,
    0,
    0,
    2,
    0,
    0,
    3,
    0,
    0,
    2,
    2,
    0,
    0,
    2,
    2,
    1,
    2,
    0,
    0,
    2,
    2,
    0,
    1,
    2,
    3,
    2,
    0,
    2,
    0,
    0,
    0,
    0,
    0,
    0,
    0,
    2,
    2,
    0,
    2,
    2,
    0,
    2,
    0,
    0,
    3,
    0,
    2,
    0,
    1,
    2,
    1,
    1,
    2,
    0,
    1,
    0,
    0,
    0,
    2,
    0,
    0,
    0,
    2,
    1,
    2,
    0,
    0,
    0,
    0,
    2,
    0,
    2,
    2,
    1,
    1,
    0,
    0,
    1,
    3,
    0,
    1,
    1,
    3,
    2,
    2,
    3,
    2,
    0,
    2,
    3,
    0,
    2,
    2,
    0,
    0,
    2,
    0,
    0,
    2,
    1,
    2,
    2,
    2,
    2,
    0,
    2,
    0,
    2,
    0,
    0,
    2,
    2,
    0,
    0,
    2,
    0,
    2,
    0,
    2,
    2,
    2,
    2,
    2,
    0,
    2,
    0,
    2,
    2,
    0,
    2,
    2,
    3,
    2,
    2,
    2,
    0,
    2,
    1,
    2,
    1,
    1,
    2,
    2,
    0,
    0,
    0,
    2,
    2,
    2,
    0,
    2,
    0,
    2,
    0,
    1,
    2,
    1,
    0,
    0,
    2,
    1,
    2,
    1,
    0,
    2,
    2,
    2,
    2,
    1,
    2,
    2,
    2,
    2,
    2,
    0,
    0,
    0,
    0,
    1,
    0,
    0,
    1,
    1,
    2,
    2,
    2,
    2,
    0,
    0,
    1,
    2,
    0,
    3,
    0,
    2,
    2,
    3,
    0,
    2,
    0,
    2,
    0,
    0,
    0,
    2,
    2,
    0,
    2,
    2,
    0,
    0,
    0,
    0,
    0,
    2,
    2,
    2,
    0,
    2,
    0,
    2,
    1,
    0,
    2,
    0,
    0,
    2,
    2,
    0,
    1,
    2,
    0,
    1,
    3,
    2,
    0,
    0,
    3,
    2,
    0,
    0,
    0,
    2,
    0,
    2,
    0,
    2,
    0,
    0,
    2,
    1,
    0,
    2,
    2,
    0,
    0,
    0,
    1,
    2,
    0,
    0,
    2,
    3,
    2,
    2,
    0,
    2,
    3,
    0,
    0,
    2,
    2,
    0,
    3,
    0,
    0,
    2,
    2,
    2,
    0,
    2,
    2,
    2,
    1,
    0,
    3,
    0,
    2,
    2,
    2,
    3,
    2,
    1,
    1,
    2,
    2,
    0,
    2,
    2,
    0,
    0,
    0,
    3,
    0,
    3,
    2,
    2,
    1,
    2,
    0,
    0,
    0,
    0,
    0,
    0,
    1,
    0,
    1,
    2,
    2,
    2,
    2,
    0,
    2,
    2,
    2,
    2,
    3,
    0,
    0,
    0,
    2,
    0,
    0,
    0,
    0,
    2,
    0,
    0,
    2,
    0,
    0,
    2,
    2,
    2,
    1,
    0,
    2,
    0,
    0,
    0,
    0,
    0,
    0,
    0,
    2,
    2,
    2,
    2,
    3,
    1,
    0,
    2,
    0,
    2,
    0,
    0,
    2,
    2,
    2,
    1,
    2,
    0,
    0,
    2,
    1,
    0,
    2,
    2,
    0,
    0,
    2,
    0,
    0,
    1,
    3,
    0,
    0,
    2,
    2,
    0,
    2,
    0,
    0,
    2,
    1,
    0,
    2,
    2,
    2,
    0,
    0,
    0,
    2,
    2,
    0,
    0,
    0,
    0,
    0,
    0,
    0,
    2,
    2,
    2,
    0,
    2,
    2,
    1,
    0,
    2,
    0,
    2,
    2,
    0,
    0,
    2,
    0,
    2,
    2,
    2,
    2,
    1,
    0,
    1,
    2,
    1,
    0,
    2,
    0,
    0,
    0,
    2,
    0,
    0,
    0,
    0,
    0,
    2,
    1,
    2,
    0,
    1,
    2,
    1,
    0,
    0,
    2,
    0,
    0,
    0,
    2,
    0,
    0,
    0,
    2,
    0,
    2,
    2,
    3,
    2,
    0,
    0,
    2,
    2,
    2,
    1,
    2,
    0,
    0,
    0,
    0,
    3,
    2,
    2,
    0,
    2,
    2,
    0,
    2,
    3,
    2,
    2,
    3,
    3,
    0,
    1,
    2,
    2
  ],