{
  "n_eval": 600,
  "elapsed": 312.1932927239686,
  "f1_raw": 0.21612811962114617,
  "acc_raw": 0.265,
  "f1_norm": 0.21612811962114617,
  "acc_norm": 0.265,
  "confusion_matrix_raw": [
    [
      72,
      20,
      49,
      9
    ],
    [
      96,
      21,
      75,
      8
    ],
    [
      62,
      19,
      64,
      5
    ],
    [
      50,
      14,
      34,
      2
    ]
  ],
  "preds_raw": [
    1,
    2,
    0,
    1,
    0,
    2,
    0,
    2,
    2,
    0,
    2,
    1,
    0,
    1,
    0,
    2,
    3,
    0,
    2,
    0,
    0,
    0,
    1,
    0,
    0,
    2,
    2,
    2,
    0,
    0,
    2,
    0,
    2,
    2,
    3,
    0,
    0,
    0,
    0,
    0,
    1,
    2,
    3,
    0,
    2,
    0,
    2,
    0,
    0,
    0,
    0,
    2,
    1,
    3,
    0,
    2,
    2,
    2,
    2,
    1,
    2,
    3,
    0,
    0,
    0,
    0,
    2,
    0,
    0,
    0,
    2,
    2,
    2,
    0,
    3,
    2,
    0,
    2,
    1,
    0,
    2,
    3,
    0,
    0,
    1,
    0,
    0,
    0,
    0,
    0,
    0,
    1,
    0,
    0,
    2,
    2,
    0,
    2,
    0,
    3,
    2,
    1,
    0,
    0,
    2,
    0,
    0,
    1,
    0,
    0,
    2,
    2,
    0,
    1,
    2,
    2,
    3,
    2,
    0,
    2,
    0,
    2,
    0,
    1,
    1,
    0,
    2,
    0,
    0,
    0,
    0,
    0,
    0,
    0,
    0,
    0,
    2,
    2,
    0,
    2,
    2,
    1,
    2,
    0,
    0,
    0,
    0,
    2,
    0,
    1,
    2,
    2,
    1,
    2,
    0,
    2,
    0,
    0,
    0,
    2,
    0,
    2,
    0,
    2,
    1,
    2,
    0,
    0,
    0,
    0,
    2,
    0,
    0,
    2,
    2,
    1,
    0,
    0,
    1,
    3,
    0,
    1,
    1,
    3,
    2,
    2,
    2,
    2,
    0,
    2,
    1,
    0,
    2,
    2,
    0,
    0,
    2,
    0,
    2,
    0,
    2,
    1,
    1,
    2,
    2,
    0,
    0,
    0,
    2,
    0,
    0,
    0,
    2,
    0,
    0,
    2,
    1,
    2,
    0,
    2,
    2,
    1,
    2,
    2,
    0,
    2,
    0,
    2,
    2,
    0,
    0,
    2,
    2,
    2,
    1,
    1,
    0,
    2,
    1,
    2,
    1,
    0,
    0,
    2,
    0,
    0,
    0,
    2,
    2,
    2,
    2,
    1,
    0,
    2,
    0,
    2,
    2,
    1,
    0,
    0,
    2,
    1,
    2,
    0,
    0,
    2,
    2,
    2,
    1,
    0,
    2,
    0,
    0,
    0,
    2,
    2,
    2,
    0,
    0,
    0,
    0,
    0,
    1,
    1,
    2,
    2,
    2,
    2,
    0,
    0,
    0,
    2,
    0,
    3,
    0,
    2,
    2,
    3,
    0,
    2,
    0,
    2,
    0,
    0,
    0,
    2,
    2,
    0,
    2,
    2,
    0,
    0,
    2,
    0,
    0,
    2,
    2,
    2,
    0,
    2,
    0,
    0,
    1,
    0,
    2,
    1,
    1,
    2,
    0,
    1,
    0,
    2,
    0,
    0,
    3,
    2,
    0,
    0,
    3,
    2,
    0,
    0,
    0,
    2,
    2,
    2,
    1,
    1,
    0,
    0,
    2,
    3,
    2,
    0,
    2,
    0,
    0,
    0,
    1,
    0,
    0,
    0,
    2,
    0,
    0,
    1,
    0,
    2,
    2,
    0,
    0,
    2,
    2,
    0,
    2,
    0,
    0,
    2,
    2,
    2,
    2,
    2,
    2,
    2,
    1,
    0,
    3,
    0,
    3,
    0,
    2,
    2,
    2,
    1,
    1,
    1,
    2,
    0,
    0,
    2,
    0,
    2,
    0,
    2,
    0,
    1,
    1,
    2,
    1,
    2,
    0,
    0,
    0,
    0,
    0,
    0,
    3,
    2,
    1,
    0,
    2,
    0,
    2,
    0,
    2,
    0,
    2,
    0,
    0,
    0,
    0,
    0,
    2,
    0,
    0,
    0,
    0,
    2,
    0,
    0,
    2,
    0,
    0,
    2,
    2,
    2,
    1,
    0,
    0,
    0,
    0,
    0,
    0,
    0,
    0,
    0,
    1,
    2,
    2,
    2,
    3,
    1,
    0,
    2,
    0,
    2,
    0,
    2,
    2,
    2,
    2,
    2,
    2,
    0,
    0,
    2,
    1,
    0,
    0,
    2,
    0,
    0,
    2,
    0,
    2,
    1,
    1,
    0,
    2,
    2,
    2,
    0,
    2,
    0,
    2,
    2,
    0,
    0,
    2,
    0,
    2,
    0,
    0,
    0,
    2,
    0,
    0,
    0,
    0,
    0,
    0,
    0,
    0,
    2,
    2,
    1,
    0,
    1,
    2,
    1,
    0,
    2,
    0,
    0,
    2,
    0,
    0,
    2,
    0,
    0,
    2,
    2,
    1,
    1,
    2,
    1,
    2,
    0,
    0,
    2,
    0,
    0,
    0,
    0,
    0,
    0,
    0,
    0,
    1,
    2,
    1,
    0,
    1,
    1,
    2,
    0,
    0,
    0,
    3,
    2,
    0,
    2,
    2,
    0,
    0,
    0,
    2,
    0,
    0,
    0,
    2,
    2,
    0,
    0,
    1,
    2,
    2,
    2,
    2,
    0,
    0,
    0,
    0,
    3,
    2,
    2,
    0,
    2,
    2,
    0,
    2,
    1,
    2,
    2,
    3,
    3,
    0,
    1,
    2,
    2
  ],