{
  "n_eval": 600,
  "elapsed": 187.57456072210334,
  "f1_raw": 0.2036345853938709,
  "acc_raw": 0.25,
  "f1_norm": 0.2036345853938709,
  "acc_norm": 0.25,
  "confusion_matrix_raw": [
    [
      95,
      23,
      16,
      16
    ],
    [
      129,
      27,
      26,
      18
    ],
    [
      91,
      14,
      23,
      22
    ],
    [
      62,
      20,
      13,
      5
    ]
  ],
  "preds_raw": [
    0,
    1,
    2,
    0,
    0,
    2,
    0,
    0,
    0,
    0,
    0,
    2,
    0,
    0,
    1,
    0,
    0,
    3,
    1,
    0,
    0,
    0,
    0,
    1,
    1,
    0,
    3,
    3,
    0,
    0,
    2,
    0,
    2,
    0,
    2,
    0,
    3,
    0,
    2,
    1,
    0,
    0,
    3,
    1,
    0,
    0,
    0,
    0,
    0,
    0,
    1,
    0,
    3,
    0,
    0,
    0,
    1,
    0,
    2,
    0,
    0,
    0,
    0,
    0,
    0,
    0,
    3,
    1,
    2,
    2,
    3,
    0,
    3,
    0,
    3,
    0,
    2,
    0,
    2,
    0,
    0,
    0,
    0,
    1,
    0,
    0,
    2,
    0,
    0,
    0,
    0,
    1,
    0,
    0,
    2,
    0,
    0,
    3,
    0,
    0,
    3,
    3,
    0,
    0,
    0,
    0,
    2,
    1,
    0,
    2,
    0,
    0,
    0,
    0,
    1,
    0,
    1,
    0,
    0,
    0,
    0,
    1,
    0,
    0,
    0,
    0,
    0,
    0,
    0,
    2,
    0,
    1,
    0,
    2,
    0,
    0,
    0,
    1,
    0,
    0,
    3,
    2,
    2,
    0,
    3,
    0,
    1,
    2,
    2,
    2,
    0,
    0,
    0,
    1,
    0,
    0,
    2,
    0,
    0,
    0,
    0,
    0,
    0,
    3,
    3,
    3,
    2,
    2,
    0,
    0,
    0,
    0,
    0,
    2,
    0,
    1,
    0,
    1,
    0,
    0,
    0,
    2,
    0,
    0,
    0,
    0,
    0,
    0,
    0,
    1,
    0,
    0,
    0,
    0,
    1,
    2,
    0,
    0,
    0,
    1,
    0,
    0,
    1,
    0,
    2,
    0,
    0,
    0,
    0,
    2,
    1,
    0,
    0,
    0,
    0,
    0,
    2,
    2,
    0,
    0,
    0,
    3,
    0,
    0,
    0,
    0,
    1,
    0,
    0,
    0,
    1,
    0,
    0,
    3,
    1,
    0,
    0,
    0,
    0,
    3,
    0,
    1,
    0,
    1,
    0,
    0,
    0,
    3,
    3,
    1,
    0,
    0,
    2,
    3,
    0,
    0,
    0,
    0,
    0,
    0,
    0,
    0,
    0,
    3,
    3,
    1,
    2,
    1,
    3,
    1,
    3,
    0,
    0,
    1,
    0,
    2,
    2,
    0,
    0,
    2,
    0,
    0,
    3,
    0,
    0,
    2,
    0,
    1,
    0,
    0,
    0,
    0,
    0,
    2,
    0,
    1,
    0,
    1,
    0,
    1,
    0,
    3,
    0,
    2,
    1,
    0,
    0,
    0,
    1,
    0,
    1,
    0,
    2,
    0,
    0,
    1,
    1,
    0,
    1,
    3,
    0,
    0,
    0,
    0,
    0,
    0,
    0,
    0,
    0,
    3,
    0,
    2,
    2,
    0,
    0,
    1,
    1,
    0,
    0,
    0,
    0,
    3,
    2,
    2,
    3,
    1,
    1,
    1,
    3,
    0,
    0,
    0,
    0,
    0,
    0,
    0,
    2,
    0,
    2,
    2,
    0,
    0,
    3,
    1,
    0,
    3,
    0,
    0,
    0,
    1,
    0,
    0,
    1,
    2,
    0,
    0,
    0,
    1,
    0,
    1,
    2,
    0,
    1,
    0,
    0,
    0,
    2,
    0,
    0,
    0,
    3,
    0,
    1,
    2,
    0,
    0,
    0,
    0,
    0,
    1,
    0,
    0,
    0,
    0,
    0,
    0,
    0,
    1,
    1,
    3,
    3,
    0,
    0,
    0,
    0,
    2,
    0,
    0,
    0,
    3,
    3,
    0,
    0,
    0,
    0,
    2,
    3,
    0,
    2,
    0,
    2,
    0,
    0,
    1,
    0,
    0,
    2,
    2,
    0,
    2,
    0,
    0,
    1,
    1,
    0,
    0,
    0,
    0,
    0,
    2,
    0,
    0,
    1,
    0,
    0,
    0,
    1,
    0,
    3,
    1,
    3,
    0,
    0,
    0,
    0,
    0,
    0,
    0,
    0,
    1,
    0,
    0,
    0,
    0,
    0,
    1,
    0,
    1,
    3,
    0,
    0,
    0,
    3,
    0,
    3,
    2,
    0,
    0,
    0,
    1,
    1,
    0,
    1,
    0,
    0,
    1,
    0,
    0,
    0,
    0,
    1,
    0,
    0,
    1,
    0,
    0,
    2,
    0,
    0,
    2,
    0,
    0,
    1,
    0,
    2,
    3,
    0,
    1,
    1,
    0,
    1,
    3,
    0,
    0,
    3,
    0,
    2,
    3,
    0,
    2,
    0,
    0,
    2,
    0,
    2,
    3,
    0,
    2,
    0,
    3,
    0,
    0,
    0,
    0,
    0,
    0,
    0,
    0,
    0,
    2,
    3,
    0,
    0,
    0,
    3,
    0,
    0,
    3,
    0,
    0,
    0,
    0,
    2,
    0,
    0,
    0,
    0,
    0,
    3,
    0,
    0,
    1,
    0,
    3,
    0,
    0,
    2,
    0,
    1,
    2,
    0,
    2,
    0,
    0,
    0,
    3,
    2,
    3,
    2,
    0,
    1,
    0,
    0,
    0,
    0,
    0,
    2,
    0,
    0,
    0
  ],