{
  "n_eval": 600,
  "elapsed": 187.58629873301834,
  "f1_raw": 0.1911567482356772,
  "acc_raw": 0.22333333333333333,
  "f1_norm": 0.1911567482356772,
  "acc_norm": 0.22333333333333333,
  "confusion_matrix_raw": [
    [
      82,
      26,
      22,
      20
    ],
    [
      122,
      23,
      26,
      29
    ],
    [
      95,
      11,
      18,
      26
    ],
    [
      58,
      20,
      11,
      11
    ]
  ],
  "preds_raw": [
    0,
    1,
    2,
    0,
    0,
    1,
    0,
    0,
    0,
    0,
    0,
    2,
    0,
    0,
    0,
    0,
    0,
    3,
    3,
    0,
    0,
    0,
    0,
    1,
    2,
    0,
    3,
    1,
    0,
    0,
    2,
    0,
    0,
    0,
    2,
    0,
    3,
    0,
    2,
    1,
    0,
    0,
    3,
    1,
    0,
    0,
    0,
    1,
    0,
    0,
    1,
    0,
    3,
    0,
    0,
    0,
    1,
    0,
    3,
    0,
    1,
    0,
    2,
    1,
    0,
    0,
    3,
    1,
    2,
    2,
    3,
    0,
    0,
    0,
    1,
    2,
    2,
    0,
    2,
    0,
    0,
    0,
    0,
    2,
    1,
    1,
    0,
    0,
    0,
    0,
    0,
    1,
    0,
    0,
    2,
    0,
    0,
    3,
    0,
    0,
    3,
    3,
    0,
    0,
    0,
    0,
    2,
    1,
    0,
    2,
    0,
    1,
    0,
    0,
    1,
    0,
    1,
    1,
    0,
    0,
    0,
    3,
    0,
    2,
    0,
    0,
    0,
    0,
    0,
    2,
    0,
    0,
    0,
    2,
    0,
    0,
    3,
    3,
    0,
    0,
    2,
    2,
    2,
    0,
    3,
    0,
    1,
    0,
    2,
    3,
    0,
    0,
    1,
    3,
    0,
    0,
    0,
    1,
    0,
    0,
    1,
    0,
    0,
    3,
    1,
    3,
    2,
    0,
    2,
    1,
    0,
    0,
    0,
    2,
    0,
    1,
    0,
    1,
    0,
    2,
    1,
    0,
    0,
    0,
    0,
    0,
    0,
    1,
    0,
    1,
    2,
    0,
    0,
    0,
    0,
    2,
    1,
    0,
    0,
    1,
    0,
    0,
    3,
    0,
    2,
    0,
    0,
    3,
    0,
    2,
    1,
    0,
    0,
    0,
    0,
    0,
    0,
    2,
    0,
    0,
    0,
    3,
    0,
    0,
    0,
    0,
    1,
    0,
    0,
    0,
    1,
    0,
    0,
    3,
    3,
    0,
    0,
    0,
    0,
    2,
    0,
    1,
    0,
    1,
    3,
    0,
    2,
    3,
    2,
    3,
    0,
    0,
    2,
    2,
    1,
    2,
    0,
    0,
    0,
    0,
    0,
    0,
    0,
    1,
    3,
    0,
    3,
    1,
    3,
    1,
    0,
    0,
    0,
    1,
    0,
    0,
    2,
    2,
    0,
    0,
    1,
    0,
    3,
    0,
    1,
    2,
    0,
    3,
    0,
    0,
    1,
    0,
    0,
    0,
    0,
    3,
    0,
    0,
    0,
    1,
    0,
    3,
    2,
    0,
    1,
    0,
    0,
    0,
    3,
    0,
    1,
    0,
    3,
    0,
    0,
    1,
    3,
    0,
    2,
    2,
    3,
    0,
    0,
    0,
    0,
    1,
    0,
    0,
    0,
    3,
    0,
    1,
    2,
    2,
    0,
    3,
    2,
    0,
    3,
    0,
    0,
    3,
    2,
    2,
    3,
    3,
    2,
    3,
    3,
    0,
    0,
    0,
    0,
    1,
    0,
    0,
    2,
    0,
    2,
    2,
    0,
    0,
    3,
    1,
    0,
    2,
    0,
    0,
    0,
    1,
    0,
    0,
    1,
    3,
    0,
    0,
    0,
    3,
    0,
    1,
    3,
    3,
    3,
    0,
    0,
    0,
    0,
    0,
    0,
    0,
    3,
    1,
    3,
    0,
    0,
    0,
    0,
    0,
    0,
    0,
    0,
    0,
    0,
    0,
    0,
    0,
    2,
    1,
    1,
    3,
    3,
    0,
    0,
    0,
    0,
    2,
    0,
    0,
    0,
    3,
    3,
    0,
    0,
    0,
    0,
    0,
    3,
    0,
    0,
    0,
    1,
    0,
    0,
    3,
    0,
    0,
    2,
    2,
    2,
    2,
    3,
    0,
    1,
    3,
    0,
    0,
    0,
    0,
    1,
    0,
    0,
    3,
    3,
    0,
    0,
    0,
    3,
    0,
    0,
    3,
    0,
    0,
    0,
    0,
    0,
    0,
    0,
    0,
    0,
    3,
    2,
    2,
    0,
    0,
    0,
    1,
    1,
    1,
    3,
    0,
    0,
    0,
    1,
    2,
    3,
    2,
    3,
    0,
    1,
    0,
    0,
    3,
    1,
    3,
    0,
    1,
    0,
    0,
    0,
    3,
    3,
    0,
    1,
    1,
    1,
    0,
    2,
    0,
    0,
    2,
    0,
    0,
    1,
    0,
    2,
    3,
    0,
    3,
    0,
    0,
    1,
    3,
    0,
    0,
    0,
    0,
    0,
    3,
    0,
    2,
    0,
    1,
    3,
    1,
    0,
    3,
    0,
    0,
    0,
    3,
    0,
    0,
    0,
    0,
    0,
    3,
    0,
    0,
    0,
    0,
    3,
    0,
    0,
    0,
    0,
    0,
    0,
    0,
    0,
    0,
    0,
    0,
    2,
    0,
    0,
    0,
    0,
    0,
    1,
    0,
    0,
    3,
    0,
    0,
    0,
    0,
    2,
    0,
    2,
    2,
    0,
    3,
    0,
    0,
    0,
    2,
    2,
    0,
    2,
    2,
    1,
    0,
    0,
    0,
    0,
    0,
    2,
    0,
    0,
    0
  ],