{
  "n_eval": 600,
  "elapsed": 174.64918976696208,
  "f1_raw": 0.20414461552268723,
  "acc_raw": 0.24,
  "f1_norm": 0.20414461552268723,
  "acc_norm": 0.24,
  "confusion_matrix_raw": [
    [
      83,
      19,
      18,
      30
    ],
    [
      114,
      34,
      23,
      29
    ],
    [
      79,
      25,
      22,
      24
    ],
    [
      62,
      23,
      10,
      5
    ]
  ],
  "preds_raw": [
    0,
    0,
    0,
    0,
    0,
    2,
    3,
    3,
    3,
    0,
    0,
    3,
    0,
    0,
    1,
    0,
    0,
    2,
    1,
    0,
    0,
    0,
    0,
    1,
    0,
    0,
    3,
    0,
    1,
    0,
    2,
    3,
    0,
    0,
    0,
    0,
    3,
    0,
    0,
    0,
    2,
    0,
    3,
    0,
    2,
    0,
    0,
    0,
    0,
    0,
    0,
    0,
    0,
    0,
    0,
    0,
    1,
    0,
    1,
    0,
    0,
    0,
    0,
    0,
    1,
    3,
    3,
    3,
    3,
    2,
    3,
    0,
    0,
    1,
    1,
    1,
    0,
    0,
    0,
    0,
    0,
    2,
    0,
    3,
    1,
    1,
    0,
    0,
    0,
    2,
    0,
    0,
    0,
    0,
    3,
    0,
    0,
    0,
    0,
    0,
    3,
    2,
    0,
    2,
    0,
    0,
    3,
    3,
    0,
    2,
    0,
    3,
    0,
    0,
    0,
    0,
    0,
    3,
    0,
    2,
    0,
    1,
    0,
    0,
    0,
    1,
    0,
    0,
    0,
    2,
    0,
    3,
    0,
    0,
    1,
    0,
    1,
    1,
    0,
    0,
    0,
    2,
    1,
    0,
    1,
    0,
    2,
    0,
    2,
    0,
    0,
    0,
    1,
    1,
    0,
    0,
    2,
    0,
    0,
    0,
    0,
    0,
    3,
    3,
    1,
    1,
    3,
    3,
    0,
    0,
    2,
    0,
    0,
    0,
    3,
    1,
    0,
    3,
    0,
    3,
    0,
    0,
    1,
    1,
    0,
    2,
    0,
    1,
    0,
    1,
    0,
    0,
    0,
    0,
    0,
    0,
    2,
    1,
    0,
    0,
    2,
    0,
    1,
    0,
    3,
    1,
    0,
    0,
    2,
    0,
    0,
    1,
    0,
    0,
    1,
    0,
    1,
    2,
    0,
    0,
    0,
    3,
    0,
    0,
    0,
    1,
    1,
    0,
    0,
    0,
    1,
    3,
    0,
    1,
    1,
    0,
    0,
    0,
    0,
    2,
    3,
    3,
    0,
    1,
    1,
    0,
    0,
    3,
    0,
    1,
    0,
    0,
    2,
    2,
    0,
    3,
    0,
    3,
    0,
    0,
    0,
    0,
    0,
    0,
    3,
    1,
    2,
    0,
    1,
    0,
    3,
    0,
    1,
    0,
    0,
    3,
    2,
    2,
    2,
    0,
    0,
    3,
    1,
    0,
    0,
    2,
    0,
    1,
    2,
    0,
    0,
    1,
    0,
    0,
    0,
    3,
    3,
    0,
    3,
    1,
    0,
    2,
    0,
    0,
    1,
    0,
    2,
    1,
    1,
    1,
    2,
    0,
    2,
    1,
    0,
    3,
    1,
    3,
    3,
    1,
    0,
    3,
    2,
    1,
    0,
    0,
    0,
    3,
    0,
    3,
    0,
    0,
    2,
    2,
    3,
    1,
    0,
    0,
    2,
    0,
    0,
    1,
    3,
    1,
    0,
    1,
    3,
    1,
    0,
    0,
    0,
    0,
    0,
    0,
    2,
    0,
    3,
    0,
    0,
    2,
    0,
    0,
    0,
    1,
    0,
    0,
    0,
    0,
    0,
    2,
    0,
    0,
    1,
    3,
    1,
    0,
    0,
    1,
    0,
    0,
    0,
    1,
    1,
    0,
    2,
    0,
    1,
    0,
    0,
    3,
    3,
    1,
    1,
    2,
    0,
    0,
    0,
    0,
    3,
    1,
    0,
    0,
    0,
    0,
    0,
    0,
    2,
    1,
    2,
    0,
    3,
    3,
    0,
    0,
    0,
    2,
    0,
    0,
    0,
    1,
    1,
    0,
    0,
    0,
    1,
    3,
    0,
    0,
    0,
    0,
    1,
    0,
    2,
    3,
    0,
    0,
    0,
    1,
    0,
    0,
    3,
    0,
    1,
    3,
    0,
    0,
    0,
    0,
    2,
    3,
    0,
    0,
    3,
    0,
    0,
    0,
    1,
    0,
    0,
    1,
    2,
    3,
    0,
    1,
    1,
    0,
    0,
    0,
    0,
    1,
    3,
    0,
    0,
    0,
    0,
    0,
    1,
    3,
    3,
    0,
    0,
    0,
    0,
    0,
    3,
    2,
    3,
    0,
    1,
    1,
    0,
    3,
    0,
    0,
    2,
    0,
    0,
    1,
    0,
    0,
    1,
    3,
    0,
    1,
    1,
    0,
    2,
    0,
    0,
    2,
    0,
    0,
    1,
    0,
    0,
    2,
    0,
    1,
    0,
    0,
    1,
    3,
    0,
    0,
    0,
    0,
    0,
    3,
    0,
    2,
    2,
    0,
    2,
    0,
    2,
    3,
    0,
    0,
    3,
    1,
    3,
    2,
    3,
    0,
    0,
    3,
    0,
    1,
    0,
    2,
    1,
    0,
    0,
    0,
    3,
    1,
    0,
    2,
    0,
    0,
    2,
    2,
    2,
    2,
    0,
    1,
    0,
    0,
    3,
    1,
    0,
    1,
    0,
    3,
    0,
    2,
    3,
    0,
    2,
    2,
    0,
    0,
    0,
    0,
    0,
    2,
    2,
    0,
    2,
    3,
    3,
    3,
    3,
    0,
    0,
    0,
    0,
    0,
    0,
    0
  ],