{
  "n_eval": 600,
  "elapsed": 187.74548783397768,
  "f1_raw": 0.19482633718308637,
  "acc_raw": 0.245,
  "f1_norm": 0.19482633718308637,
  "acc_norm": 0.245,
  "confusion_matrix_raw": [
    [
      97,
      23,
      15,
      15
    ],
    [
      130,
      24,
      26,
      20
    ],
    [
      96,
      12,
      22,
      20
    ],
    [
      62,
      22,
      12,
      4
    ]
  ],
  "preds_raw": [
    0,
    1,
    2,
    0,
    0,
    2,
    0,
    0,
    0,
    0,
    0,
    2,
    0,
    0,
    1,
    0,
    0,
    3,
    1,
    0,
    0,
    0,
    0,
    1,
    1,
    0,
    3,
    1,
    0,
    0,
    2,
    0,
    2,
    0,
    1,
    0,
    3,
    0,
    2,
    1,
    0,
    0,
    3,
    0,
    0,
    0,
    0,
    0,
    0,
    0,
    1,
    0,
    2,
    0,
    0,
    0,
    1,
    0,
    2,
    0,
    0,
    0,
    0,
    0,
    0,
    0,
    3,
    1,
    2,
    2,
    3,
    0,
    0,
    1,
    3,
    0,
    2,
    0,
    2,
    0,
    0,
    0,
    0,
    1,
    0,
    0,
    0,
    0,
    0,
    0,
    0,
    1,
    0,
    0,
    2,
    0,
    0,
    3,
    0,
    0,
    3,
    2,
    0,
    0,
    0,
    0,
    2,
    1,
    0,
    2,
    0,
    0,
    0,
    0,
    0,
    0,
    0,
    0,
    0,
    0,
    0,
    1,
    0,
    0,
    0,
    0,
    3,
    0,
    0,
    2,
    0,
    0,
    0,
    2,
    0,
    0,
    0,
    1,
    0,
    0,
    2,
    2,
    3,
    0,
    3,
    0,
    1,
    2,
    2,
    3,
    0,
    0,
    1,
    1,
    0,
    0,
    2,
    0,
    0,
    0,
    0,
    0,
    0,
    3,
    3,
    1,
    0,
    0,
    0,
    0,
    0,
    0,
    2,
    2,
    0,
    1,
    0,
    1,
    0,
    0,
    0,
    0,
    0,
    0,
    0,
    0,
    0,
    0,
    0,
    1,
    0,
    0,
    0,
    0,
    0,
    2,
    1,
    0,
    0,
    1,
    0,
    0,
    3,
    0,
    2,
    0,
    0,
    2,
    0,
    2,
    1,
    0,
    0,
    0,
    0,
    0,
    0,
    2,
    0,
    0,
    0,
    3,
    0,
    0,
    0,
    0,
    1,
    0,
    0,
    0,
    1,
    0,
    0,
    1,
    1,
    0,
    0,
    0,
    0,
    1,
    0,
    1,
    0,
    0,
    0,
    0,
    0,
    3,
    3,
    3,
    0,
    0,
    2,
    2,
    1,
    0,
    0,
    0,
    0,
    0,
    0,
    0,
    0,
    1,
    3,
    0,
    3,
    0,
    3,
    1,
    3,
    0,
    0,
    1,
    0,
    2,
    2,
    0,
    0,
    2,
    0,
    0,
    3,
    0,
    0,
    2,
    0,
    3,
    0,
    0,
    0,
    0,
    0,
    0,
    0,
    1,
    0,
    1,
    0,
    1,
    0,
    3,
    2,
    2,
    0,
    0,
    0,
    0,
    1,
    0,
    1,
    0,
    2,
    0,
    0,
    1,
    3,
    0,
    1,
    3,
    0,
    0,
    0,
    0,
    0,
    0,
    0,
    0,
    0,
    3,
    0,
    2,
    2,
    0,
    0,
    1,
    1,
    0,
    3,
    0,
    0,
    3,
    2,
    0,
    3,
    1,
    2,
    3,
    3,
    0,
    0,
    0,
    0,
    0,
    0,
    0,
    2,
    0,
    0,
    2,
    0,
    0,
    3,
    1,
    0,
    2,
    0,
    0,
    0,
    1,
    0,
    0,
    1,
    2,
    0,
    0,
    0,
    3,
    0,
    1,
    0,
    0,
    1,
    0,
    0,
    0,
    2,
    0,
    0,
    0,
    3,
    0,
    1,
    2,
    0,
    0,
    0,
    0,
    0,
    0,
    0,
    0,
    0,
    0,
    0,
    0,
    2,
    1,
    1,
    3,
    3,
    0,
    0,
    0,
    0,
    2,
    0,
    0,
    0,
    3,
    3,
    0,
    0,
    0,
    0,
    2,
    3,
    0,
    2,
    0,
    2,
    0,
    0,
    1,
    0,
    0,
    2,
    2,
    2,
    2,
    0,
    0,
    1,
    1,
    0,
    0,
    0,
    0,
    1,
    0,
    0,
    0,
    1,
    0,
    0,
    0,
    1,
    0,
    3,
    1,
    3,
    0,
    0,
    0,
    0,
    0,
    0,
    0,
    0,
    1,
    2,
    0,
    0,
    0,
    0,
    1,
    0,
    1,
    3,
    0,
    0,
    0,
    1,
    0,
    3,
    2,
    0,
    0,
    0,
    1,
    1,
    0,
    1,
    0,
    0,
    1,
    0,
    0,
    0,
    0,
    1,
    0,
    0,
    1,
    0,
    0,
    2,
    0,
    0,
    2,
    0,
    0,
    1,
    0,
    2,
    3,
    0,
    1,
    1,
    0,
    1,
    3,
    0,
    0,
    3,
    0,
    2,
    3,
    0,
    2,
    0,
    0,
    2,
    0,
    2,
    3,
    0,
    0,
    0,
    3,
    0,
    0,
    0,
    0,
    0,
    0,
    0,
    0,
    0,
    2,
    1,
    0,
    0,
    0,
    3,
    0,
    0,
    3,
    0,
    0,
    0,
    0,
    2,
    0,
    0,
    0,
    0,
    0,
    3,
    0,
    0,
    1,
    0,
    3,
    0,
    0,
    2,
    0,
    1,
    2,
    0,
    2,
    0,
    0,
    1,
    3,
    2,
    3,
    2,
    0,
    1,
    0,
    0,
    0,
    0,
    0,
    2,
    0,
    0,
    0
  ],