{
  "n_eval": 600,
  "elapsed": 187.7535309639061,
  "f1_raw": 0.21085853461787268,
  "acc_raw": 0.25,
  "f1_norm": 0.21085853461787268,
  "acc_norm": 0.25,
  "confusion_matrix_raw": [
    [
      94,
      12,
      23,
      21
    ],
    [
      133,
      18,
      24,
      25
    ],
    [
      89,
      8,
      28,
      25
    ],
    [
      65,
      11,
      14,
      10
    ]
  ],
  "preds_raw": [
    0,
    0,
    3,
    0,
    0,
    2,
    0,
    0,
    0,
    0,
    0,
    3,
    0,
    0,
    3,
    0,
    0,
    3,
    3,
    0,
    0,
    0,
    0,
    1,
    0,
    0,
    3,
    3,
    0,
    0,
    0,
    0,
    2,
    1,
    2,
    0,
    3,
    0,
    2,
    0,
    0,
    0,
    3,
    0,
    2,
    0,
    0,
    1,
    0,
    0,
    1,
    0,
    3,
    0,
    0,
    0,
    1,
    0,
    2,
    0,
    0,
    0,
    2,
    0,
    0,
    0,
    3,
    1,
    2,
    0,
    3,
    0,
    0,
    1,
    3,
    0,
    2,
    0,
    2,
    0,
    0,
    0,
    0,
    2,
    1,
    0,
    0,
    0,
    0,
    0,
    0,
    1,
    0,
    0,
    3,
    0,
    0,
    3,
    0,
    0,
    3,
    2,
    0,
    0,
    0,
    0,
    0,
    1,
    0,
    2,
    0,
    0,
    0,
    0,
    0,
    0,
    0,
    0,
    0,
    0,
    0,
    3,
    0,
    0,
    0,
    0,
    2,
    0,
    0,
    2,
    0,
    0,
    0,
    2,
    2,
    0,
    3,
    3,
    0,
    0,
    2,
    0,
    2,
    0,
    3,
    0,
    0,
    0,
    2,
    0,
    0,
    0,
    1,
    3,
    0,
    0,
    0,
    1,
    0,
    0,
    0,
    0,
    0,
    3,
    3,
    3,
    0,
    2,
    0,
    0,
    0,
    0,
    2,
    2,
    0,
    1,
    0,
    3,
    0,
    2,
    0,
    0,
    0,
    0,
    0,
    0,
    0,
    0,
    0,
    1,
    0,
    0,
    1,
    0,
    1,
    2,
    1,
    0,
    0,
    1,
    0,
    0,
    2,
    0,
    0,
    0,
    0,
    0,
    0,
    2,
    1,
    0,
    0,
    0,
    0,
    0,
    2,
    2,
    0,
    0,
    0,
    3,
    0,
    0,
    0,
    1,
    1,
    0,
    0,
    0,
    1,
    0,
    0,
    3,
    3,
    0,
    0,
    0,
    0,
    3,
    0,
    1,
    0,
    0,
    3,
    0,
    0,
    0,
    2,
    3,
    0,
    0,
    2,
    2,
    1,
    0,
    0,
    0,
    0,
    0,
    0,
    0,
    0,
    3,
    3,
    0,
    2,
    0,
    2,
    0,
    0,
    0,
    0,
    0,
    0,
    2,
    2,
    3,
    0,
    0,
    0,
    0,
    3,
    0,
    0,
    2,
    0,
    1,
    0,
    0,
    0,
    0,
    0,
    0,
    0,
    3,
    1,
    0,
    0,
    1,
    0,
    3,
    3,
    0,
    0,
    0,
    0,
    0,
    3,
    0,
    0,
    0,
    2,
    0,
    0,
    3,
    3,
    0,
    3,
    3,
    0,
    0,
    0,
    0,
    0,
    0,
    0,
    0,
    0,
    3,
    0,
    3,
    2,
    2,
    0,
    3,
    2,
    0,
    3,
    0,
    0,
    3,
    2,
    2,
    2,
    3,
    1,
    3,
    3,
    0,
    0,
    0,
    0,
    0,
    0,
    0,
    2,
    0,
    2,
    2,
    0,
    0,
    3,
    1,
    0,
    3,
    0,
    0,
    0,
    0,
    2,
    0,
    3,
    2,
    0,
    0,
    0,
    3,
    0,
    0,
    1,
    2,
    3,
    0,
    0,
    0,
    2,
    0,
    2,
    0,
    3,
    0,
    3,
    2,
    0,
    0,
    0,
    0,
    0,
    0,
    0,
    0,
    0,
    0,
    0,
    0,
    0,
    1,
    1,
    2,
    3,
    0,
    0,
    0,
    0,
    2,
    0,
    0,
    0,
    0,
    2,
    0,
    0,
    1,
    3,
    2,
    3,
    0,
    2,
    0,
    2,
    0,
    0,
    3,
    0,
    0,
    2,
    2,
    2,
    2,
    3,
    0,
    1,
    2,
    0,
    0,
    0,
    0,
    0,
    0,
    0,
    3,
    1,
    0,
    0,
    0,
    2,
    0,
    1,
    1,
    3,
    0,
    3,
    0,
    0,
    2,
    0,
    0,
    0,
    1,
    2,
    0,
    0,
    0,
    0,
    0,
    0,
    1,
    3,
    0,
    0,
    0,
    1,
    0,
    3,
    2,
    0,
    0,
    0,
    1,
    0,
    0,
    1,
    3,
    0,
    1,
    0,
    0,
    0,
    0,
    3,
    0,
    0,
    1,
    0,
    2,
    2,
    0,
    0,
    2,
    0,
    0,
    1,
    0,
    2,
    3,
    0,
    2,
    0,
    0,
    1,
    3,
    0,
    0,
    3,
    0,
    2,
    2,
    0,
    2,
    0,
    0,
    2,
    1,
    2,
    3,
    0,
    0,
    0,
    3,
    0,
    0,
    0,
    0,
    0,
    3,
    0,
    0,
    0,
    2,
    3,
    0,
    0,
    0,
    3,
    0,
    0,
    0,
    0,
    0,
    0,
    2,
    2,
    0,
    0,
    0,
    2,
    0,
    3,
    0,
    0,
    3,
    0,
    0,
    0,
    0,
    2,
    0,
    1,
    2,
    0,
    2,
    0,
    0,
    0,
    3,
    2,
    0,
    2,
    2,
    1,
    0,
    0,
    0,
    0,
    0,
    2,
    0,
    0,
    0
  ],