{
  "n_eval": 600,
  "elapsed": 187.86472007806879,
  "f1_raw": 0.18299584413698172,
  "acc_raw": 0.23,
  "f1_norm": 0.18299584413698172,
  "acc_norm": 0.23,
  "confusion_matrix_raw": [
    [
      96,
      13,
      21,
      20
    ],
    [
      132,
      15,
      25,
      28
    ],
    [
      103,
      6,
      18,
      23
    ],
    [
      69,
      13,
      9,
      9
    ]
  ],
  "preds_raw": [
    0,
    0,
    2,
    0,
    0,
    2,
    0,
    0,
    0,
    0,
    0,
    0,
    0,
    0,
    0,
    0,
    0,
    3,
    3,
    0,
    0,
    0,
    0,
    1,
    0,
    0,
    3,
    3,
    0,
    0,
    2,
    0,
    2,
    0,
    2,
    0,
    3,
    0,
    2,
    1,
    0,
    0,
    3,
    0,
    2,
    0,
    0,
    0,
    0,
    0,
    1,
    0,
    3,
    0,
    0,
    0,
    1,
    0,
    2,
    0,
    0,
    0,
    0,
    0,
    0,
    0,
    3,
    1,
    2,
    0,
    3,
    0,
    0,
    0,
    1,
    0,
    2,
    0,
    2,
    0,
    0,
    0,
    0,
    2,
    0,
    1,
    0,
    0,
    0,
    0,
    0,
    1,
    0,
    0,
    2,
    0,
    0,
    3,
    0,
    0,
    3,
    2,
    0,
    0,
    0,
    0,
    2,
    1,
    0,
    2,
    0,
    3,
    0,
    0,
    0,
    0,
    3,
    0,
    0,
    0,
    0,
    3,
    0,
    0,
    0,
    0,
    0,
    0,
    0,
    2,
    0,
    0,
    2,
    2,
    2,
    0,
    3,
    3,
    0,
    0,
    2,
    2,
    3,
    0,
    3,
    0,
    2,
    0,
    2,
    2,
    0,
    0,
    2,
    3,
    0,
    0,
    2,
    1,
    0,
    0,
    0,
    0,
    0,
    3,
    3,
    3,
    0,
    0,
    0,
    0,
    0,
    0,
    0,
    2,
    0,
    1,
    0,
    1,
    1,
    0,
    0,
    0,
    0,
    0,
    0,
    0,
    0,
    0,
    0,
    1,
    0,
    0,
    0,
    0,
    3,
    2,
    1,
    0,
    0,
    1,
    0,
    0,
    3,
    0,
    2,
    0,
    0,
    3,
    0,
    0,
    1,
    0,
    0,
    0,
    0,
    0,
    0,
    2,
    0,
    0,
    0,
    3,
    0,
    0,
    0,
    1,
    1,
    0,
    0,
    0,
    1,
    0,
    0,
    3,
    3,
    0,
    0,
    0,
    0,
    2,
    0,
    1,
    0,
    1,
    3,
    0,
    0,
    3,
    3,
    3,
    0,
    0,
    2,
    2,
    1,
    0,
    0,
    0,
    0,
    0,
    0,
    0,
    0,
    3,
    3,
    0,
    2,
    0,
    3,
    0,
    0,
    0,
    0,
    0,
    0,
    2,
    2,
    3,
    0,
    0,
    0,
    0,
    3,
    0,
    1,
    0,
    0,
    3,
    0,
    0,
    1,
    0,
    0,
    2,
    0,
    1,
    0,
    0,
    0,
    1,
    0,
    3,
    2,
    0,
    1,
    0,
    0,
    0,
    3,
    0,
    1,
    0,
    3,
    0,
    0,
    1,
    3,
    0,
    1,
    3,
    0,
    0,
    0,
    0,
    0,
    0,
    0,
    0,
    0,
    3,
    0,
    2,
    2,
    0,
    0,
    3,
    2,
    0,
    3,
    0,
    0,
    3,
    2,
    2,
    3,
    3,
    2,
    3,
    3,
    0,
    0,
    0,
    0,
    0,
    0,
    0,
    2,
    0,
    0,
    2,
    0,
    0,
    3,
    1,
    0,
    0,
    0,
    0,
    0,
    2,
    0,
    0,
    3,
    2,
    0,
    0,
    0,
    3,
    0,
    0,
    0,
    0,
    3,
    0,
    0,
    0,
    2,
    0,
    2,
    0,
    3,
    0,
    3,
    0,
    0,
    0,
    0,
    0,
    0,
    0,
    0,
    0,
    0,
    0,
    0,
    0,
    0,
    1,
    1,
    3,
    3,
    0,
    0,
    0,
    0,
    2,
    0,
    0,
    0,
    0,
    3,
    0,
    0,
    0,
    0,
    2,
    3,
    0,
    0,
    0,
    1,
    0,
    0,
    1,
    0,
    0,
    2,
    0,
    2,
    2,
    3,
    0,
    1,
    3,
    0,
    0,
    0,
    0,
    0,
    0,
    0,
    0,
    2,
    0,
    0,
    0,
    3,
    0,
    0,
    3,
    3,
    0,
    0,
    0,
    0,
    0,
    0,
    0,
    0,
    3,
    2,
    0,
    0,
    0,
    0,
    0,
    0,
    1,
    3,
    0,
    0,
    0,
    1,
    0,
    3,
    2,
    0,
    0,
    0,
    1,
    0,
    0,
    1,
    0,
    0,
    1,
    0,
    0,
    0,
    0,
    3,
    0,
    0,
    1,
    0,
    0,
    2,
    0,
    0,
    2,
    0,
    0,
    1,
    0,
    2,
    3,
    0,
    3,
    1,
    0,
    1,
    3,
    0,
    0,
    0,
    0,
    2,
    3,
    0,
    2,
    0,
    0,
    0,
    0,
    2,
    3,
    0,
    0,
    0,
    3,
    0,
    0,
    0,
    0,
    0,
    0,
    0,
    0,
    0,
    0,
    3,
    0,
    0,
    0,
    0,
    0,
    0,
    0,
    0,
    0,
    0,
    0,
    2,
    0,
    0,
    0,
    0,
    0,
    3,
    0,
    0,
    3,
    0,
    0,
    0,
    0,
    2,
    0,
    2,
    2,
    0,
    0,
    0,
    0,
    0,
    3,
    2,
    0,
    2,
    2,
    1,
    0,
    0,
    0,
    0,
    0,
    2,
    0,
    0,
    0
  ],