{
  "n_eval": 600,
  "elapsed": 174.4564596900018,
  "f1_raw": 0.21710822662003382,
  "acc_raw": 0.24666666666666667,
  "f1_norm": 0.21710822662003382,
  "acc_norm": 0.24666666666666667,
  "confusion_matrix_raw": [
    [
      75,
      28,
      24,
      23
    ],
    [
      90,
      46,
      22,
      42
    ],
    [
      76,
      31,
      16,
      27
    ],
    [
      60,
      22,
      7,
      11
    ]
  ],
  "preds_raw": [
    0,
    0,
    0,
    0,
    3,
    2,
    2,
    3,
    1,
    1,
    0,
    3,
    0,
    0,
    1,
    0,
    0,
    1,
    1,
    0,
    0,
    0,
    0,
    1,
    0,
    0,
    0,
    1,
    1,
    0,
    2,
    2,
    1,
    0,
    2,
    0,
    3,
    1,
    0,
    0,
    2,
    3,
    3,
    0,
    0,
    0,
    0,
    0,
    0,
    2,
    1,
    0,
    2,
    0,
    0,
    0,
    1,
    0,
    1,
    0,
    0,
    0,
    1,
    1,
    3,
    3,
    3,
    3,
    3,
    2,
    3,
    0,
    3,
    1,
    1,
    0,
    0,
    0,
    0,
    1,
    3,
    2,
    0,
    3,
    1,
    3,
    0,
    0,
    1,
    0,
    0,
    0,
    0,
    0,
    2,
    0,
    0,
    3,
    0,
    0,
    2,
    2,
    0,
    0,
    0,
    0,
    3,
    2,
    3,
    0,
    0,
    3,
    0,
    0,
    0,
    0,
    0,
    1,
    0,
    2,
    0,
    1,
    0,
    2,
    0,
    0,
    0,
    0,
    0,
    2,
    3,
    1,
    3,
    0,
    1,
    0,
    1,
    1,
    1,
    0,
    0,
    1,
    3,
    0,
    1,
    0,
    2,
    0,
    2,
    0,
    0,
    0,
    1,
    1,
    0,
    0,
    2,
    1,
    0,
    0,
    1,
    0,
    1,
    3,
    3,
    1,
    3,
    0,
    0,
    0,
    2,
    0,
    1,
    0,
    1,
    1,
    0,
    2,
    0,
    2,
    0,
    0,
    1,
    1,
    0,
    3,
    0,
    1,
    0,
    1,
    0,
    0,
    0,
    0,
    3,
    0,
    2,
    1,
    1,
    1,
    2,
    0,
    1,
    0,
    3,
    1,
    0,
    3,
    2,
    0,
    1,
    1,
    3,
    0,
    1,
    0,
    0,
    2,
    0,
    0,
    3,
    1,
    0,
    0,
    0,
    1,
    1,
    0,
    0,
    1,
    1,
    0,
    0,
    1,
    1,
    0,
    0,
    0,
    0,
    3,
    3,
    1,
    1,
    1,
    1,
    0,
    0,
    3,
    0,
    1,
    3,
    0,
    1,
    3,
    0,
    0,
    3,
    0,
    0,
    0,
    0,
    0,
    1,
    3,
    2,
    1,
    0,
    0,
    1,
    0,
    0,
    0,
    1,
    0,
    0,
    0,
    2,
    0,
    2,
    0,
    1,
    3,
    0,
    0,
    0,
    0,
    0,
    1,
    0,
    0,
    3,
    1,
    0,
    0,
    0,
    3,
    2,
    0,
    2,
    1,
    3,
    2,
    0,
    1,
    0,
    1,
    3,
    2,
    3,
    0,
    0,
    0,
    2,
    1,
    0,
    3,
    1,
    0,
    3,
    1,
    3,
    0,
    2,
    1,
    0,
    1,
    0,
    0,
    0,
    3,
    0,
    1,
    0,
    0,
    0,
    1,
    0,
    0,
    3,
    0,
    0,
    1,
    3,
    1,
    0,
    1,
    3,
    3,
    1,
    0,
    0,
    0,
    0,
    2,
    2,
    0,
    3,
    0,
    0,
    2,
    1,
    0,
    0,
    1,
    0,
    0,
    0,
    0,
    0,
    2,
    1,
    0,
    1,
    0,
    1,
    0,
    1,
    3,
    0,
    3,
    0,
    1,
    1,
    0,
    0,
    0,
    3,
    0,
    2,
    3,
    3,
    1,
    1,
    2,
    0,
    0,
    2,
    0,
    3,
    0,
    2,
    0,
    0,
    0,
    0,
    0,
    2,
    3,
    0,
    0,
    3,
    3,
    0,
    0,
    1,
    2,
    0,
    1,
    3,
    0,
    3,
    0,
    0,
    2,
    0,
    2,
    0,
    1,
    2,
    1,
    3,
    1,
    2,
    1,
    0,
    0,
    0,
    3,
    0,
    2,
    1,
    0,
    1,
    3,
    3,
    0,
    0,
    0,
    1,
    3,
    0,
    0,
    3,
    1,
    2,
    0,
    1,
    0,
    0,
    1,
    1,
    0,
    0,
    3,
    0,
    0,
    0,
    0,
    2,
    1,
    3,
    1,
    0,
    2,
    0,
    0,
    1,
    3,
    3,
    0,
    1,
    3,
    3,
    3,
    3,
    2,
    3,
    0,
    1,
    1,
    0,
    3,
    0,
    0,
    3,
    0,
    0,
    1,
    2,
    0,
    1,
    3,
    0,
    3,
    3,
    1,
    2,
    0,
    0,
    2,
    1,
    0,
    1,
    0,
    3,
    0,
    0,
    1,
    3,
    0,
    1,
    3,
    0,
    0,
    0,
    0,
    2,
    3,
    0,
    0,
    0,
    0,
    2,
    0,
    2,
    3,
    0,
    0,
    1,
    1,
    0,
    0,
    0,
    0,
    0,
    0,
    0,
    3,
    0,
    2,
    3,
    0,
    0,
    3,
    3,
    1,
    0,
    0,
    0,
    3,
    0,
    0,
    0,
    2,
    0,
    1,
    2,
    0,
    1,
    3,
    0,
    3,
    0,
    3,
    0,
    0,
    3,
    0,
    2,
    2,
    0,
    3,
    0,
    1,
    0,
    2,
    2,
    0,
    0,
    1,
    3,
    3,
    3,
    0,
    0,
    0,
    2,
    0,
    0,
    0
  ],