{
  "n_eval": 600,
  "elapsed": 174.50193575304002,
  "f1_raw": 0.2138076962461286,
  "acc_raw": 0.26,
  "f1_norm": 0.2138076962461286,
  "acc_norm": 0.26,
  "confusion_matrix_raw": [
    [
      89,
      22,
      17,
      22
    ],
    [
      101,
      47,
      17,
      35
    ],
    [
      77,
      33,
      16,
      24
    ],
    [
      64,
      26,
      6,
      4
    ]
  ],
  "preds_raw": [
    0,
    0,
    1,
    3,
    3,
    2,
    2,
    3,
    0,
    0,
    0,
    3,
    0,
    3,
    0,
    0,
    0,
    1,
    1,
    0,
    0,
    1,
    0,
    1,
    0,
    1,
    0,
    0,
    0,
    0,
    2,
    2,
    0,
    0,
    0,
    1,
    3,
    2,
    3,
    0,
    2,
    3,
    3,
    0,
    0,
    0,
    0,
    1,
    3,
    0,
    0,
    0,
    0,
    1,
    0,
    0,
    1,
    0,
    1,
    0,
    0,
    0,
    0,
    1,
    1,
    3,
    3,
    3,
    3,
    2,
    3,
    0,
    2,
    0,
    1,
    0,
    0,
    0,
    0,
    3,
    1,
    2,
    0,
    3,
    1,
    0,
    1,
    1,
    1,
    2,
    0,
    0,
    0,
    0,
    2,
    0,
    1,
    1,
    0,
    0,
    2,
    2,
    0,
    0,
    0,
    0,
    3,
    2,
    0,
    0,
    0,
    3,
    0,
    0,
    0,
    0,
    0,
    0,
    0,
    2,
    1,
    1,
    0,
    0,
    0,
    1,
    0,
    0,
    0,
    0,
    3,
    1,
    0,
    0,
    0,
    0,
    1,
    1,
    1,
    0,
    3,
    1,
    1,
    0,
    0,
    1,
    3,
    0,
    3,
    0,
    0,
    1,
    1,
    1,
    0,
    0,
    2,
    1,
    0,
    1,
    1,
    0,
    1,
    3,
    3,
    1,
    3,
    0,
    0,
    0,
    2,
    0,
    1,
    0,
    1,
    1,
    0,
    2,
    0,
    3,
    0,
    0,
    0,
    1,
    0,
    3,
    0,
    1,
    0,
    1,
    0,
    0,
    0,
    0,
    0,
    0,
    2,
    1,
    1,
    0,
    0,
    0,
    1,
    0,
    3,
    0,
    0,
    0,
    0,
    0,
    1,
    1,
    3,
    0,
    0,
    0,
    1,
    2,
    0,
    0,
    0,
    1,
    0,
    1,
    0,
    1,
    1,
    0,
    0,
    0,
    1,
    0,
    0,
    1,
    1,
    0,
    3,
    0,
    0,
    3,
    3,
    1,
    0,
    1,
    1,
    0,
    0,
    3,
    0,
    1,
    0,
    0,
    2,
    3,
    0,
    3,
    3,
    0,
    0,
    1,
    0,
    0,
    0,
    0,
    0,
    1,
    0,
    0,
    1,
    0,
    2,
    0,
    3,
    0,
    2,
    0,
    2,
    0,
    0,
    0,
    1,
    3,
    0,
    0,
    0,
    2,
    0,
    1,
    2,
    0,
    0,
    1,
    0,
    0,
    0,
    3,
    2,
    2,
    0,
    1,
    0,
    0,
    0,
    0,
    3,
    0,
    0,
    2,
    1,
    0,
    0,
    0,
    2,
    1,
    0,
    3,
    1,
    3,
    3,
    1,
    0,
    0,
    0,
    0,
    0,
    1,
    0,
    3,
    0,
    3,
    0,
    0,
    0,
    2,
    0,
    1,
    0,
    0,
    3,
    0,
    0,
    1,
    3,
    1,
    0,
    1,
    0,
    1,
    0,
    0,
    0,
    0,
    0,
    0,
    0,
    0,
    3,
    0,
    0,
    2,
    0,
    0,
    3,
    0,
    0,
    0,
    0,
    0,
    0,
    3,
    1,
    0,
    1,
    0,
    1,
    0,
    0,
    1,
    0,
    0,
    3,
    1,
    1,
    0,
    2,
    0,
    2,
    0,
    3,
    0,
    3,
    1,
    1,
    0,
    3,
    0,
    2,
    0,
    3,
    3,
    0,
    0,
    0,
    0,
    0,
    0,
    0,
    1,
    2,
    0,
    3,
    3,
    0,
    0,
    0,
    2,
    0,
    0,
    1,
    2,
    1,
    0,
    0,
    2,
    0,
    0,
    0,
    1,
    0,
    0,
    0,
    1,
    3,
    1,
    0,
    0,
    0,
    1,
    0,
    2,
    1,
    0,
    1,
    1,
    0,
    1,
    0,
    0,
    1,
    3,
    0,
    0,
    3,
    0,
    0,
    0,
    1,
    0,
    0,
    1,
    2,
    3,
    0,
    1,
    0,
    0,
    0,
    0,
    0,
    1,
    0,
    1,
    0,
    0,
    0,
    1,
    1,
    3,
    3,
    0,
    0,
    0,
    1,
    3,
    3,
    2,
    0,
    0,
    1,
    1,
    0,
    3,
    1,
    0,
    0,
    0,
    0,
    1,
    2,
    0,
    1,
    3,
    0,
    3,
    1,
    0,
    2,
    0,
    0,
    2,
    1,
    0,
    1,
    0,
    0,
    0,
    0,
    1,
    3,
    2,
    1,
    3,
    1,
    0,
    3,
    0,
    0,
    3,
    0,
    0,
    1,
    0,
    2,
    3,
    2,
    3,
    1,
    0,
    3,
    1,
    0,
    0,
    0,
    0,
    2,
    0,
    0,
    3,
    0,
    2,
    3,
    0,
    0,
    0,
    2,
    1,
    0,
    2,
    0,
    0,
    0,
    0,
    0,
    2,
    0,
    1,
    1,
    0,
    3,
    1,
    0,
    1,
    0,
    3,
    0,
    0,
    1,
    0,
    2,
    0,
    0,
    0,
    0,
    1,
    0,
    2,
    2,
    0,
    0,
    3,
    3,
    3,
    3,
    0,
    0,
    0,
    0,
    0,
    0,
    0
  ],