{
  "n_eval": 600,
  "elapsed": 187.69943365699146,
  "f1_raw": 0.19328676129746086,
  "acc_raw": 0.22666666666666666,
  "f1_norm": 0.19328676129746086,
  "acc_norm": 0.22666666666666666,
  "confusion_matrix_raw": [
    [
      85,
      23,
      22,
      20
    ],
    [
      131,
      18,
      25,
      26
    ],
    [
      94,
      12,
      22,
      22
    ],
    [
      64,
      13,
      12,
      11
    ]
  ],
  "preds_raw": [
    0,
    1,
    3,
    0,
    0,
    2,
    0,
    0,
    2,
    0,
    0,
    3,
    0,
    0,
    1,
    0,
    0,
    2,
    3,
    0,
    0,
    0,
    0,
    1,
    0,
    0,
    3,
    1,
    0,
    0,
    0,
    0,
    2,
    1,
    2,
    0,
    3,
    0,
    2,
    0,
    0,
    0,
    3,
    0,
    0,
    0,
    0,
    1,
    0,
    0,
    1,
    0,
    3,
    0,
    0,
    0,
    1,
    0,
    3,
    0,
    1,
    0,
    2,
    1,
    0,
    0,
    3,
    1,
    2,
    0,
    3,
    0,
    0,
    1,
    1,
    0,
    2,
    0,
    2,
    0,
    0,
    0,
    0,
    2,
    0,
    0,
    0,
    0,
    0,
    0,
    0,
    1,
    0,
    0,
    1,
    1,
    0,
    3,
    0,
    0,
    3,
    3,
    0,
    0,
    0,
    0,
    2,
    3,
    0,
    2,
    0,
    0,
    0,
    0,
    0,
    0,
    1,
    0,
    0,
    0,
    0,
    2,
    0,
    3,
    0,
    0,
    0,
    0,
    0,
    0,
    0,
    1,
    0,
    2,
    0,
    0,
    3,
    1,
    0,
    0,
    0,
    2,
    3,
    0,
    3,
    0,
    1,
    2,
    2,
    2,
    0,
    0,
    2,
    3,
    0,
    0,
    2,
    0,
    0,
    0,
    0,
    0,
    0,
    3,
    1,
    1,
    0,
    0,
    0,
    0,
    0,
    0,
    2,
    2,
    3,
    1,
    0,
    1,
    0,
    0,
    0,
    2,
    0,
    0,
    2,
    0,
    0,
    0,
    0,
    1,
    2,
    2,
    1,
    0,
    1,
    2,
    1,
    0,
    0,
    0,
    0,
    0,
    3,
    0,
    0,
    0,
    0,
    3,
    0,
    0,
    1,
    0,
    0,
    0,
    0,
    0,
    0,
    2,
    0,
    0,
    0,
    3,
    0,
    0,
    0,
    1,
    1,
    0,
    0,
    0,
    1,
    0,
    0,
    3,
    3,
    0,
    0,
    0,
    0,
    2,
    0,
    1,
    0,
    1,
    0,
    0,
    2,
    3,
    2,
    3,
    0,
    0,
    2,
    1,
    0,
    0,
    0,
    0,
    0,
    0,
    0,
    0,
    0,
    1,
    3,
    0,
    2,
    0,
    3,
    0,
    0,
    0,
    0,
    1,
    0,
    2,
    2,
    1,
    2,
    0,
    3,
    0,
    0,
    0,
    1,
    2,
    0,
    3,
    0,
    0,
    0,
    0,
    0,
    0,
    0,
    3,
    0,
    0,
    0,
    1,
    3,
    3,
    1,
    2,
    1,
    0,
    0,
    0,
    3,
    0,
    1,
    0,
    2,
    0,
    0,
    1,
    3,
    0,
    0,
    2,
    0,
    0,
    0,
    0,
    0,
    0,
    0,
    2,
    0,
    3,
    2,
    2,
    3,
    0,
    0,
    3,
    3,
    2,
    3,
    0,
    0,
    3,
    2,
    2,
    3,
    3,
    2,
    1,
    3,
    0,
    0,
    0,
    0,
    0,
    0,
    0,
    2,
    0,
    1,
    2,
    0,
    0,
    3,
    0,
    0,
    3,
    0,
    0,
    0,
    1,
    0,
    0,
    1,
    2,
    0,
    0,
    0,
    3,
    0,
    3,
    1,
    0,
    3,
    0,
    0,
    0,
    0,
    0,
    0,
    0,
    3,
    0,
    3,
    2,
    0,
    0,
    0,
    0,
    0,
    0,
    0,
    0,
    0,
    0,
    0,
    0,
    0,
    1,
    0,
    3,
    3,
    0,
    0,
    0,
    0,
    2,
    0,
    0,
    0,
    0,
    3,
    0,
    0,
    0,
    0,
    0,
    0,
    0,
    2,
    0,
    2,
    0,
    0,
    3,
    0,
    0,
    2,
    2,
    2,
    2,
    3,
    0,
    1,
    3,
    0,
    0,
    0,
    0,
    0,
    0,
    2,
    0,
    1,
    0,
    0,
    0,
    2,
    0,
    1,
    1,
    3,
    0,
    1,
    0,
    0,
    2,
    0,
    0,
    0,
    1,
    2,
    0,
    0,
    0,
    0,
    0,
    0,
    0,
    3,
    0,
    0,
    0,
    1,
    2,
    3,
    2,
    0,
    0,
    0,
    1,
    0,
    0,
    1,
    3,
    0,
    0,
    0,
    0,
    0,
    0,
    3,
    0,
    0,
    1,
    2,
    2,
    2,
    0,
    0,
    2,
    0,
    0,
    3,
    0,
    2,
    3,
    0,
    3,
    0,
    0,
    1,
    3,
    0,
    0,
    0,
    0,
    2,
    3,
    0,
    2,
    0,
    0,
    3,
    0,
    0,
    3,
    0,
    0,
    0,
    3,
    0,
    0,
    0,
    1,
    0,
    3,
    0,
    0,
    0,
    2,
    3,
    0,
    0,
    0,
    3,
    0,
    0,
    0,
    0,
    0,
    0,
    3,
    2,
    0,
    0,
    0,
    2,
    0,
    3,
    0,
    0,
    3,
    0,
    0,
    0,
    0,
    2,
    0,
    1,
    2,
    0,
    3,
    0,
    0,
    0,
    1,
    2,
    0,
    2,
    2,
    1,
    0,
    0,
    0,
    0,
    0,
    2,
    1,
    0,
    0
  ],