{
  "n_eval": 600,
  "elapsed": 187.6630261859391,
  "f1_raw": 0.18043613971980876,
  "acc_raw": 0.22666666666666666,
  "f1_norm": 0.18043613971980876,
  "acc_norm": 0.22666666666666666,
  "confusion_matrix_raw": [
    [
      94,
      17,
      23,
      16
    ],
    [
      135,
      15,
      23,
      27
    ],
    [
      104,
      6,
      19,
      21
    ],
    [
      69,
      12,
      11,
      8
    ]
  ],
  "preds_raw": [
    0,
    0,
    2,
    0,
    0,
    2,
    0,
    0,
    0,
    0,
    0,
    0,
    0,
    0,
    1,
    0,
    0,
    3,
    3,
    0,
    0,
    0,
    0,
    1,
    0,
    0,
    0,
    1,
    0,
    0,
    2,
    0,
    0,
    0,
    2,
    0,
    3,
    0,
    2,
    0,
    0,
    0,
    3,
    0,
    2,
    0,
    0,
    0,
    0,
    0,
    1,
    0,
    3,
    0,
    0,
    0,
    1,
    0,
    2,
    0,
    0,
    0,
    0,
    1,
    0,
    0,
    3,
    1,
    2,
    0,
    3,
    0,
    3,
    0,
    1,
    2,
    2,
    0,
    2,
    0,
    0,
    0,
    0,
    2,
    1,
    1,
    0,
    0,
    0,
    0,
    0,
    1,
    0,
    0,
    2,
    0,
    0,
    3,
    0,
    0,
    2,
    2,
    0,
    0,
    0,
    0,
    2,
    1,
    0,
    2,
    0,
    0,
    0,
    0,
    0,
    0,
    0,
    0,
    0,
    2,
    0,
    1,
    0,
    3,
    0,
    0,
    0,
    0,
    3,
    2,
    0,
    0,
    0,
    2,
    2,
    0,
    3,
    3,
    0,
    0,
    0,
    2,
    3,
    0,
    3,
    0,
    2,
    0,
    2,
    0,
    0,
    0,
    2,
    3,
    0,
    0,
    0,
    1,
    0,
    0,
    0,
    0,
    0,
    3,
    3,
    3,
    2,
    0,
    0,
    0,
    0,
    0,
    0,
    2,
    0,
    1,
    0,
    1,
    0,
    0,
    0,
    0,
    0,
    0,
    0,
    0,
    0,
    0,
    0,
    1,
    0,
    2,
    0,
    0,
    0,
    2,
    1,
    0,
    0,
    1,
    0,
    0,
    3,
    0,
    2,
    0,
    0,
    0,
    0,
    0,
    1,
    0,
    0,
    0,
    0,
    0,
    0,
    2,
    0,
    0,
    0,
    3,
    0,
    0,
    0,
    1,
    1,
    0,
    0,
    0,
    1,
    0,
    0,
    3,
    1,
    0,
    0,
    0,
    0,
    2,
    0,
    1,
    0,
    1,
    3,
    0,
    2,
    3,
    0,
    3,
    0,
    0,
    2,
    2,
    1,
    0,
    0,
    0,
    0,
    0,
    0,
    0,
    0,
    3,
    3,
    0,
    2,
    0,
    3,
    0,
    0,
    0,
    0,
    0,
    0,
    2,
    2,
    3,
    0,
    0,
    0,
    0,
    3,
    0,
    1,
    0,
    0,
    3,
    0,
    0,
    1,
    0,
    0,
    0,
    0,
    1,
    0,
    0,
    3,
    1,
    0,
    3,
    0,
    0,
    1,
    0,
    0,
    0,
    3,
    0,
    0,
    0,
    2,
    0,
    0,
    1,
    3,
    0,
    1,
    1,
    0,
    0,
    0,
    0,
    0,
    0,
    0,
    0,
    0,
    3,
    0,
    2,
    2,
    0,
    0,
    3,
    2,
    0,
    3,
    0,
    0,
    3,
    2,
    2,
    3,
    3,
    2,
    3,
    0,
    0,
    0,
    0,
    0,
    0,
    0,
    0,
    2,
    0,
    0,
    2,
    0,
    0,
    3,
    1,
    0,
    0,
    0,
    0,
    0,
    2,
    0,
    0,
    2,
    2,
    0,
    0,
    0,
    3,
    0,
    0,
    0,
    0,
    3,
    0,
    0,
    0,
    2,
    0,
    0,
    0,
    3,
    0,
    3,
    2,
    0,
    0,
    0,
    0,
    0,
    0,
    0,
    0,
    0,
    0,
    0,
    0,
    0,
    1,
    1,
    3,
    3,
    0,
    0,
    0,
    0,
    2,
    0,
    0,
    0,
    0,
    2,
    0,
    0,
    0,
    0,
    2,
    3,
    0,
    0,
    0,
    1,
    0,
    0,
    3,
    0,
    2,
    2,
    0,
    2,
    2,
    3,
    0,
    1,
    3,
    0,
    0,
    0,
    0,
    0,
    0,
    0,
    0,
    2,
    0,
    0,
    0,
    3,
    0,
    0,
    3,
    3,
    0,
    0,
    0,
    0,
    2,
    0,
    0,
    0,
    3,
    2,
    0,
    0,
    0,
    0,
    0,
    0,
    1,
    3,
    0,
    0,
    0,
    1,
    2,
    3,
    2,
    0,
    0,
    0,
    1,
    0,
    0,
    1,
    0,
    0,
    1,
    0,
    0,
    0,
    0,
    3,
    0,
    0,
    1,
    0,
    0,
    2,
    0,
    0,
    2,
    0,
    0,
    1,
    0,
    2,
    3,
    0,
    3,
    1,
    0,
    1,
    3,
    0,
    0,
    0,
    0,
    0,
    3,
    0,
    2,
    0,
    0,
    0,
    0,
    2,
    3,
    0,
    0,
    0,
    3,
    0,
    0,
    0,
    0,
    0,
    0,
    0,
    0,
    0,
    0,
    3,
    0,
    0,
    0,
    3,
    0,
    0,
    3,
    0,
    0,
    0,
    0,
    2,
    0,
    0,
    0,
    0,
    0,
    3,
    0,
    0,
    3,
    0,
    0,
    0,
    0,
    2,
    0,
    2,
    2,
    0,
    0,
    0,
    0,
    0,
    3,
    2,
    0,
    2,
    0,
    1,
    0,
    0,
    0,
    0,
    0,
    2,
    0,
    0,
    0
  ],