{
  "n_eval": 600,
  "elapsed": 187.59278748300858,
  "f1_raw": 0.20957116954064653,
  "acc_raw": 0.25166666666666665,
  "f1_norm": 0.20957116954064653,
  "acc_norm": 0.25166666666666665,
  "confusion_matrix_raw": [
    [
      96,
      11,
      24,
      19
    ],
    [
      131,
      19,
      27,
      23
    ],
    [
      92,
      8,
      27,
      23
    ],
    [
      63,
      14,
      14,
      9
    ]
  ],
  "preds_raw": [
    0,
    0,
    3,
    0,
    0,
    2,
    0,
    0,
    0,
    0,
    0,
    3,
    0,
    0,
    3,
    0,
    0,
    2,
    3,
    0,
    0,
    0,
    0,
    1,
    0,
    0,
    3,
    1,
    0,
    0,
    0,
    0,
    2,
    1,
    2,
    0,
    3,
    0,
    2,
    0,
    0,
    0,
    3,
    0,
    0,
    0,
    0,
    1,
    0,
    0,
    1,
    0,
    3,
    0,
    0,
    0,
    1,
    0,
    2,
    0,
    0,
    0,
    0,
    0,
    0,
    3,
    3,
    1,
    2,
    0,
    3,
    0,
    0,
    1,
    3,
    0,
    2,
    0,
    0,
    0,
    0,
    0,
    0,
    2,
    1,
    0,
    0,
    0,
    0,
    0,
    0,
    1,
    0,
    0,
    3,
    0,
    0,
    3,
    0,
    0,
    3,
    2,
    0,
    0,
    0,
    0,
    0,
    1,
    0,
    2,
    0,
    0,
    0,
    0,
    0,
    0,
    0,
    0,
    0,
    0,
    0,
    3,
    0,
    0,
    0,
    0,
    0,
    0,
    3,
    2,
    0,
    1,
    0,
    2,
    2,
    0,
    2,
    3,
    0,
    0,
    0,
    2,
    2,
    0,
    3,
    0,
    0,
    1,
    2,
    0,
    0,
    0,
    1,
    2,
    0,
    0,
    0,
    1,
    0,
    0,
    0,
    0,
    0,
    3,
    3,
    3,
    0,
    0,
    0,
    0,
    0,
    0,
    2,
    2,
    0,
    1,
    0,
    3,
    0,
    2,
    0,
    0,
    0,
    3,
    0,
    0,
    0,
    0,
    0,
    1,
    0,
    0,
    1,
    0,
    1,
    2,
    1,
    0,
    0,
    1,
    0,
    0,
    2,
    0,
    2,
    0,
    0,
    0,
    0,
    2,
    1,
    0,
    0,
    0,
    0,
    0,
    0,
    2,
    0,
    0,
    0,
    3,
    0,
    0,
    0,
    1,
    1,
    0,
    0,
    0,
    1,
    0,
    0,
    3,
    3,
    0,
    0,
    0,
    0,
    2,
    0,
    1,
    0,
    0,
    3,
    0,
    2,
    3,
    2,
    3,
    0,
    0,
    2,
    2,
    1,
    0,
    0,
    0,
    0,
    0,
    1,
    0,
    0,
    3,
    3,
    0,
    2,
    0,
    2,
    0,
    0,
    0,
    0,
    1,
    0,
    2,
    2,
    3,
    0,
    2,
    0,
    0,
    3,
    0,
    0,
    2,
    0,
    1,
    0,
    0,
    1,
    0,
    0,
    0,
    0,
    3,
    1,
    0,
    0,
    1,
    3,
    3,
    0,
    0,
    0,
    0,
    0,
    0,
    3,
    0,
    1,
    0,
    2,
    0,
    0,
    3,
    1,
    0,
    3,
    3,
    0,
    0,
    0,
    0,
    0,
    0,
    0,
    0,
    0,
    3,
    0,
    0,
    2,
    2,
    0,
    2,
    2,
    0,
    3,
    0,
    0,
    3,
    2,
    2,
    3,
    3,
    2,
    3,
    3,
    0,
    0,
    0,
    0,
    0,
    0,
    0,
    2,
    0,
    2,
    2,
    0,
    0,
    3,
    1,
    0,
    3,
    0,
    0,
    0,
    0,
    2,
    0,
    2,
    2,
    0,
    0,
    0,
    3,
    0,
    0,
    1,
    0,
    3,
    0,
    0,
    0,
    2,
    0,
    2,
    0,
    3,
    0,
    3,
    2,
    0,
    0,
    0,
    0,
    0,
    0,
    0,
    0,
    0,
    0,
    0,
    0,
    0,
    1,
    1,
    2,
    3,
    0,
    0,
    0,
    0,
    2,
    0,
    0,
    0,
    0,
    3,
    0,
    0,
    0,
    3,
    2,
    3,
    0,
    2,
    0,
    2,
    0,
    0,
    3,
    0,
    0,
    2,
    2,
    2,
    2,
    3,
    0,
    1,
    2,
    0,
    0,
    0,
    0,
    0,
    2,
    0,
    1,
    1,
    0,
    0,
    0,
    2,
    0,
    0,
    1,
    3,
    0,
    0,
    0,
    0,
    2,
    0,
    0,
    0,
    3,
    2,
    0,
    0,
    0,
    0,
    0,
    0,
    0,
    3,
    0,
    0,
    0,
    1,
    0,
    3,
    2,
    0,
    0,
    0,
    1,
    0,
    0,
    1,
    3,
    0,
    1,
    0,
    0,
    0,
    0,
    2,
    0,
    0,
    1,
    0,
    0,
    2,
    0,
    0,
    2,
    0,
    0,
    1,
    0,
    2,
    3,
    0,
    2,
    0,
    0,
    1,
    3,
    0,
    0,
    3,
    0,
    2,
    2,
    0,
    2,
    0,
    0,
    2,
    0,
    2,
    0,
    0,
    0,
    0,
    3,
    0,
    0,
    0,
    0,
    0,
    0,
    0,
    0,
    0,
    2,
    3,
    0,
    0,
    0,
    3,
    0,
    0,
    0,
    0,
    0,
    0,
    2,
    2,
    0,
    0,
    0,
    2,
    0,
    3,
    0,
    0,
    3,
    0,
    0,
    0,
    0,
    2,
    0,
    2,
    2,
    0,
    2,
    0,
    0,
    0,
    3,
    2,
    0,
    2,
    2,
    1,
    0,
    0,
    0,
    0,
    0,
    2,
    1,
    0,
    0
  ],