{
  "n_eval": 600,
  "elapsed": 187.76395677600522,
  "f1_raw": 0.1812759646456044,
  "acc_raw": 0.22333333333333333,
  "f1_norm": 0.1812759646456044,
  "acc_norm": 0.22333333333333333,
  "confusion_matrix_raw": [
    [
      89,
      22,
      20,
      19
    ],
    [
      132,
      18,
      27,
      23
    ],
    [
      97,
      8,
      20,
      25
    ],
    [
      60,
      17,
      16,
      7
    ]
  ],
  "preds_raw": [
    0,
    0,
    2,
    0,
    0,
    2,
    0,
    0,
    0,
    0,
    0,
    2,
    0,
    0,
    0,
    0,
    0,
    3,
    1,
    0,
    0,
    0,
    0,
    1,
    0,
    0,
    3,
    0,
    0,
    0,
    2,
    0,
    2,
    0,
    2,
    0,
    3,
    0,
    2,
    1,
    0,
    0,
    3,
    0,
    0,
    0,
    0,
    1,
    0,
    0,
    1,
    0,
    2,
    0,
    0,
    0,
    1,
    0,
    1,
    0,
    1,
    0,
    2,
    0,
    0,
    0,
    3,
    1,
    2,
    2,
    3,
    0,
    0,
    1,
    3,
    0,
    2,
    0,
    2,
    0,
    0,
    0,
    0,
    2,
    2,
    0,
    0,
    0,
    0,
    0,
    0,
    1,
    0,
    0,
    2,
    2,
    0,
    3,
    0,
    0,
    3,
    3,
    0,
    0,
    0,
    0,
    2,
    1,
    0,
    2,
    0,
    0,
    0,
    0,
    0,
    0,
    0,
    0,
    0,
    0,
    0,
    3,
    0,
    0,
    0,
    0,
    0,
    0,
    0,
    2,
    0,
    0,
    0,
    2,
    0,
    0,
    3,
    3,
    0,
    0,
    3,
    2,
    2,
    0,
    3,
    1,
    1,
    2,
    2,
    0,
    0,
    0,
    1,
    1,
    0,
    0,
    2,
    0,
    0,
    0,
    1,
    0,
    0,
    3,
    3,
    1,
    2,
    0,
    0,
    0,
    0,
    0,
    0,
    2,
    0,
    1,
    0,
    1,
    0,
    0,
    0,
    0,
    0,
    0,
    0,
    0,
    0,
    0,
    0,
    1,
    2,
    2,
    1,
    0,
    1,
    2,
    1,
    0,
    0,
    1,
    0,
    0,
    3,
    0,
    2,
    0,
    0,
    0,
    0,
    1,
    1,
    0,
    0,
    0,
    0,
    0,
    2,
    2,
    0,
    0,
    0,
    3,
    0,
    0,
    1,
    0,
    1,
    0,
    0,
    0,
    1,
    0,
    0,
    3,
    1,
    0,
    0,
    0,
    0,
    3,
    0,
    1,
    0,
    1,
    0,
    0,
    0,
    0,
    0,
    3,
    0,
    0,
    2,
    3,
    1,
    0,
    0,
    0,
    0,
    2,
    0,
    0,
    0,
    3,
    3,
    0,
    3,
    0,
    3,
    2,
    0,
    0,
    0,
    1,
    0,
    2,
    2,
    2,
    0,
    2,
    0,
    0,
    3,
    0,
    1,
    2,
    0,
    3,
    0,
    0,
    2,
    0,
    0,
    0,
    0,
    3,
    0,
    0,
    0,
    1,
    0,
    3,
    2,
    2,
    1,
    0,
    0,
    0,
    3,
    0,
    1,
    2,
    3,
    0,
    0,
    1,
    3,
    0,
    0,
    3,
    0,
    0,
    0,
    0,
    0,
    0,
    0,
    0,
    0,
    3,
    0,
    2,
    2,
    2,
    1,
    3,
    1,
    0,
    3,
    0,
    0,
    3,
    2,
    2,
    3,
    3,
    2,
    3,
    3,
    0,
    0,
    0,
    0,
    0,
    0,
    0,
    2,
    0,
    2,
    2,
    0,
    0,
    3,
    0,
    0,
    2,
    0,
    0,
    0,
    1,
    0,
    0,
    1,
    3,
    0,
    0,
    0,
    3,
    0,
    1,
    1,
    0,
    3,
    0,
    0,
    0,
    0,
    0,
    0,
    2,
    1,
    0,
    3,
    2,
    0,
    0,
    0,
    0,
    0,
    0,
    0,
    0,
    0,
    0,
    0,
    0,
    2,
    1,
    0,
    3,
    3,
    0,
    0,
    0,
    0,
    2,
    0,
    0,
    0,
    3,
    3,
    0,
    0,
    0,
    0,
    2,
    3,
    0,
    2,
    0,
    2,
    0,
    0,
    1,
    0,
    0,
    2,
    0,
    2,
    2,
    0,
    0,
    1,
    3,
    0,
    0,
    0,
    0,
    0,
    0,
    0,
    0,
    1,
    0,
    0,
    0,
    3,
    0,
    1,
    1,
    3,
    0,
    0,
    0,
    0,
    0,
    0,
    0,
    0,
    3,
    2,
    0,
    0,
    0,
    0,
    0,
    0,
    1,
    3,
    0,
    0,
    0,
    1,
    0,
    3,
    2,
    0,
    0,
    0,
    1,
    0,
    3,
    1,
    3,
    0,
    0,
    0,
    0,
    0,
    1,
    1,
    0,
    0,
    1,
    2,
    0,
    2,
    0,
    0,
    2,
    0,
    0,
    1,
    0,
    2,
    3,
    0,
    3,
    0,
    0,
    1,
    3,
    0,
    0,
    3,
    0,
    0,
    3,
    0,
    2,
    0,
    0,
    2,
    0,
    2,
    3,
    0,
    0,
    0,
    3,
    0,
    0,
    0,
    0,
    0,
    0,
    0,
    0,
    0,
    2,
    3,
    0,
    1,
    0,
    0,
    0,
    0,
    0,
    0,
    0,
    0,
    0,
    2,
    0,
    0,
    0,
    0,
    0,
    3,
    0,
    0,
    3,
    0,
    3,
    0,
    0,
    2,
    0,
    1,
    2,
    0,
    3,
    0,
    0,
    0,
    3,
    2,
    0,
    2,
    2,
    1,
    0,
    0,
    0,
    0,
    0,
    2,
    0,
    0,
    0
  ],