{
  "model": "gemma3-1b",
  "model_name": "unsloth/gemma-3-1b-it",
  "version": "anon",
  "n_total": 600,
  "n_valid": 600,
  "n_invalid": 0,
  "invalid_rate": 0.0,
  "f1_macro": 0.1463602014177311,
  "accuracy": 0.235,
  "confusion_matrix": [
    [
      0,
      0,
      121,
      29
    ],
    [
      1,
      1,
      160,
      38
    ],
    [
      0,
      0,
      118,
      32
    ],
    [
      0,
      0,
      78,
      22
    ]
  ],
  "per_class_f1": {
    "Low": 0.0,
    "Medium": 0.009950248756218905,
    "High": 0.3763955342902711,
    "Critical": 0.19909502262443438
  },
  "fewshot_ids": [
    "b0c5cd5e-7322-41aa-5bfe-71e09c8c40de",
    "aab47bbe-f0ed-6c0e-8b87-af8d57fe6356",
    "077f59e0-1515-8a5e-c5e4-0bf4b9c5d271",
    "9bc656c2-8b95-45a9-aad7-43584c2f1812"
  ],
  "elapsed_s": 786.5426845909096,
  "raw_output_sample": [
    " Critical\n```\n",
    " Critical\n```\n\n",
    " High\n```\n",
    " High\n```\n",
    " High\n```\n"
  ]
}