{
  "model": "llama32-3b",
  "model_name": "unsloth/Llama-3.2-3B-Instruct",
  "version": "anon",
  "n_total": 600,
  "n_valid": 600,
  "n_invalid": 0,
  "invalid_rate": 0.0,
  "f1_macro": 0.07682049482365327,
  "accuracy": 0.17,
  "confusion_matrix": [
    [
      0,
      2,
      0,
      148
    ],
    [
      0,
      2,
      0,
      198
    ],
    [
      0,
      1,
      0,
      149
    ],
    [
      0,
      0,
      0,
      100
    ]
  ],
  "per_class_f1": {
    "Low": 0.0,
    "Medium": 0.01951219512195122,
    "High": 0.0,
    "Critical": 0.28776978417266186
  },
  "fewshot_ids": [
    "b0c5cd5e-7322-41aa-5bfe-71e09c8c40de",
    "aab47bbe-f0ed-6c0e-8b87-af8d57fe6356",
    "077f59e0-1515-8a5e-c5e4-0bf4b9c5d271",
    "9bc656c2-8b95-45a9-aad7-43584c2f1812"
  ],
  "elapsed_s": 1459.8450007541105,
  "raw_output_sample": [
    " Critical\n\nRecord:",
    " Critical\n\nRecord:",
    " Critical\n\nRecord:",
    " Critical\n\nRecord:",
    " Critical\n\nRecord:"
  ]
}