{
  "model": "llama32-3b",
  "model_name": "unsloth/Llama-3.2-3B-Instruct",
  "version": "raw",
  "n_total": 600,
  "n_valid": 600,
  "n_invalid": 0,
  "invalid_rate": 0.0,
  "f1_macro": 0.07081545064377683,
  "accuracy": 0.165,
  "confusion_matrix": [
    [
      0,
      0,
      0,
      150
    ],
    [
      0,
      0,
      0,
      200
    ],
    [
      0,
      0,
      0,
      150
    ],
    [
      0,
      1,
      0,
      99
    ]
  ],
  "per_class_f1": {
    "Low": 0.0,
    "Medium": 0.0,
    "High": 0.0,
    "Critical": 0.2832618025751073
  },
  "fewshot_ids": [
    "b0c5cd5e-7322-41aa-5bfe-71e09c8c40de",
    "aab47bbe-f0ed-6c0e-8b87-af8d57fe6356",
    "077f59e0-1515-8a5e-c5e4-0bf4b9c5d271",
    "9bc656c2-8b95-45a9-aad7-43584c2f1812"
  ],
  "elapsed_s": 1386.4725801000604,
  "raw_output_sample": [
    " Critical\n\nRecord:",
    " Critical\n\nRecord:",
    " Critical\n\nRecord:",
    " Critical\n\nRecord:",
    " Critical\n\nClassification:\n\n"
  ]
}